id,label
0,1
1,3
2,0
3,5
4,0
5,0
6,0
7,1
8,1
9,1
10,4
11,1
12,1
13,0
14,5
15,3
16,0
17,1
18,1
19,3
20,1
21,0
22,3
23,1
24,1
25,1
26,1
27,2
28,1
29,3
30,1
31,3
32,1
33,1
34,1
35,3
36,3
37,1
38,0
39,0
40,1
41,3
42,4
43,3
44,1
45,0
46,3
47,0
48,3
49,0
50,1
51,1
52,0
53,1
54,1
55,1
56,1
57,4
58,3
59,2
60,1
61,0
62,4
63,0
64,1
65,5
66,4
67,0
68,3
69,2
70,1
71,1
72,1
73,1
74,1
75,1
76,0
77,3
78,3
79,0
80,0
81,1
82,1
83,0
84,1
85,4
86,0
87,3
88,3
89,3
90,1
91,0
92,1
93,0
94,0
95,4
96,5
97,1
98,1
99,0
100,0
101,1
102,0
103,0
104,1
105,1
106,0
107,0
108,1
109,0
110,0
111,0
112,0
113,0
114,1
115,1
116,1
117,1
118,1
119,4
120,1
121,1
122,1
123,0
124,3
125,1
126,1
127,0
128,0
129,0
130,1
131,2
132,2
133,3
134,2
135,0
136,3
137,1
138,3
139,1
140,1
141,1
142,5
143,1
144,0
145,1
146,0
147,0
148,1
149,0
150,1
151,0
152,1
153,0
154,3
155,4
156,0
157,1
158,0
159,3
160,3
161,0
162,2
163,0
164,0
165,1
166,2
167,0
168,1
169,4
170,3
171,0
172,2
173,0
174,0
175,4
176,0
177,3
178,5
179,1
180,0
181,5
182,0
183,0
184,4
185,1
186,0
187,1
188,0
189,2
190,3
191,1
192,0
193,0
194,0
195,1
196,0
197,4
198,4
199,0
200,1
201,1
202,2
203,4
204,5
205,0
206,1
207,4
208,0
209,3
210,1
211,1
212,2
213,1
214,1
215,0
216,5
217,2
218,1
219,2
220,4
221,1
222,0
223,2
224,1
225,0
226,2
227,1
228,1
229,1
230,3
231,0
232,1
233,1
234,1
235,1
236,0
237,0
238,0
239,3
240,1
241,0
242,1
243,3
244,0
245,3
246,1
247,1
248,1
249,3
250,1
251,0
252,0
253,1
254,3
255,1
256,0
257,0
258,3
259,0
260,1
261,0
262,0
263,1
264,4
265,3
266,1
267,0
268,1
269,0
270,1
271,2
272,4
273,0
274,4
275,0
276,1
277,1
278,0
279,1
280,1
281,3
282,0
283,3
284,1
285,0
286,1
287,1
288,0
289,1
290,1
291,1
292,4
293,0
294,4
295,0
296,3
297,4
298,0
299,3
300,0
301,1
302,1
303,2
304,2
305,2
306,1
307,0
308,2
309,3
310,1
311,0
312,3
313,0
314,0
315,1
316,1
317,1
318,0
319,3
320,2
321,0
322,4
323,2
324,0
325,0
326,5
327,5
328,5
329,3
330,0
331,3
332,3
333,3
334,3
335,0
336,1
337,0
338,1
339,0
340,0
341,2
342,0
343,0
344,2
345,0
346,0
347,0
348,1
349,0
350,3
351,3
352,4
353,1
354,4
355,0
356,1
357,1
358,1
359,1
360,0
361,4
362,0
363,0
364,1
365,5
366,3
367,0
368,1
369,5
370,0
371,3
372,4
373,5
374,0
375,1
376,0
377,0
378,3
379,4
380,0
381,3
382,2
383,1
384,0
385,3
386,1
387,5
388,1
389,0
390,1
391,0
392,0
393,4
394,5
395,3
396,0
397,3
398,0
399,4
400,3
401,4
402,1
403,1
404,3
405,0
406,0
407,1
408,1
409,1
410,0
411,1
412,0
413,0
414,2
415,4
416,3
417,1
418,1
419,1
420,1
421,3
422,5
423,4
424,3
425,0
426,0
427,1
428,1
429,0
430,1
431,1
432,3
433,4
434,0
435,2
436,4
437,1
438,1
439,0
440,0
441,1
442,4
443,0
444,0
445,1
446,1
447,1
448,2
449,3
450,1
451,0
452,1
453,0
454,0
455,4
456,1
457,4
458,4
459,0
460,3
461,0
462,4
463,1
464,0
465,3
466,3
467,1
468,0
469,0
470,1
471,0
472,5
473,1
474,1
475,4
476,1
477,1
478,2
479,1
480,1
481,1
482,4
483,0
484,4
485,1
486,0
487,1
488,5
489,0
490,0
491,3
492,1
493,0
494,4
495,3
496,0
497,0
498,4
499,2
500,2
501,0
502,3
503,1
504,0
505,0
506,1
507,1
508,0
509,2
510,2
511,0
512,1
513,0
514,1
515,1
516,0
517,4
518,4
519,3
520,0
521,4
522,4
523,1
524,1
525,4
526,1
527,0
528,3
529,0
530,3
531,4
532,0
533,0
534,5
535,0
536,2
537,1
538,1
539,4
540,0
541,1
542,0
543,4
544,1
545,1
546,3
547,3
548,3
549,5
550,1
551,2
552,1
553,0
554,2
555,0
556,1
557,4
558,4
559,3
560,1
561,0
562,3
563,0
564,4
565,0
566,0
567,3
568,0
569,1
570,1
571,0
572,1
573,1
574,0
575,1
576,0
577,1
578,3
579,0
580,1
581,1
582,2
583,3
584,0
585,1
586,2
587,3
588,1
589,1
590,0
591,3
592,4
593,1
594,1
595,1
596,1
597,2
598,1
599,1
600,4
601,1
602,1
603,2
604,3
605,3
606,0
607,0
608,1
609,1
610,1
611,3
612,0
613,1
614,1
615,4
616,1
617,1
618,1
619,1
620,3
621,3
622,0
623,3
624,0
625,0
626,0
627,1
628,1
629,4
630,0
631,1
632,2
633,0
634,1
635,1
636,1
637,1
638,3
639,0
640,4
641,2
642,3
643,3
644,3
645,1
646,1
647,1
648,0
649,2
650,0
651,3
652,1
653,3
654,3
655,5
656,0
657,2
658,0
659,1
660,2
661,1
662,1
663,1
664,0
665,1
666,3
667,0
668,1
669,3
670,4
671,0
672,1
673,0
674,0
675,0
676,0
677,0
678,1
679,1
680,3
681,5
682,1
683,0
684,1
685,1
686,1
687,0
688,0
689,1
690,0
691,4
692,1
693,0
694,2
695,1
696,0
697,1
698,0
699,2
700,0
701,0
702,4
703,3
704,1
705,3
706,1
707,1
708,3
709,0
710,4
711,1
712,3
713,4
714,1
715,0
716,3
717,1
718,3
719,1
720,1
721,3
722,0
723,4
724,0
725,2
726,0
727,1
728,1
729,1
730,4
731,0
732,0
733,4
734,0
735,1
736,2
737,0
738,1
739,1
740,1
741,3
742,1
743,0
744,3
745,0
746,4
747,0
748,1
749,1
750,0
751,1
752,4
753,0
754,3
755,4
756,4
757,1
758,1
759,0
760,0
761,0
762,1
763,1
764,3
765,1
766,0
767,3
768,1
769,0
770,0
771,1
772,4
773,0
774,0
775,1
776,1
777,1
778,3
779,0
780,1
781,3
782,0
783,3
784,2
785,4
786,3
787,0
788,3
789,1
790,3
791,1
792,0
793,0
794,3
795,3
796,1
797,0
798,0
799,1
800,1
801,0
802,1
803,3
804,4
805,0
806,4
807,3
808,1
809,5
810,1
811,1
812,1
813,0
814,1
815,1
816,0
817,5
818,1
819,0
820,3
821,3
822,3
823,1
824,1
825,3
826,1
827,5
828,1
829,0
830,0
831,1
832,1
833,3
834,3
835,3
836,3
837,1
838,1
839,3
840,5
841,0
842,0
843,1
844,0
845,4
846,1
847,0
848,0
849,0
850,1
851,4
852,2
853,3
854,0
855,0
856,1
857,1
858,1
859,0
860,1
861,2
862,0
863,0
864,0
865,0
866,0
867,0
868,3
869,1
870,4
871,1
872,3
873,3
874,2
875,1
876,3
877,0
878,0
879,0
880,1
881,1
882,1
883,0
884,1
885,0
886,2
887,3
888,0
889,3
890,0
891,2
892,2
893,0
894,0
895,3
896,5
897,2
898,0
899,0
900,1
901,1
902,1
903,0
904,3
905,1
906,0
907,1
908,2
909,1
910,0
911,4
912,1
913,1
914,3
915,0
916,4
917,3
918,4
919,3
920,3
921,1
922,0
923,0
924,1
925,1
926,0
927,1
928,1
929,0
930,0
931,0
932,0
933,4
934,0
935,3
936,2
937,1
938,1
939,0
940,1
941,3
942,0
943,0
944,1
945,0
946,0
947,1
948,0
949,0
950,3
951,4
952,1
953,0
954,0
955,0
956,5
957,1
958,0
959,1
960,1
961,1
962,1
963,4
964,3
965,1
966,0
967,0
968,0
969,4
970,4
971,0
972,1
973,1
974,1
975,3
976,1
977,3
978,1
979,3
980,0
981,0
982,0
983,1
984,3
985,1
986,0
987,3
988,4
989,3
990,1
991,3
992,5
993,0
994,1
995,0
996,2
997,1
998,4
999,1
1000,1
1001,0
1002,1
1003,2
1004,0
1005,2
1006,3
1007,3
1008,1
1009,0
1010,4
1011,1
1012,0
1013,2
1014,1
1015,1
1016,2
1017,0
1018,1
1019,1
1020,0
1021,0
1022,1
1023,0
1024,3
1025,1
1026,3
1027,1
1028,3
1029,0
1030,1
1031,1
1032,4
1033,3
1034,5
1035,0
1036,1
1037,0
1038,0
1039,1
1040,1
1041,0
1042,1
1043,0
1044,4
1045,1
1046,3
1047,3
1048,1
1049,0
1050,1
1051,1
1052,3
1053,4
1054,1
1055,1
1056,1
1057,1
1058,1
1059,3
1060,0
1061,1
1062,1
1063,3
1064,0
1065,1
1066,4
1067,1
1068,1
1069,0
1070,1
1071,0
1072,1
1073,1
1074,1
1075,4
1076,1
1077,0
1078,1
1079,0
1080,1
1081,0
1082,4
1083,1
1084,0
1085,0
1086,3
1087,1
1088,2
1089,1
1090,1
1091,0
1092,1
1093,3
1094,1
1095,1
1096,4
1097,0
1098,4
1099,4
1100,1
1101,1
1102,1
1103,1
1104,1
1105,0
1106,1
1107,1
1108,1
1109,0
1110,1
1111,3
1112,0
1113,3
1114,3
1115,2
1116,2
1117,1
1118,2
1119,5
1120,1
1121,1
1122,1
1123,0
1124,3
1125,0
1126,1
1127,4
1128,0
1129,0
1130,0
1131,0
1132,5
1133,3
1134,1
1135,0
1136,0
1137,1
1138,0
1139,5
1140,1
1141,1
1142,1
1143,3
1144,1
1145,0
1146,1
1147,1
1148,4
1149,3
1150,0
1151,1
1152,3
1153,1
1154,1
1155,0
1156,0
1157,3
1158,0
1159,3
1160,1
1161,3
1162,0
1163,0
1164,2
1165,0
1166,1
1167,0
1168,1
1169,3
1170,4
1171,1
1172,0
1173,0
1174,0
1175,1
1176,1
1177,3
1178,0
1179,0
1180,3
1181,0
1182,0
1183,3
1184,1
1185,4
1186,0
1187,1
1188,3
1189,0
1190,2
1191,1
1192,1
1193,0
1194,0
1195,3
1196,1
1197,4
1198,0
1199,1
1200,0
1201,1
1202,1
1203,0
1204,0
1205,3
1206,3
1207,1
1208,1
1209,1
1210,0
1211,0
1212,5
1213,1
1214,4
1215,4
1216,0
1217,4
1218,1
1219,0
1220,1
1221,0
1222,0
1223,0
1224,0
1225,0
1226,1
1227,1
1228,2
1229,0
1230,0
1231,0
1232,1
1233,0
1234,1
1235,1
1236,1
1237,1
1238,0
1239,2
1240,1
1241,4
1242,1
1243,1
1244,0
1245,1
1246,1
1247,4
1248,1
1249,0
1250,0
1251,3
1252,3
1253,1
1254,0
1255,1
1256,0
1257,0
1258,5
1259,0
1260,1
1261,1
1262,4
1263,2
1264,4
1265,3
1266,2
1267,1
1268,1
1269,3
1270,1
1271,4
1272,0
1273,3
1274,1
1275,0
1276,0
1277,1
1278,0
1279,1
1280,0
1281,5
1282,1
1283,3
1284,1
1285,0
1286,4
1287,0
1288,1
1289,1
1290,3
1291,2
1292,1
1293,5
1294,0
1295,1
1296,1
1297,2
1298,0
1299,0
1300,3
1301,1
1302,1
1303,4
1304,0
1305,2
1306,0
1307,0
1308,5
1309,5
1310,0
1311,4
1312,2
1313,0
1314,0
1315,1
1316,0
1317,4
1318,0
1319,4
1320,3
1321,1
1322,1
1323,1
1324,1
1325,0
1326,1
1327,1
1328,3
1329,0
1330,3
1331,0
1332,4
1333,1
1334,1
1335,1
1336,3
1337,4
1338,0
1339,0
1340,4
1341,1
1342,0
1343,4
1344,4
1345,3
1346,4
1347,1
1348,0
1349,3
1350,0
1351,1
1352,1
1353,1
1354,4
1355,3
1356,0
1357,1
1358,1
1359,0
1360,0
1361,3
1362,2
1363,1
1364,3
1365,0
1366,1
1367,4
1368,0
1369,1
1370,3
1371,3
1372,3
1373,1
1374,1
1375,1
1376,3
1377,0
1378,1
1379,1
1380,1
1381,1
1382,3
1383,1
1384,0
1385,0
1386,0
1387,3
1388,1
1389,1
1390,4
1391,1
1392,0
1393,1
1394,3
1395,1
1396,3
1397,4
1398,4
1399,3
1400,3
1401,2
1402,0
1403,1
1404,0
1405,1
1406,0
1407,1
1408,1
1409,3
1410,1
1411,1
1412,1
1413,4
1414,1
1415,1
1416,0
1417,1
1418,1
1419,4
1420,0
1421,1
1422,0
1423,0
1424,3
1425,0
1426,3
1427,1
1428,0
1429,1
1430,1
1431,1
1432,1
1433,1
1434,1
1435,1
1436,3
1437,1
1438,0
1439,4
1440,5
1441,0
1442,1
1443,3
1444,0
1445,1
1446,3
1447,1
1448,3
1449,1
1450,3
1451,0
1452,0
1453,1
1454,0
1455,1
1456,4
1457,0
1458,0
1459,0
1460,0
1461,4
1462,0
1463,1
1464,0
1465,0
1466,2
1467,1
1468,0
1469,1
1470,1
1471,1
1472,1
1473,0
1474,1
1475,1
1476,0
1477,1
1478,1
1479,0
1480,0
1481,0
1482,0
1483,3
1484,2
1485,1
1486,3
1487,1
1488,1
1489,1
1490,1
1491,1
1492,1
1493,1
1494,3
1495,1
1496,0
1497,1
1498,0
1499,0
1500,3
1501,3
1502,0
1503,0
1504,0
1505,3
1506,0
1507,5
1508,0
1509,3
1510,1
1511,0
1512,4
1513,4
1514,0
1515,0
1516,0
1517,2
1518,4
1519,0
1520,1
1521,1
1522,1
1523,1
1524,2
1525,2
1526,1
1527,0
1528,1
1529,1
1530,1
1531,1
1532,2
1533,1
1534,3
1535,1
1536,1
1537,1
1538,0
1539,1
1540,0
1541,0
1542,0
1543,3
1544,1
1545,0
1546,1
1547,1
1548,5
1549,1
1550,1
1551,0
1552,3
1553,3
1554,0
1555,1
1556,0
1557,0
1558,1
1559,0
1560,0
1561,0
1562,1
1563,0
1564,5
1565,3
1566,5
1567,0
1568,1
1569,1
1570,1
1571,0
1572,0
1573,0
1574,2
1575,0
1576,2
1577,1
1578,2
1579,3
1580,1
1581,3
1582,0
1583,3
1584,5
1585,0
1586,1
1587,1
1588,4
1589,1
1590,0
1591,0
1592,4
1593,3
1594,3
1595,0
1596,1
1597,2
1598,1
1599,0
1600,3
1601,0
1602,4
1603,1
1604,1
1605,4
1606,0
1607,1
1608,0
1609,1
1610,0
1611,0
1612,4
1613,3
1614,0
1615,1
1616,1
1617,5
1618,4
1619,1
1620,1
1621,1
1622,0
1623,0
1624,2
1625,0
1626,4
1627,2
1628,0
1629,1
1630,1
1631,0
1632,1
1633,4
1634,1
1635,5
1636,4
1637,1
1638,3
1639,2
1640,4
1641,0
1642,1
1643,0
1644,1
1645,0
1646,4
1647,2
1648,0
1649,1
1650,2
1651,3
1652,1
1653,0
1654,1
1655,4
1656,4
1657,0
1658,3
1659,1
1660,1
1661,0
1662,3
1663,2
1664,2
1665,1
1666,1
1667,0
1668,3
1669,1
1670,0
1671,1
1672,0
1673,0
1674,0
1675,3
1676,0
1677,1
1678,4
1679,2
1680,4
1681,1
1682,0
1683,1
1684,0
1685,0
1686,3
1687,1
1688,0
1689,0
1690,1
1691,4
1692,4
1693,3
1694,1
1695,3
1696,1
1697,0
1698,1
1699,3
1700,3
1701,0
1702,1
1703,1
1704,3
1705,1
1706,0
1707,0
1708,3
1709,3
1710,1
1711,0
1712,1
1713,5
1714,1
1715,3
1716,1
1717,3
1718,1
1719,0
1720,0
1721,3
1722,1
1723,1
1724,0
1725,1
1726,0
1727,2
1728,1
1729,0
1730,1
1731,4
1732,1
1733,0
1734,2
1735,4
1736,1
1737,1
1738,3
1739,0
1740,1
1741,1
1742,3
1743,1
1744,4
1745,0
1746,1
1747,4
1748,5
1749,1
1750,0
1751,0
1752,3
1753,2
1754,1
1755,1
1756,4
1757,1
1758,2
1759,0
1760,4
1761,1
1762,1
1763,2
1764,4
1765,3
1766,3
1767,1
1768,3
1769,0
1770,0
1771,1
1772,4
1773,1
1774,2
1775,3
1776,1
1777,0
1778,2
1779,0
1780,1
1781,0
1782,2
1783,3
1784,4
1785,0
1786,0
1787,1
1788,1
1789,0
1790,4
1791,4
1792,1
1793,1
1794,2
1795,3
1796,3
1797,4
1798,0
1799,4
1800,4
1801,1
1802,0
1803,3
1804,0
1805,0
1806,0
1807,1
1808,0
1809,0
1810,1
1811,1
1812,0
1813,1
1814,0
1815,1
1816,0
1817,2
1818,3
1819,1
1820,1
1821,0
1822,0
1823,0
1824,0
1825,4
1826,0
1827,0
1828,4
1829,3
1830,1
1831,1
1832,1
1833,3
1834,0
1835,0
1836,1
1837,0
1838,3
1839,4
1840,1
1841,3
1842,3
1843,0
1844,1
1845,0
1846,1
1847,1
1848,1
1849,5
1850,1
1851,3
1852,0
1853,1
1854,0
1855,0
1856,3
1857,1
1858,3
1859,1
1860,1
1861,3
1862,3
1863,0
1864,1
1865,2
1866,1
1867,0
1868,1
1869,1
1870,0
1871,4
1872,4
1873,1
1874,0
1875,1
1876,0
1877,0
1878,1
1879,0
1880,2
1881,0
1882,1
1883,3
1884,3
1885,1
1886,1
1887,1
1888,4
1889,1
1890,4
1891,1
1892,1
1893,4
1894,1
1895,0
1896,1
1897,1
1898,2
1899,3
1900,0
1901,3
1902,1
1903,1
1904,3
1905,2
1906,2
1907,0
1908,2
1909,1
1910,1
1911,3
1912,3
1913,0
1914,1
1915,1
1916,1
1917,1
1918,3
1919,0
1920,4
1921,1
1922,0
1923,3
1924,0
1925,3
1926,1
1927,1
1928,4
1929,0
1930,0
1931,2
1932,4
1933,0
1934,0
1935,0
1936,4
1937,4
1938,0
1939,2
1940,0
1941,1
1942,3
1943,1
1944,0
1945,0
1946,4
1947,3
1948,0
1949,3
1950,2
1951,1
1952,1
1953,0
1954,4
1955,1
1956,3
1957,3
1958,4
1959,4
1960,4
1961,1
1962,1
1963,0
1964,0
1965,1
1966,1
1967,0
1968,1
1969,0
1970,3
1971,1
1972,0
1973,0
1974,1
1975,0
1976,0
1977,1
1978,1
1979,1
1980,1
1981,0
1982,1
1983,4
1984,5
1985,1
1986,1
1987,1
1988,0
1989,1
1990,3
1991,3
1992,0
1993,0
1994,3
1995,1
1996,0
1997,3
1998,0
1999,1
2000,1
2001,4
2002,1
2003,0
2004,0
2005,3
2006,2
2007,2
2008,1
2009,3
2010,3
2011,5
2012,0
2013,5
2014,3
2015,0
2016,3
2017,3
2018,1
2019,1
2020,0
2021,1
2022,3
2023,0
2024,1
2025,1
2026,0
2027,1
2028,0
2029,1
2030,3
2031,1
2032,1
2033,3
2034,0
2035,3
2036,4
2037,0
2038,4
2039,0
2040,0
2041,1
2042,0
2043,0
2044,1
2045,4
2046,2
2047,0
2048,1
2049,1
2050,2
2051,2
2052,2
2053,3
2054,1
2055,0
2056,2
2057,1
2058,4
2059,0
2060,1
2061,1
2062,1
2063,1
2064,0
2065,0
2066,0
2067,0
2068,3
2069,1
2070,2
2071,1
2072,1
2073,0
2074,0
2075,1
2076,1
2077,0
2078,4
2079,1
2080,4
2081,5
2082,3
2083,3
2084,3
2085,1
2086,2
2087,3
2088,0
2089,2
2090,0
2091,1
2092,0
2093,1
2094,5
2095,1
2096,0
2097,1
2098,1
2099,0
2100,1
2101,1
2102,3
2103,0
2104,0
2105,2
2106,3
2107,0
2108,0
2109,0
2110,1
2111,1
2112,3
2113,3
2114,2
2115,1
2116,2
2117,4
2118,0
2119,3
2120,0
2121,0
2122,3
2123,4
2124,1
2125,1
2126,3
2127,3
2128,1
2129,0
2130,4
2131,3
2132,0
2133,0
2134,1
2135,0
2136,1
2137,0
2138,2
2139,0
2140,1
2141,0
2142,1
2143,0
2144,4
2145,0
2146,1
2147,1
2148,1
2149,3
2150,0
2151,1
2152,0
2153,0
2154,0
2155,3
2156,1
2157,3
2158,0
2159,1
2160,1
2161,1
2162,0
2163,1
2164,0
2165,0
2166,4
2167,3
2168,3
2169,2
2170,4
2171,3
2172,1
2173,1
2174,1
2175,2
2176,1
2177,3
2178,3
2179,1
2180,0
2181,3
2182,1
2183,4
2184,5
2185,2
2186,1
2187,1
2188,0
2189,1
2190,1
2191,0
2192,0
2193,1
2194,3
2195,1
2196,1
2197,5
2198,1
2199,1
2200,3
2201,0
2202,4
2203,1
2204,1
2205,3
2206,0
2207,3
2208,3
2209,0
2210,0
2211,3
2212,0
2213,1
2214,1
2215,0
2216,0
2217,5
2218,1
2219,0
2220,1
2221,3
2222,3
2223,1
2224,1
2225,3
2226,0
2227,4
2228,1
2229,1
2230,2
2231,1
2232,1
2233,1
2234,0
2235,2
2236,1
2237,0
2238,1
2239,0
2240,1
2241,2
2242,0
2243,5
2244,1
2245,0
2246,0
2247,3
2248,1
2249,2
2250,0
2251,1
2252,0
2253,0
2254,3
2255,3
2256,3
2257,0
2258,0
2259,3
2260,0
2261,0
2262,3
2263,0
2264,1
2265,0
2266,0
2267,0
2268,1
2269,3
2270,1
2271,0
2272,3
2273,1
2274,2
2275,1
2276,1
2277,3
2278,3
2279,1
2280,2
2281,0
2282,1
2283,1
2284,3
2285,3
2286,1
2287,1
2288,2
2289,3
2290,1
2291,0
2292,5
2293,1
2294,1
2295,4
2296,1
2297,4
2298,0
2299,1
2300,1
2301,1
2302,1
2303,0
2304,0
2305,1
2306,1
2307,0
2308,4
2309,1
2310,1
2311,0
2312,0
2313,1
2314,0
2315,1
2316,0
2317,2
2318,1
2319,3
2320,3
2321,1
2322,3
2323,0
2324,2
2325,0
2326,0
2327,3
2328,0
2329,4
2330,0
2331,3
2332,0
2333,5
2334,0
2335,2
2336,3
2337,1
2338,0
2339,0
2340,1
2341,1
2342,1
2343,0
2344,0
2345,3
2346,0
2347,0
2348,1
2349,1
2350,3
2351,1
2352,0
2353,0
2354,0
2355,1
2356,1
2357,1
2358,3
2359,1
2360,0
2361,2
2362,3
2363,0
2364,1
2365,0
2366,0
2367,1
2368,0
2369,3
2370,0
2371,3
2372,0
2373,0
2374,1
2375,1
2376,0
2377,4
2378,0
2379,0
2380,1
2381,1
2382,0
2383,0
2384,4
2385,4
2386,3
2387,0
2388,4
2389,1
2390,1
2391,0
2392,3
2393,0
2394,1
2395,1
2396,5
2397,1
2398,0
2399,0
2400,0
2401,4
2402,3
2403,0
2404,0
2405,0
2406,0
2407,3
2408,3
2409,3
2410,0
2411,3
2412,3
2413,2
2414,0
2415,0
2416,1
2417,3
2418,4
2419,4
2420,0
2421,0
2422,0
2423,0
2424,5
2425,1
2426,2
2427,0
2428,0
2429,0
2430,1
2431,1
2432,0
2433,0
2434,1
2435,1
2436,1
2437,0
2438,0
2439,4
2440,5
2441,0
2442,0
2443,0
2444,0
2445,1
2446,1
2447,0
2448,1
2449,4
2450,4
2451,1
2452,1
2453,0
2454,3
2455,0
2456,5
2457,4
2458,5
2459,2
2460,3
2461,1
2462,1
2463,3
2464,3
2465,0
2466,1
2467,1
2468,3
2469,1
2470,4
2471,1
2472,1
2473,1
2474,2
2475,1
2476,1
2477,1
2478,4
2479,0
2480,1
2481,4
2482,0
2483,0
2484,1
2485,0
2486,0
2487,1
2488,0
2489,0
2490,3
2491,0
2492,4
2493,1
2494,1
2495,1
2496,0
2497,4
2498,0
2499,0
2500,0
2501,1
2502,3
2503,1
2504,3
2505,3
2506,0
2507,3
2508,1
2509,1
2510,0
2511,0
2512,1
2513,2
2514,1
2515,1
2516,1
2517,0
2518,1
2519,5
2520,3
2521,0
2522,1
2523,0
2524,1
2525,2
2526,0
2527,3
2528,4
2529,0
2530,0
2531,2
2532,0
2533,4
2534,4
2535,0
2536,3
2537,1
2538,1
2539,0
2540,5
2541,3
2542,0
2543,4
2544,0
2545,3
2546,1
2547,1
2548,3
2549,0
2550,0
2551,1
2552,1
2553,0
2554,3
2555,5
2556,3
2557,1
2558,1
2559,1
2560,0
2561,3
2562,3
2563,3
2564,0
2565,2
2566,1
2567,1
2568,0
2569,0
2570,4
2571,4
2572,4
2573,0
2574,1
2575,1
2576,1
2577,3
2578,0
2579,4
2580,3
2581,1
2582,0
2583,4
2584,0
2585,1
2586,5
2587,0
2588,1
2589,3
2590,0
2591,5
2592,0
2593,4
2594,3
2595,0
2596,0
2597,1
2598,1
2599,2
2600,1
2601,1
2602,1
2603,4
2604,0
2605,0
2606,3
2607,4
2608,4
2609,2
2610,1
2611,1
2612,3
2613,1
2614,2
2615,1
2616,3
2617,1
2618,3
2619,4
2620,0
2621,0
2622,3
2623,3
2624,2
2625,2
2626,1
2627,0
2628,4
2629,1
2630,1
2631,4
2632,3
2633,0
2634,1
2635,4
2636,0
2637,4
2638,1
2639,1
2640,1
2641,0
2642,2
2643,0
2644,1
2645,3
2646,3
2647,0
2648,1
2649,2
2650,1
2651,1
2652,0
2653,1
2654,3
2655,3
2656,1
2657,0
2658,1
2659,0
2660,1
2661,1
2662,2
2663,0
2664,1
2665,1
2666,0
2667,0
2668,1
2669,3
2670,1
2671,0
2672,0
2673,1
2674,3
2675,1
2676,1
2677,1
2678,0
2679,3
2680,4
2681,0
2682,0
2683,4
2684,3
2685,3
2686,1
2687,1
2688,2
2689,0
2690,1
2691,0
2692,1
2693,1
2694,4
2695,1
2696,0
2697,1
2698,0
2699,3
2700,4
2701,5
2702,1
2703,3
2704,1
2705,2
2706,1
2707,0
2708,4
2709,0
2710,0
2711,1
2712,1
2713,1
2714,4
2715,3
2716,4
2717,3
2718,1
2719,0
2720,1
2721,1
2722,1
2723,1
2724,3
2725,1
2726,0
2727,1
2728,0
2729,5
2730,5
2731,1
2732,4
2733,4
2734,1
2735,3
2736,1
2737,1
2738,3
2739,1
2740,0
2741,1
2742,0
2743,0
2744,0
2745,0
2746,0
2747,0
2748,1
2749,4
2750,0
2751,1
2752,2
2753,1
2754,0
2755,0
2756,4
2757,0
2758,0
2759,4
2760,1
2761,2
2762,3
2763,1
2764,1
2765,0
2766,1
2767,0
2768,0
2769,1
2770,1
2771,1
2772,4
2773,1
2774,0
2775,4
2776,1
2777,4
2778,0
2779,1
2780,1
2781,0
2782,1
2783,1
2784,1
2785,1
2786,2
2787,0
2788,1
2789,4
2790,0
2791,1
2792,1
2793,1
2794,3
2795,1
2796,3
2797,1
2798,3
2799,3
2800,4
2801,4
2802,3
2803,1
2804,0
2805,2
2806,1
2807,1
2808,1
2809,0
2810,1
2811,4
2812,0
2813,2
2814,1
2815,4
2816,1
2817,3
2818,0
2819,0
2820,1
2821,0
2822,3
2823,0
2824,0
2825,0
2826,0
2827,0
2828,0
2829,1
2830,0
2831,0
2832,1
2833,1
2834,4
2835,2
2836,1
2837,1
2838,1
2839,3
2840,5
2841,1
2842,3
2843,0
2844,0
2845,4
2846,0
2847,0
2848,3
2849,4
2850,1
2851,4
2852,1
2853,3
2854,0
2855,1
2856,1
2857,1
2858,3
2859,1
2860,0
2861,0
2862,5
2863,1
2864,0
2865,3
2866,1
2867,1
2868,4
2869,2
2870,0
2871,0
2872,3
2873,3
2874,3
2875,1
2876,4
2877,1
2878,1
2879,1
2880,5
2881,2
2882,0
2883,1
2884,4
2885,3
2886,0
2887,2
2888,0
2889,1
2890,0
2891,4
2892,4
2893,3
2894,0
2895,1
2896,1
2897,1
2898,1
2899,0
2900,0
2901,3
2902,3
2903,2
2904,3
2905,1
2906,0
2907,4
2908,0
2909,4
2910,0
2911,1
2912,1
2913,4
2914,5
2915,0
2916,0
2917,1
2918,4
2919,2
2920,1
2921,3
2922,1
2923,1
2924,4
2925,1
2926,5
2927,2
2928,1
2929,3
2930,0
2931,4
2932,5
2933,0
2934,0
2935,1
2936,0
2937,1
2938,1
2939,1
2940,0
2941,0
2942,0
2943,1
2944,3
2945,0
2946,0
2947,0
2948,1
2949,2
2950,1
2951,0
2952,1
2953,1
2954,1
2955,1
2956,2
2957,1
2958,1
2959,3
2960,5
2961,5
2962,0
2963,0
2964,3
2965,4
2966,0
2967,2
2968,1
2969,1
2970,2
2971,2
2972,0
2973,0
2974,3
2975,0
2976,0
2977,0
2978,4
2979,0
2980,5
2981,1
2982,1
2983,3
2984,0
2985,1
2986,0
2987,0
2988,1
2989,0
2990,0
2991,1
2992,1
2993,1
2994,1
2995,0
2996,3
2997,4
2998,1
2999,1
3000,3
3001,4
3002,0
3003,0
3004,0
3005,3
3006,3
3007,1
3008,1
3009,0
3010,1
3011,1
3012,0
3013,1
3014,4
3015,1
3016,1
3017,0
3018,1
3019,0
3020,0
3021,3
3022,0
3023,0
3024,3
3025,3
3026,3
3027,3
3028,4
3029,1
3030,4
3031,1
3032,1
3033,1
3034,1
3035,3
3036,3
3037,0
3038,0
3039,0
3040,1
3041,1
3042,2
3043,1
3044,0
3045,4
3046,0
3047,0
3048,0
3049,0
3050,4
3051,0
3052,1
3053,1
3054,1
3055,1
3056,0
3057,4
3058,3
3059,1
3060,1
3061,0
3062,1
3063,4
3064,1
3065,0
3066,1
3067,0
3068,5
3069,0
3070,0
3071,3
3072,4
3073,0
3074,1
3075,3
3076,3
3077,0
3078,0
3079,2
3080,4
3081,1
3082,4
3083,1
3084,3
3085,0
3086,0
3087,1
3088,4
3089,3
3090,3
3091,3
3092,0
3093,1
3094,0
3095,1
3096,4
3097,0
3098,4
3099,2
3100,0
3101,3
3102,1
3103,0
3104,0
3105,1
3106,3
3107,3
3108,0
3109,3
3110,1
3111,1
3112,3
3113,4
3114,1
3115,4
3116,0
3117,0
3118,2
3119,0
3120,0
3121,0
3122,0
3123,0
3124,1
3125,0
3126,4
3127,1
3128,1
3129,4
3130,2
3131,0
3132,1
3133,1
3134,1
3135,1
3136,4
3137,1
3138,1
3139,1
3140,3
3141,0
3142,2
3143,1
3144,1
3145,0
3146,0
3147,4
3148,0
3149,2
3150,0
3151,0
3152,1
3153,0
3154,1
3155,1
3156,2
3157,5
3158,4
3159,2
3160,2
3161,1
3162,1
3163,2
3164,0
3165,1
3166,5
3167,1
3168,1
3169,2
3170,1
3171,3
3172,3
3173,0
3174,1
3175,1
3176,3
3177,4
3178,5
3179,0
3180,4
3181,1
3182,1
3183,2
3184,1
3185,3
3186,5
3187,0
3188,3
3189,0
3190,1
3191,4
3192,0
3193,4
3194,3
3195,0
3196,2
3197,3
3198,0
3199,3
3200,0
3201,4
3202,1
3203,4
3204,0
3205,4
3206,0
3207,1
3208,3
3209,0
3210,0
3211,0
3212,1
3213,1
3214,3
3215,1
3216,4
3217,1
3218,1
3219,0
3220,0
3221,1
3222,3
3223,1
3224,3
3225,0
3226,1
3227,0
3228,1
3229,0
3230,0
3231,1
3232,1
3233,0
3234,0
3235,3
3236,1
3237,0
3238,1
3239,0
3240,0
3241,3
3242,1
3243,0
3244,3
3245,0
3246,1
3247,1
3248,0
3249,1
3250,0
3251,0
3252,0
3253,1
3254,1
3255,1
3256,5
3257,3
3258,3
3259,4
3260,3
3261,1
3262,5
3263,3
3264,0
3265,1
3266,1
3267,1
3268,1
3269,1
3270,0
3271,1
3272,0
3273,1
3274,3
3275,3
3276,0
3277,1
3278,0
3279,3
3280,1
3281,0
3282,0
3283,0
3284,0
3285,3
3286,1
3287,1
3288,4
3289,0
3290,3
3291,0
3292,1
3293,2
3294,2
3295,1
3296,1
3297,1
3298,3
3299,3
3300,4
3301,3
3302,0
3303,0
3304,0
3305,4
3306,0
3307,0
3308,4
3309,0
3310,0
3311,1
3312,1
3313,0
3314,1
3315,0
3316,4
3317,1
3318,1
3319,0
3320,1
3321,3
3322,0
3323,4
3324,4
3325,3
3326,1
3327,4
3328,1
3329,4
3330,0
3331,4
3332,1
3333,5
3334,1
3335,1
3336,3
3337,0
3338,1
3339,0
3340,0
3341,1
3342,2
3343,4
3344,3
3345,0
3346,4
3347,1
3348,4
3349,4
3350,0
3351,0
3352,4
3353,1
3354,4
3355,1
3356,0
3357,1
3358,1
3359,3
3360,1
3361,0
3362,0
3363,1
3364,4
3365,1
3366,0
3367,2
3368,1
3369,1
3370,3
3371,1
3372,1
3373,3
3374,4
3375,3
3376,1
3377,1
3378,1
3379,0
3380,3
3381,0
3382,4
3383,0
3384,5
3385,1
3386,2
3387,3
3388,0
3389,3
3390,1
3391,1
3392,1
3393,0
3394,1
3395,1
3396,1
3397,1
3398,1
3399,1
3400,4
3401,1
3402,1
3403,3
3404,3
3405,3
3406,0
3407,1
3408,0
3409,1
3410,1
3411,0
3412,2
3413,1
3414,2
3415,0
3416,2
3417,1
3418,1
3419,4
3420,1
3421,1
3422,0
3423,0
3424,1
3425,1
3426,0
3427,3
3428,1
3429,0
3430,1
3431,3
3432,0
3433,3
3434,1
3435,0
3436,4
3437,1
3438,3
3439,3
3440,3
3441,1
3442,1
3443,1
3444,3
3445,0
3446,0
3447,0
3448,1
3449,0
3450,1
3451,5
3452,1
3453,1
3454,0
3455,1
3456,0
3457,0
3458,1
3459,4
3460,4
3461,3
3462,3
3463,1
3464,5
3465,1
3466,3
3467,0
3468,0
3469,0
3470,1
3471,4
3472,3
3473,1
3474,0
3475,1
3476,0
3477,3
3478,1
3479,1
3480,0
3481,0
3482,1
3483,4
3484,1
3485,0
3486,3
3487,1
3488,3
3489,3
3490,1
3491,0
3492,3
3493,1
3494,1
3495,0
3496,0
3497,3
3498,2
3499,1
3500,1
3501,3
3502,3
3503,3
3504,0
3505,0
3506,1
3507,0
3508,1
3509,3
3510,1
3511,1
3512,1
3513,1
3514,1
3515,2
3516,1
3517,4
3518,1
3519,3
3520,4
3521,1
3522,3
3523,1
3524,1
3525,1
3526,0
3527,2
3528,3
3529,3
3530,4
3531,4
3532,1
3533,0
3534,1
3535,4
3536,0
3537,1
3538,3
3539,4
3540,1
3541,1
3542,3
3543,3
3544,0
3545,4
3546,1
3547,2
3548,1
3549,1
3550,4
3551,1
3552,2
3553,0
3554,1
3555,0
3556,3
3557,3
3558,1
3559,1
3560,1
3561,0
3562,3
3563,0
3564,1
3565,2
3566,4
3567,0
3568,4
3569,4
3570,0
3571,4
3572,1
3573,1
3574,4
3575,3
3576,3
3577,4
3578,0
3579,4
3580,1
3581,0
3582,1
3583,1
3584,1
3585,4
3586,1
3587,0
3588,1
3589,3
3590,0
3591,1
3592,1
3593,1
3594,0
3595,0
3596,1
3597,1
3598,4
3599,0
3600,1
3601,1
3602,3
3603,1
3604,0
3605,4
3606,0
3607,3
3608,1
3609,4
3610,0
3611,0
3612,1
3613,0
3614,2
3615,0
3616,2
3617,2
3618,0
3619,3
3620,1
3621,2
3622,0
3623,0
3624,2
3625,4
3626,2
3627,0
3628,1
3629,3
3630,1
3631,0
3632,4
3633,5
3634,2
3635,0
3636,2
3637,3
3638,0
3639,3
3640,2
3641,4
3642,3
3643,0
3644,2
3645,1
3646,3
3647,4
3648,2
3649,0
3650,4
3651,0
3652,0
3653,1
3654,3
3655,4
3656,3
3657,4
3658,3
3659,0
3660,0
3661,2
3662,1
3663,0
3664,2
3665,2
3666,3
3667,1
3668,0
3669,0
3670,0
3671,1
3672,1
3673,0
3674,4
3675,0
3676,2
3677,0
3678,1
3679,4
3680,1
3681,4
3682,0
3683,1
3684,0
3685,3
3686,5
3687,1
3688,0
3689,0
3690,3
3691,0
3692,1
3693,1
3694,0
3695,3
3696,1
3697,1
3698,4
3699,3
3700,5
3701,1
3702,0
3703,0
3704,3
3705,4
3706,0
3707,1
3708,1
3709,1
3710,5
3711,1
3712,1
3713,1
3714,1
3715,1
3716,1
3717,0
3718,1
3719,1
3720,0
3721,1
3722,0
3723,1
3724,1
3725,1
3726,0
3727,1
3728,1
3729,5
3730,0
3731,1
3732,1
3733,1
3734,1
3735,4
3736,1
3737,1
3738,1
3739,1
3740,3
3741,3
3742,0
3743,1
3744,0
3745,4
3746,0
3747,1
3748,3
3749,0
3750,1
3751,1
3752,3
3753,0
3754,4
3755,3
3756,0
3757,1
3758,0
3759,1
3760,1
3761,5
3762,1
3763,4
3764,1
3765,3
3766,3
3767,1
3768,1
3769,0
3770,5
3771,0
3772,0
3773,3
3774,1
3775,3
3776,3
3777,1
3778,4
3779,1
3780,1
3781,1
3782,0
3783,1
3784,0
3785,0
3786,1
3787,0
3788,5
3789,1
3790,1
3791,1
3792,2
3793,0
3794,4
3795,2
3796,0
3797,1
3798,4
3799,1
3800,3
3801,2
3802,1
3803,3
3804,4
3805,1
3806,1
3807,4
3808,2
3809,1
3810,3
3811,1
3812,1
3813,2
3814,1
3815,1
3816,1
3817,1
3818,1
3819,3
3820,3
3821,4
3822,1
3823,1
3824,4
3825,1
3826,0
3827,0
3828,0
3829,0
3830,1
3831,0
3832,0
3833,3
3834,0
3835,1
3836,1
3837,3
3838,0
3839,4
3840,1
3841,3
3842,0
3843,1
3844,1
3845,3
3846,5
3847,4
3848,1
3849,3
3850,1
3851,1
3852,1
3853,3
3854,1
3855,0
3856,4
3857,0
3858,5
3859,0
3860,3
3861,2
3862,4
3863,1
3864,1
3865,0
3866,1
3867,4
3868,4
3869,0
3870,3
3871,1
3872,2
3873,0
3874,1
3875,1
3876,0
3877,1
3878,1
3879,4
3880,1
3881,3
3882,1
3883,1
3884,2
3885,1
3886,0
3887,1
3888,0
3889,1
3890,1
3891,1
3892,2
3893,1
3894,0
3895,2
3896,1
3897,0
3898,0
3899,1
3900,0
3901,1
3902,0
3903,1
3904,4
3905,0
3906,3
3907,1
3908,3
3909,5
3910,0
3911,0
3912,2
3913,1
3914,1
3915,0
3916,0
3917,3
3918,3
3919,1
3920,1
3921,1
3922,3
3923,1
3924,0
3925,1
3926,3
3927,1
3928,3
3929,1
3930,4
3931,0
3932,0
3933,0
3934,4
3935,0
3936,0
3937,4
3938,1
3939,3
3940,1
3941,2
3942,1
3943,3
3944,1
3945,1
3946,1
3947,1
3948,1
3949,0
3950,2
3951,1
3952,4
3953,4
3954,1
3955,1
3956,1
3957,1
3958,1
3959,3
3960,1
3961,0
3962,1
3963,3
3964,1
3965,1
3966,0
3967,1
3968,1
3969,3
3970,4
3971,3
3972,2
3973,3
3974,1
3975,1
3976,1
3977,3
3978,1
3979,0
3980,0
3981,1
3982,4
3983,3
3984,1
3985,2
3986,1
3987,1
3988,1
3989,0
3990,1
3991,1
3992,4
3993,1
3994,0
3995,5
3996,2
3997,1
3998,1
3999,3
4000,1
4001,1
4002,1
4003,3
4004,0
4005,2
4006,1
4007,1
4008,3
4009,1
4010,1
4011,1
4012,5
4013,4
4014,1
4015,1
4016,1
4017,0
4018,4
4019,4
4020,3
4021,3
4022,3
4023,5
4024,1
4025,1
4026,0
4027,4
4028,1
4029,1
4030,1
4031,3
4032,1
4033,1
4034,3
4035,0
4036,1
4037,0
4038,1
4039,5
4040,0
4041,3
4042,1
4043,0
4044,0
4045,0
4046,3
4047,0
4048,0
4049,3
4050,1
4051,5
4052,0
4053,0
4054,1
4055,1
4056,2
4057,4
4058,3
4059,4
4060,1
4061,1
4062,4
4063,1
4064,1
4065,1
4066,0
4067,4
4068,1
4069,1
4070,3
4071,1
4072,1
4073,5
4074,1
4075,1
4076,1
4077,4
4078,3
4079,0
4080,1
4081,1
4082,3
4083,3
4084,0
4085,0
4086,0
4087,3
4088,0
4089,5
4090,0
4091,1
4092,1
4093,1
4094,0
4095,3
4096,1
4097,5
4098,2
4099,4
4100,1
4101,0
4102,0
4103,0
4104,4
4105,1
4106,0
4107,0
4108,3
4109,0
4110,3
4111,4
4112,1
4113,0
4114,1
4115,1
4116,1
4117,1
4118,4
4119,5
4120,1
4121,1
4122,1
4123,1
4124,1
4125,0
4126,3
4127,1
4128,1
4129,1
4130,0
4131,2
4132,0
4133,1
4134,3
4135,1
4136,3
4137,1
4138,2
4139,4
4140,0
4141,1
4142,2
4143,0
4144,1
4145,1
4146,4
4147,0
4148,0
4149,3
4150,0
4151,0
4152,0
4153,2
4154,4
4155,2
4156,1
4157,4
4158,3
4159,1
4160,1
4161,1
4162,5
4163,3
4164,3
4165,0
4166,1
4167,0
4168,0
4169,1
4170,1
4171,0
4172,4
4173,2
4174,0
4175,3
4176,0
4177,1
4178,3
4179,1
4180,1
4181,0
4182,1
4183,3
4184,4
4185,0
4186,1
4187,3
4188,1
4189,1
4190,1
4191,4
4192,1
4193,3
4194,0
4195,0
4196,4
4197,1
4198,4
4199,0
4200,5
4201,0
4202,5
4203,1
4204,0
4205,1
4206,3
4207,3
4208,0
4209,1
4210,3
4211,1
4212,0
4213,1
4214,0
4215,0
4216,1
4217,0
4218,2
4219,0
4220,4
4221,4
4222,0
4223,0
4224,2
4225,0
4226,1
4227,4
4228,4
4229,0
4230,0
4231,2
4232,3
4233,0
4234,0
4235,0
4236,0
4237,1
4238,1
4239,1
4240,1
4241,3
4242,1
4243,0
4244,0
4245,0
4246,0
4247,1
4248,0
4249,0
4250,1
4251,1
4252,3
4253,1
4254,3
4255,0
4256,1
4257,2
4258,0
4259,5
4260,3
4261,1
4262,0
4263,1
4264,3
4265,0
4266,1
4267,4
4268,0
4269,1
4270,0
4271,0
4272,1
4273,3
4274,0
4275,3
4276,1
4277,3
4278,5
4279,1
4280,5
4281,1
4282,0
4283,3
4284,0
4285,0
4286,0
4287,4
4288,0
4289,1
4290,0
4291,1
4292,3
4293,0
4294,4
4295,3
4296,3
4297,2
4298,3
4299,3
4300,1
4301,1
4302,0
4303,1
4304,1
4305,4
4306,0
4307,1
4308,1
4309,1
4310,2
4311,0
4312,1
4313,1
4314,1
4315,0
4316,3
4317,1
4318,0
4319,3
4320,1
4321,1
4322,0
4323,3
4324,1
4325,4
4326,0
4327,1
4328,0
4329,5
4330,1
4331,1
4332,3
4333,0
4334,4
4335,3
4336,1
4337,3
4338,3
4339,0
4340,3
4341,0
4342,1
4343,3
4344,2
4345,0
4346,3
4347,3
4348,0
4349,1
4350,0
4351,3
4352,0
4353,3
4354,3
4355,1
4356,3
4357,0
4358,1
4359,1
4360,0
4361,0
4362,1
4363,4
4364,0
4365,1
4366,0
4367,2
4368,3
4369,0
4370,4
4371,3
4372,0
4373,1
4374,0
4375,0
4376,3
4377,3
4378,0
4379,0
4380,1
4381,0
4382,0
4383,0
4384,0
4385,0
4386,0
4387,0
4388,0
4389,0
4390,0
4391,4
4392,3
4393,1
4394,1
4395,5
4396,1
4397,0
4398,0
4399,0
4400,1
4401,1
4402,0
4403,4
4404,3
4405,3
4406,0
4407,1
4408,1
4409,4
4410,1
4411,2
4412,0
4413,0
4414,0
4415,2
4416,1
4417,1
4418,0
4419,0
4420,0
4421,1
4422,0
4423,2
4424,3
4425,0
4426,0
4427,0
4428,3
4429,0
4430,0
4431,1
4432,0
4433,4
4434,3
4435,1
4436,1
4437,5
4438,1
4439,1
4440,0
4441,1
4442,0
4443,1
4444,0
4445,0
4446,1
4447,0
4448,3
4449,0
4450,2
4451,0
4452,2
4453,1
4454,2
4455,4
4456,4
4457,1
4458,0
4459,4
4460,0
4461,1
4462,1
4463,3
4464,4
4465,0
4466,4
4467,0
4468,0
4469,4
4470,0
4471,2
4472,0
4473,0
4474,1
4475,3
4476,0
4477,1
4478,0
4479,1
4480,0
4481,0
4482,4
4483,3
4484,3
4485,0
4486,4
4487,0
4488,0
4489,3
4490,1
4491,1
4492,3
4493,0
4494,3
4495,3
4496,1
4497,2
4498,1
4499,0
4500,1
4501,3
4502,1
4503,1
4504,3
4505,0
4506,1
4507,0
4508,1
4509,1
4510,0
4511,1
4512,1
4513,1
4514,3
4515,0
4516,1
4517,0
4518,0
4519,3
4520,1
4521,0
4522,0
4523,1
4524,0
4525,0
4526,0
4527,0
4528,5
4529,4
4530,3
4531,1
4532,0
4533,1
4534,1
4535,2
4536,1
4537,0
4538,0
4539,1
4540,2
4541,1
4542,0
4543,2
4544,3
4545,1
4546,1
4547,0
4548,0
4549,3
4550,5
4551,0
4552,1
4553,3
4554,5
4555,0
4556,0
4557,3
4558,1
4559,0
4560,1
4561,4
4562,1
4563,1
4564,0
4565,3
4566,1
4567,0
4568,1
4569,3
4570,1
4571,1
4572,1
4573,0
4574,4
4575,0
4576,3
4577,1
4578,1
4579,1
4580,1
4581,3
4582,1
4583,3
4584,3
4585,1
4586,1
4587,0
4588,0
4589,1
4590,1
4591,4
4592,0
4593,0
4594,0
4595,0
4596,1
4597,1
4598,1
4599,0
4600,1
4601,1
4602,1
4603,3
4604,1
4605,1
4606,0
4607,0
4608,0
4609,1
4610,1
4611,1
4612,3
4613,1
4614,1
4615,1
4616,0
4617,0
4618,0
4619,3
4620,1
4621,0
4622,1
4623,0
4624,3
4625,3
4626,1
4627,0
4628,0
4629,0
4630,1
4631,3
4632,1
4633,0
4634,0
4635,1
4636,0
4637,1
4638,0
4639,1
4640,4
4641,0
4642,0
4643,0
4644,2
4645,1
4646,5
4647,3
4648,0
4649,4
4650,1
4651,0
4652,2
4653,1
4654,0
4655,5
4656,3
4657,0
4658,2
4659,1
4660,0
4661,1
4662,3
4663,0
4664,5
4665,1
4666,1
4667,1
4668,1
4669,3
4670,0
4671,1
4672,3
4673,2
4674,2
4675,1
4676,0
4677,1
4678,3
4679,3
4680,3
4681,0
4682,0
4683,0
4684,4
4685,0
4686,0
4687,0
4688,4
4689,0
4690,3
4691,0
4692,4
4693,4
4694,0
4695,3
4696,1
4697,1
4698,2
4699,0
4700,1
4701,4
4702,0
4703,1
4704,5
4705,0
4706,1
4707,3
4708,1
4709,0
4710,1
4711,1
4712,0
4713,4
4714,1
4715,0
4716,0
4717,0
4718,1
4719,1
4720,1
4721,1
4722,3
4723,0
4724,1
4725,1
4726,1
4727,2
4728,1
4729,1
4730,3
4731,0
4732,3
4733,1
4734,0
4735,0
4736,2
4737,1
4738,1
4739,1
4740,2
4741,5
4742,3
4743,1
4744,3
4745,1
4746,3
4747,0
4748,0
4749,0
4750,0
4751,1
4752,1
4753,1
4754,1
4755,4
4756,3
4757,4
4758,4
4759,4
4760,2
4761,0
4762,0
4763,2
4764,1
4765,4
4766,5
4767,1
4768,0
4769,1
4770,3
4771,1
4772,5
4773,3
4774,0
4775,0
4776,0
4777,1
4778,1
4779,2
4780,1
4781,3
4782,0
4783,0
4784,0
4785,0
4786,1
4787,1
4788,1
4789,3
4790,3
4791,1
4792,0
4793,1
4794,0
4795,0
4796,0
4797,1
4798,1
4799,4
4800,3
4801,4
4802,0
4803,0
4804,0
4805,3
4806,0
4807,4
4808,1
4809,3
4810,1
4811,1
4812,3
4813,1
4814,3
4815,1
4816,2
4817,0
4818,1
4819,1
4820,0
4821,0
4822,0
4823,0
4824,1
4825,1
4826,0
4827,1
4828,2
4829,1
4830,0
4831,0
4832,0
4833,1
4834,4
4835,5
4836,1
4837,3
4838,0
4839,2
4840,3
4841,1
4842,0
4843,1
4844,1
4845,0
4846,3
4847,0
4848,1
4849,1
4850,1
4851,4
4852,1
4853,4
4854,0
4855,4
4856,0
4857,0
4858,4
4859,3
4860,0
4861,3
4862,3
4863,3
4864,3
4865,3
4866,0
4867,0
4868,3
4869,0
4870,3
4871,1
4872,0
4873,1
4874,1
4875,0
4876,0
4877,3
4878,1
4879,0
4880,1
4881,0
4882,0
4883,4
4884,4
4885,0
4886,0
4887,1
4888,0
4889,1
4890,1
4891,0
4892,1
4893,3
4894,0
4895,1
4896,3
4897,0
4898,1
4899,3
4900,0
4901,1
4902,0
4903,3
4904,1
4905,0
4906,0
4907,2
4908,1
4909,4
4910,3
4911,5
4912,0
4913,1
4914,1
4915,2
4916,0
4917,0
4918,2
4919,1
4920,1
4921,0
4922,1
4923,0
4924,1
4925,0
4926,1
4927,0
4928,1
4929,0
4930,3
4931,4
4932,3
4933,3
4934,3
4935,1
4936,3
4937,1
4938,1
4939,0
4940,2
4941,3
4942,0
4943,2
4944,3
4945,4
4946,1
4947,0
4948,0
4949,0
4950,5
4951,1
4952,2
4953,1
4954,0
4955,4
4956,1
4957,1
4958,1
4959,1
4960,3
4961,3
4962,1
4963,1
4964,0
4965,1
4966,1
4967,1
4968,1
4969,4
4970,1
4971,3
4972,3
4973,3
4974,0
4975,3
4976,5
4977,0
4978,1
4979,4
4980,2
4981,0
4982,0
4983,2
4984,3
4985,1
4986,1
4987,1
4988,3
4989,0
4990,0
4991,1
4992,3
4993,1
4994,2
4995,0
4996,4
4997,1
4998,1
4999,1
5000,2
5001,0
5002,3
5003,4
5004,0
5005,0
5006,1
5007,3
5008,0
5009,1
5010,3
5011,1
5012,1
5013,1
5014,1
5015,2
5016,1
5017,5
5018,0
5019,0
5020,3
5021,0
5022,0
5023,1
5024,0
5025,4
5026,4
5027,4
5028,1
5029,0
5030,1
5031,0
5032,0
5033,4
5034,1
5035,3
5036,1
5037,0
5038,3
5039,4
5040,3
5041,4
5042,0
5043,1
5044,3
5045,0
5046,2
5047,1
5048,1
5049,0
5050,1
5051,1
5052,0
5053,1
5054,1
5055,3
5056,1
5057,3
5058,1
5059,3
5060,0
5061,3
5062,4
5063,1
5064,0
5065,3
5066,3
5067,1
5068,0
5069,1
5070,4
5071,0
5072,0
5073,1
5074,1
5075,3
5076,2
5077,4
5078,4
5079,0
5080,1
5081,5
5082,3
5083,1
5084,1
5085,4
5086,0
5087,0
5088,1
5089,0
5090,0
5091,3
5092,1
5093,0
5094,0
5095,5
5096,1
5097,1
5098,1
5099,0
5100,1
5101,3
5102,4
5103,0
5104,0
5105,1
5106,1
5107,2
5108,1
5109,1
5110,0
5111,0
5112,1
5113,1
5114,2
5115,1
5116,1
5117,4
5118,1
5119,3
5120,0
5121,1
5122,0
5123,0
5124,4
5125,1
5126,0
5127,0
5128,1
5129,0
5130,0
5131,3
5132,3
5133,0
5134,0
5135,0
5136,1
5137,3
5138,1
5139,0
5140,1
5141,0
5142,5
5143,4
5144,0
5145,1
5146,1
5147,1
5148,1
5149,4
5150,1
5151,4
5152,1
5153,0
5154,2
5155,3
5156,0
5157,1
5158,1
5159,1
5160,3
5161,1
5162,1
5163,5
5164,2
5165,5
5166,1
5167,3
5168,0
5169,3
5170,0
5171,0
5172,1
5173,2
5174,0
5175,0
5176,3
5177,1
5178,1
5179,1
5180,1
5181,0
5182,1
5183,0
5184,2
5185,0
5186,0
5187,0
5188,4
5189,0
5190,1
5191,3
5192,0
5193,0
5194,0
5195,0
5196,0
5197,4
5198,4
5199,1
5200,5
5201,1
5202,0
5203,1
5204,0
5205,1
5206,1
5207,4
5208,0
5209,0
5210,3
5211,1
5212,3
5213,0
5214,1
5215,0
5216,1
5217,0
5218,1
5219,0
5220,0
5221,1
5222,4
5223,1
5224,1
5225,3
5226,0
5227,2
5228,0
5229,3
5230,3
5231,3
5232,4
5233,2
5234,3
5235,1
5236,1
5237,1
5238,1
5239,1
5240,1
5241,1
5242,1
5243,4
5244,0
5245,1
5246,1
5247,2
5248,0
5249,4
5250,1
5251,4
5252,1
5253,3
5254,1
5255,5
5256,0
5257,1
5258,3
5259,1
5260,4
5261,1
5262,4
5263,0
5264,0
5265,3
5266,3
5267,0
5268,3
5269,1
5270,1
5271,5
5272,0
5273,3
5274,0
5275,3
5276,0
5277,1
5278,4
5279,3
5280,2
5281,0
5282,0
5283,0
5284,0
5285,1
5286,1
5287,1
5288,1
5289,1
5290,3
5291,1
5292,5
5293,0
5294,0
5295,3
5296,4
5297,0
5298,1
5299,3
5300,3
5301,0
5302,0
5303,2
5304,0
5305,3
5306,4
5307,0
5308,1
5309,3
5310,0
5311,3
5312,1
5313,0
5314,3
5315,1
5316,0
5317,0
5318,1
5319,0
5320,1
5321,1
5322,1
5323,1
5324,4
5325,5
5326,1
5327,2
5328,1
5329,0
5330,1
5331,2
5332,0
5333,1
5334,3
5335,0
5336,0
5337,3
5338,0
5339,0
5340,2
5341,1
5342,0
5343,0
5344,5
5345,1
5346,2
5347,1
5348,1
5349,2
5350,1
5351,0
5352,0
5353,4
5354,1
5355,0
5356,1
5357,4
5358,1
5359,1
5360,5
5361,1
5362,2
5363,0
5364,0
5365,1
5366,4
5367,4
5368,0
5369,0
5370,3
5371,0
5372,3
5373,0
5374,4
5375,2
5376,1
5377,1
5378,0
5379,0
5380,2
5381,4
5382,2
5383,0
5384,0
5385,0
5386,1
5387,4
5388,1
5389,1
5390,1
5391,0
5392,1
5393,1
5394,0
5395,3
5396,1
5397,1
5398,0
5399,0
5400,2
5401,1
5402,0
5403,2
5404,0
5405,5
5406,5
5407,1
5408,0
5409,1
5410,0
5411,4
5412,3
5413,4
5414,0
5415,1
5416,1
5417,1
5418,1
5419,3
5420,3
5421,0
5422,4
5423,0
5424,0
5425,4
5426,4
5427,1
5428,0
5429,1
5430,4
5431,3
5432,0
5433,1
5434,1
5435,3
5436,1
5437,1
5438,1
5439,3
5440,3
5441,3
5442,0
5443,3
5444,4
5445,1
5446,1
5447,1
5448,1
5449,4
5450,1
5451,1
5452,5
5453,0
5454,1
5455,1
5456,4
5457,1
5458,1
5459,1
5460,1
5461,3
5462,0
5463,1
5464,0
5465,0
5466,0
5467,3
5468,2
5469,0
5470,3
5471,0
5472,0
5473,1
5474,3
5475,1
5476,1
5477,1
5478,4
5479,3
5480,0
5481,3
5482,1
5483,4
5484,1
5485,0
5486,1
5487,3
5488,3
5489,3
5490,0
5491,1
5492,0
5493,0
5494,0
5495,0
5496,2
5497,1
5498,0
5499,1
5500,1
5501,1
5502,1
5503,0
5504,2
5505,1
5506,0
5507,0
5508,0
5509,1
5510,1
5511,0
5512,1
5513,1
5514,1
5515,3
5516,1
5517,1
5518,3
5519,0
5520,5
5521,4
5522,4
5523,0
5524,1
5525,2
5526,1
5527,1
5528,0
5529,2
5530,1
5531,0
5532,1
5533,2
5534,3
5535,1
5536,4
5537,1
5538,2
5539,1
5540,1
5541,1
5542,1
5543,3
5544,1
5545,1
5546,0
5547,1
5548,1
5549,1
5550,0
5551,0
5552,4
5553,0
5554,4
5555,0
5556,1
5557,0
5558,1
5559,1
5560,3
5561,0
5562,1
5563,1
5564,4
5565,1
5566,1
5567,5
5568,3
5569,1
5570,3
5571,3
5572,1
5573,0
5574,5
5575,3
5576,4
5577,0
5578,3
5579,1
5580,3
5581,3
5582,5
5583,1
5584,3
5585,0
5586,1
5587,0
5588,0
5589,3
5590,1
5591,1
5592,4
5593,1
5594,0
5595,1
5596,0
5597,3
5598,0
5599,1
5600,1
5601,4
5602,0
5603,4
5604,4
5605,3
5606,2
5607,0
5608,1
5609,0
5610,2
5611,1
5612,4
5613,1
5614,3
5615,4
5616,0
5617,1
5618,4
5619,1
5620,1
5621,3
5622,4
5623,3
5624,3
5625,1
5626,2
5627,1
5628,3
5629,2
5630,0
5631,1
5632,4
5633,0
5634,1
5635,3
5636,0
5637,3
5638,1
5639,1
5640,1
5641,5
5642,0
5643,4
5644,1
5645,4
5646,1
5647,3
5648,3
5649,0
5650,0
5651,3
5652,3
5653,1
5654,0
5655,1
5656,1
5657,3
5658,3
5659,4
5660,0
5661,1
5662,1
5663,2
5664,1
5665,4
5666,0
5667,4
5668,1
5669,3
5670,5
5671,0
5672,1
5673,4
5674,1
5675,1
5676,2
5677,1
5678,5
5679,1
5680,2
5681,4
5682,1
5683,0
5684,0
5685,1
5686,0
5687,3
5688,0
5689,0
5690,1
5691,4
5692,1
5693,0
5694,0
5695,1
5696,0
5697,0
5698,1
5699,0
5700,5
5701,0
5702,3
5703,4
5704,4
5705,0
5706,1
5707,0
5708,0
5709,1
5710,1
5711,1
5712,0
5713,0
5714,1
5715,0
5716,2
5717,0
5718,1
5719,1
5720,3
5721,1
5722,1
5723,4
5724,4
5725,1
5726,0
5727,0
5728,2
5729,1
5730,1
5731,1
5732,0
5733,1
5734,5
5735,1
5736,2
5737,0
5738,1
5739,2
5740,0
5741,1
5742,2
5743,0
5744,0
5745,1
5746,0
5747,0
5748,0
5749,1
5750,1
5751,0
5752,0
5753,0
5754,1
5755,2
5756,0
5757,0
5758,1
5759,1
5760,0
5761,1
5762,1
5763,1
5764,1
5765,0
5766,4
5767,3
5768,2
5769,4
5770,0
5771,1
5772,1
5773,5
5774,4
5775,1
5776,2
5777,3
5778,1
5779,1
5780,5
5781,0
5782,0
5783,3
5784,0
5785,2
5786,1
5787,1
5788,3
5789,0
5790,1
5791,0
5792,1
5793,4
5794,3
5795,1
5796,0
5797,1
5798,4
5799,1
5800,0
5801,1
5802,0
5803,2
5804,1
5805,1
5806,2
5807,1
5808,2
5809,1
5810,0
5811,1
5812,1
5813,3
5814,3
5815,1
5816,5
5817,3
5818,1
5819,4
5820,1
5821,3
5822,1
5823,0
5824,1
5825,0
5826,1
5827,1
5828,2
5829,0
5830,1
5831,1
5832,3
5833,3
5834,2
5835,1
5836,1
5837,0
5838,0
5839,3
5840,3
5841,1
5842,0
5843,0
5844,0
5845,3
5846,0
5847,2
5848,0
5849,1
5850,3
5851,0
5852,4
5853,1
5854,4
5855,1
5856,0
5857,0
5858,1
5859,1
5860,1
5861,3
5862,1
5863,0
5864,1
5865,2
5866,1
5867,1
5868,4
5869,3
5870,3
5871,0
5872,1
5873,4
5874,3
5875,1
5876,0
5877,2
5878,4
5879,0
5880,1
5881,0
5882,1
5883,0
5884,0
5885,3
5886,3
5887,1
5888,0
5889,3
5890,0
5891,1
5892,4
5893,4
5894,0
5895,2
5896,4
5897,3
5898,1
5899,1
5900,4
5901,3
5902,1
5903,1
5904,4
5905,0
5906,1
5907,1
5908,3
5909,3
5910,4
5911,0
5912,1
5913,1
5914,3
5915,0
5916,0
5917,3
5918,1
5919,1
5920,1
5921,3
5922,4
5923,1
5924,4
5925,0
5926,0
5927,1
5928,3
5929,2
5930,1
5931,0
5932,1
5933,3
5934,3
5935,1
5936,0
5937,1
5938,1
5939,1
5940,0
5941,1
5942,1
5943,0
5944,3
5945,0
5946,2
5947,0
5948,1
5949,2
5950,1
5951,1
5952,0
5953,3
5954,0
5955,1
5956,3
5957,4
5958,5
5959,1
5960,4
5961,1
5962,0
5963,3
5964,3
5965,0
5966,1
5967,1
5968,0
5969,0
5970,3
5971,0
5972,0
5973,1
5974,1
5975,1
5976,0
5977,3
5978,0
5979,0
5980,3
5981,1
5982,0
5983,1
5984,3
5985,3
5986,0
5987,1
5988,1
5989,1
5990,0
5991,1
5992,3
5993,1
5994,1
5995,0
5996,3
5997,0
5998,0
5999,3
6000,4
6001,3
6002,0
6003,0
6004,0
6005,1
6006,4
6007,2
6008,1
6009,1
6010,4
6011,4
6012,0
6013,0
6014,3
6015,3
6016,1
6017,3
6018,2
6019,1
6020,3
6021,0
6022,0
6023,0
6024,1
6025,4
6026,2
6027,3
6028,0
6029,1
6030,0
6031,1
6032,0
6033,1
6034,0
6035,0
6036,4
6037,1
6038,1
6039,1
6040,4
6041,1
6042,0
6043,0
6044,0
6045,1
6046,1
6047,3
6048,3
6049,0
6050,0
6051,1
6052,0
6053,4
6054,1
6055,0
6056,0
6057,1
6058,0
6059,0
6060,3
6061,0
6062,1
6063,2
6064,3
6065,2
6066,1
6067,3
6068,1
6069,0
6070,0
6071,1
6072,3
6073,1
6074,2
6075,0
6076,4
6077,0
6078,1
6079,2
6080,2
6081,0
6082,3
6083,1
6084,1
6085,0
6086,1
6087,0
6088,0
6089,0
6090,1
6091,1
6092,0
6093,0
6094,1
6095,5
6096,3
6097,2
6098,1
6099,1
6100,1
6101,3
6102,1
6103,1
6104,0
6105,0
6106,1
6107,2
6108,4
6109,1
6110,1
6111,4
6112,4
6113,1
6114,0
6115,4
6116,3
6117,0
6118,1
6119,0
6120,1
6121,0
6122,4
6123,1
6124,1
6125,3
6126,2
6127,1
6128,0
6129,1
6130,1
6131,1
6132,1
6133,3
6134,1
6135,3
6136,1
6137,1
6138,3
6139,0
6140,1
6141,1
6142,0
6143,1
6144,3
6145,0
6146,1
6147,0
6148,1
6149,1
6150,1
6151,3
6152,0
6153,0
6154,2
6155,1
6156,4
6157,1
6158,1
6159,0
6160,1
6161,5
6162,0
6163,1
6164,1
6165,1
6166,3
6167,0
6168,0
6169,0
6170,1
6171,4
6172,2
6173,0
6174,2
6175,0
6176,3
6177,1
6178,0
6179,4
6180,3
6181,3
6182,1
6183,1
6184,0
6185,2
6186,1
6187,4
6188,1
6189,1
6190,1
6191,1
6192,1
6193,3
6194,4
6195,0
6196,0
6197,4
6198,2
6199,1
6200,1
6201,4
6202,3
6203,1
6204,1
6205,3
6206,0
6207,0
6208,1
6209,0
6210,0
6211,1
6212,2
6213,1
6214,0
6215,1
6216,2
6217,1
6218,3
6219,1
6220,0
6221,3
6222,4
6223,4
6224,2
6225,3
6226,1
6227,3
6228,1
6229,2
6230,3
6231,3
6232,3
6233,1
6234,4
6235,1
6236,0
6237,2
6238,5
6239,1
6240,0
6241,1
6242,4
6243,1
6244,0
6245,1
6246,4
6247,3
6248,0
6249,1
6250,0
6251,1
6252,3
6253,3
6254,0
6255,1
6256,0
6257,4
6258,0
6259,4
6260,1
6261,0
6262,3
6263,0
6264,0
6265,1
6266,0
6267,1
6268,0
6269,0
6270,3
6271,0
6272,4
6273,1
6274,4
6275,1
6276,0
6277,1
6278,2
6279,0
6280,0
6281,0
6282,3
6283,2
6284,3
6285,1
6286,3
6287,1
6288,1
6289,5
6290,3
6291,1
6292,0
6293,2
6294,4
6295,2
6296,4
6297,1
6298,3
6299,1
6300,0
6301,0
6302,1
6303,1
6304,1
6305,4
6306,4
6307,3
6308,4
6309,1
6310,1
6311,1
6312,3
6313,0
6314,2
6315,1
6316,1
6317,3
6318,1
6319,1
6320,5
6321,0
6322,1
6323,0
6324,0
6325,3
6326,4
6327,0
6328,3
6329,5
6330,1
6331,1
6332,2
6333,1
6334,1
6335,1
6336,1
6337,1
6338,0
6339,4
6340,2
6341,3
6342,0
6343,1
6344,1
6345,1
6346,0
6347,0
6348,0
6349,1
6350,3
6351,5
6352,0
6353,2
6354,0
6355,1
6356,1
6357,0
6358,2
6359,4
6360,0
6361,1
6362,0
6363,3
6364,3
6365,4
6366,3
6367,3
6368,3
6369,1
6370,0
6371,1
6372,3
6373,0
6374,3
6375,0
6376,0
6377,4
6378,1
6379,1
6380,1
6381,0
6382,3
6383,2
6384,0
6385,1
6386,0
6387,1
6388,2
6389,0
6390,0
6391,3
6392,0
6393,0
6394,1
6395,0
6396,0
6397,2
6398,3
6399,1
6400,0
6401,3
6402,2
6403,1
6404,1
6405,1
6406,1
6407,1
6408,3
6409,0
6410,0
6411,5
6412,0
6413,0
6414,2
6415,4
6416,0
6417,0
6418,1
6419,1
6420,2
6421,1
6422,4
6423,1
6424,0
6425,1
6426,1
6427,1
6428,1
6429,0
6430,3
6431,0
6432,4
6433,3
6434,1
6435,3
6436,1
6437,4
6438,0
6439,0
6440,2
6441,1
6442,2
6443,0
6444,0
6445,1
6446,0
6447,1
6448,1
6449,1
6450,1
6451,3
6452,1
6453,0
6454,1
6455,0
6456,1
6457,1
6458,3
6459,0
6460,0
6461,0
6462,1
6463,1
6464,1
6465,0
6466,0
6467,0
6468,1
6469,4
6470,3
6471,0
6472,0
6473,0
6474,0
6475,1
6476,0
6477,1
6478,5
6479,1
6480,1
6481,1
6482,4
6483,0
6484,1
6485,3
6486,1
6487,1
6488,1
6489,0
6490,0
6491,1
6492,2
6493,1
6494,0
6495,3
6496,3
6497,1
6498,0
6499,0
6500,1
6501,1
6502,1
6503,5
6504,3
6505,1
6506,0
6507,1
6508,4
6509,0
6510,1
6511,3
6512,3
6513,4
6514,0
6515,1
6516,4
6517,3
6518,1
6519,3
6520,0
6521,4
6522,0
6523,0
6524,1
6525,0
6526,3
6527,0
6528,2
6529,1
6530,1
6531,1
6532,0
6533,0
6534,0
6535,1
6536,0
6537,0
6538,1
6539,0
6540,3
6541,2
6542,4
6543,1
6544,0
6545,0
6546,3
6547,5
6548,1
6549,1
6550,3
6551,3
6552,1
6553,0
6554,2
6555,1
6556,0
6557,1
6558,1
6559,0
6560,1
6561,0
6562,1
6563,3
6564,1
6565,0
6566,0
6567,0
6568,1
6569,1
6570,0
6571,1
6572,1
6573,1
6574,1
6575,0
6576,0
6577,1
6578,1
6579,1
6580,1
6581,0
6582,0
6583,1
6584,0
6585,0
6586,2
6587,4
6588,4
6589,0
6590,0
6591,0
6592,0
6593,0
6594,0
6595,5
6596,0
6597,4
6598,1
6599,0
6600,4
6601,4
6602,0
6603,3
6604,5
6605,0
6606,2
6607,1
6608,2
6609,1
6610,1
6611,0
6612,4
6613,1
6614,2
6615,2
6616,1
6617,1
6618,4
6619,1
6620,1
6621,1
6622,1
6623,1
6624,2
6625,2
6626,1
6627,0
6628,3
6629,3
6630,2
6631,1
6632,0
6633,4
6634,2
6635,2
6636,3
6637,4
6638,1
6639,3
6640,4
6641,0
6642,1
6643,0
6644,1
6645,4
6646,0
6647,1
6648,1
6649,0
6650,0
6651,0
6652,1
6653,1
6654,0
6655,0
6656,4
6657,0
6658,1
6659,1
6660,4
6661,1
6662,0
6663,0
6664,4
6665,3
6666,5
6667,1
6668,0
6669,0
6670,1
6671,1
6672,1
6673,1
6674,2
6675,2
6676,0
6677,2
6678,5
6679,0
6680,3
6681,1
6682,0
6683,1
6684,3
6685,1
6686,1
6687,1
6688,1
6689,1
6690,3
6691,1
6692,1
6693,2
6694,3
6695,1
6696,3
6697,2
6698,3
6699,1
6700,0
6701,1
6702,1
6703,1
6704,1
6705,1
6706,3
6707,1
6708,3
6709,0
6710,3
6711,1
6712,0
6713,0
6714,0
6715,1
6716,1
6717,1
6718,1
6719,4
6720,3
6721,0
6722,1
6723,1
6724,2
6725,1
6726,0
6727,3
6728,1
6729,0
6730,0
6731,1
6732,4
6733,1
6734,4
6735,1
6736,1
6737,2
6738,5
6739,0
6740,2
6741,0
6742,0
6743,0
6744,1
6745,0
6746,3
6747,0
6748,2
6749,1
6750,3
6751,3
6752,1
6753,2
6754,1
6755,1
6756,1
6757,3
6758,0
6759,0
6760,1
6761,3
6762,4
6763,1
6764,0
6765,1
6766,1
6767,3
6768,3
6769,3
6770,3
6771,1
6772,0
6773,1
6774,0
6775,0
6776,1
6777,3
6778,0
6779,1
6780,4
6781,0
6782,0
6783,4
6784,1
6785,1
6786,0
6787,1
6788,2
6789,0
6790,4
6791,1
6792,1
6793,2
6794,1
6795,0
6796,1
6797,0
6798,1
6799,2
6800,1
6801,0
6802,0
6803,0
6804,1
6805,1
6806,1
6807,2
6808,1
6809,0
6810,4
6811,1
6812,3
6813,0
6814,1
6815,1
6816,0
6817,3
6818,4
6819,0
6820,4
6821,0
6822,3
6823,0
6824,1
6825,1
6826,0
6827,0
6828,1
6829,1
6830,1
6831,1
6832,0
6833,0
6834,1
6835,4
6836,3
6837,1
6838,0
6839,3
6840,0
6841,0
6842,1
6843,0
6844,0
6845,0
6846,0
6847,3
6848,1
6849,1
6850,0
6851,4
6852,0
6853,3
6854,0
6855,0
6856,0
6857,4
6858,1
6859,2
6860,1
6861,2
6862,1
6863,0
6864,0
6865,0
6866,1
6867,1
6868,1
6869,3
6870,5
6871,3
6872,5
6873,1
6874,1
6875,4
6876,2
6877,0
6878,1
6879,1
6880,1
6881,0
6882,1
6883,1
6884,0
6885,1
6886,1
6887,1
6888,1
6889,2
6890,1
6891,0
6892,1
6893,4
6894,0
6895,3
6896,1
6897,1
6898,4
6899,0
6900,3
6901,1
6902,0
6903,4
6904,0
6905,0
6906,0
6907,3
6908,1
6909,0
6910,5
6911,0
6912,1
6913,5
6914,4
6915,2
6916,1
6917,3
6918,1
6919,3
6920,0
6921,0
6922,5
6923,1
6924,1
6925,4
6926,1
6927,3
6928,1
6929,3
6930,4
6931,1
6932,1
6933,0
6934,0
6935,0
6936,3
6937,2
6938,4
6939,1
6940,3
6941,1
6942,3
6943,3
6944,1
6945,1
6946,0
6947,1
6948,0
6949,1
6950,0
6951,5
6952,0
6953,1
6954,1
6955,0
6956,1
6957,1
6958,3
6959,1
6960,1
6961,2
6962,3
6963,1
6964,3
6965,0
6966,1
6967,1
6968,4
6969,0
6970,1
6971,1
6972,0
6973,1
6974,0
6975,1
6976,0
6977,0
6978,0
6979,4
6980,2
6981,3
6982,2
6983,0
6984,1
6985,4
6986,1
6987,0
6988,0
6989,3
6990,4
6991,0
6992,4
6993,1
6994,3
6995,1
6996,4
6997,0
6998,0
6999,1
7000,0
7001,0
7002,1
7003,1
7004,0
7005,1
7006,0
7007,0
7008,0
7009,1
7010,1
7011,0
7012,1
7013,0
7014,1
7015,3
7016,1
7017,1
7018,1
7019,2
7020,0
7021,1
7022,0
7023,3
7024,3
7025,2
7026,1
7027,2
7028,0
7029,1
7030,0
7031,3
7032,3
7033,0
7034,4
7035,4
7036,1
7037,4
7038,1
7039,0
7040,1
7041,0
7042,1
7043,1
7044,3
7045,1
7046,1
7047,0
7048,1
7049,3
7050,1
7051,1
7052,4
7053,1
7054,2
7055,0
7056,1
7057,1
7058,1
7059,4
7060,1
7061,1
7062,4
7063,3
7064,3
7065,0
7066,1
7067,1
7068,5
7069,1
7070,2
7071,4
7072,2
7073,3
7074,1
7075,4
7076,1
7077,4
7078,1
7079,3
7080,3
7081,3
7082,0
7083,4
7084,1
7085,1
7086,2
7087,0
7088,3
7089,3
7090,0
7091,3
7092,0
7093,3
7094,3
7095,5
7096,0
7097,3
7098,0
7099,4
7100,0
7101,3
7102,0
7103,1
7104,0
7105,4
7106,4
7107,0
7108,4
7109,1
7110,1
7111,1
7112,2
7113,1
7114,0
7115,0
7116,3
7117,1
7118,1
7119,0
7120,0
7121,4
7122,1
7123,1
7124,4
7125,1
7126,1
7127,0
7128,1
7129,1
7130,1
7131,0
7132,0
7133,3
7134,1
7135,1
7136,0
7137,1
7138,4
7139,0
7140,5
7141,1
7142,0
7143,1
7144,3
7145,1
7146,0
7147,0
7148,4
7149,2
7150,4
7151,0
7152,0
7153,1
7154,0
7155,4
7156,0
7157,1
7158,4
7159,4
7160,3
7161,1
7162,1
7163,1
7164,0
7165,1
7166,0
7167,1
7168,0
7169,1
7170,1
7171,1
7172,1
7173,5
7174,1
7175,2
7176,0
7177,1
7178,0
7179,1
7180,0
7181,1
7182,3
7183,1
7184,0
7185,3
7186,1
7187,1
7188,0
7189,0
7190,2
7191,1
7192,2
7193,0
7194,0
7195,3
7196,3
7197,1
7198,3
7199,2
7200,0
7201,1
7202,4
7203,3
7204,3
7205,0
7206,1
7207,1
7208,4
7209,3
7210,0
7211,0
7212,3
7213,0
7214,0
7215,0
7216,1
7217,0
7218,0
7219,0
7220,1
7221,1
7222,4
7223,0
7224,1
7225,0
7226,5
7227,1
7228,1
7229,1
7230,1
7231,3
7232,1
7233,5
7234,1
7235,0
7236,0
7237,0
7238,4
7239,0
7240,4
7241,1
7242,3
7243,4
7244,1
7245,1
7246,3
7247,3
7248,1
7249,0
7250,3
7251,5
7252,3
7253,4
7254,1
7255,3
7256,3
7257,1
7258,2
7259,0
7260,1
7261,0
7262,1
7263,0
7264,0
7265,0
7266,1
7267,2
7268,1
7269,0
7270,4
7271,0
7272,1
7273,5
7274,0
7275,1
7276,3
7277,3
7278,4
7279,0
7280,3
7281,1
7282,1
7283,4
7284,0
7285,1
7286,0
7287,3
7288,4
7289,0
7290,1
7291,1
7292,1
7293,0
7294,3
7295,0
7296,0
7297,1
7298,1
7299,1
7300,1
7301,1
7302,1
7303,3
7304,2
7305,1
7306,2
7307,1
7308,0
7309,3
7310,4
7311,5
7312,0
7313,0
7314,3
7315,1
7316,2
7317,1
7318,2
7319,0
7320,2
7321,0
7322,4
7323,0
7324,1
7325,0
7326,1
7327,0
7328,0
7329,1
7330,0
7331,1
7332,1
7333,0
7334,0
7335,1
7336,0
7337,3
7338,1
7339,5
7340,0
7341,1
7342,0
7343,2
7344,4
7345,1
7346,0
7347,1
7348,3
7349,1
7350,3
7351,1
7352,3
7353,1
7354,1
7355,3
7356,1
7357,3
7358,4
7359,3
7360,4
7361,0
7362,1
7363,0
7364,3
7365,0
7366,1
7367,2
7368,1
7369,2
7370,1
7371,0
7372,3
7373,4
7374,0
7375,0
7376,3
7377,0
7378,3
7379,1
7380,1
7381,1
7382,1
7383,1
7384,1
7385,0
7386,2
7387,2
7388,1
7389,4
7390,1
7391,1
7392,2
7393,4
7394,0
7395,0
7396,0
7397,3
7398,1
7399,1
7400,1
7401,1
7402,1
7403,0
7404,4
7405,1
7406,0
7407,1
7408,1
7409,2
7410,4
7411,1
7412,0
7413,1
7414,3
7415,0
7416,4
7417,1
7418,1
7419,0
7420,0
7421,3
7422,4
7423,1
7424,4
7425,1
7426,0
7427,2
7428,0
7429,0
7430,3
7431,3
7432,0
7433,0
7434,3
7435,0
7436,3
7437,4
7438,1
7439,3
7440,1
7441,2
7442,1
7443,5
7444,0
7445,1
7446,0
7447,2
7448,1
7449,1
7450,1
7451,1
7452,2
7453,5
7454,1
7455,2
7456,3
7457,0
7458,0
7459,1
7460,1
7461,3
7462,1
7463,0
7464,3
7465,2
7466,1
7467,3
7468,1
7469,0
7470,0
7471,0
7472,0
7473,1
7474,1
7475,0
7476,4
7477,0
7478,1
7479,0
7480,1
7481,3
7482,0
7483,3
7484,0
7485,1
7486,4
7487,3
7488,1
7489,1
7490,0
7491,1
7492,3
7493,1
7494,1
7495,3
7496,0
7497,1
7498,0
7499,1
7500,2
7501,3
7502,0
7503,3
7504,2
7505,1
7506,1
7507,4
7508,1
7509,0
7510,1
7511,3
7512,1
7513,0
7514,4
7515,1
7516,3
7517,1
7518,0
7519,3
7520,1
7521,1
7522,5
7523,1
7524,4
7525,4
7526,1
7527,0
7528,1
7529,1
7530,2
7531,0
7532,3
7533,3
7534,4
7535,2
7536,0
7537,1
7538,2
7539,0
7540,3
7541,0
7542,4
7543,0
7544,1
7545,0
7546,3
7547,1
7548,3
7549,5
7550,1
7551,1
7552,3
7553,0
7554,1
7555,0
7556,2
7557,2
7558,0
7559,2
7560,1
7561,4
7562,0
7563,3
7564,1
7565,1
7566,3
7567,3
7568,0
7569,0
7570,0
7571,0
7572,3
7573,1
7574,4
7575,4
7576,4
7577,0
7578,3
7579,3
7580,3
7581,2
7582,2
7583,2
7584,1
7585,3
7586,5
7587,0
7588,0
7589,1
7590,1
7591,2
7592,3
7593,0
7594,1
7595,4
7596,0
7597,1
7598,1
7599,0
7600,3
7601,1
7602,1
7603,1
7604,3
7605,1
7606,1
7607,4
7608,2
7609,1
7610,2
7611,0
7612,1
7613,0
7614,4
7615,0
7616,1
7617,1
7618,0
7619,1
7620,1
7621,0
7622,4
7623,5
7624,1
7625,1
7626,0
7627,3
7628,1
7629,1
7630,3
7631,3
7632,1
7633,1
7634,3
7635,4
7636,3
7637,0
7638,1
7639,4
7640,4
7641,1
7642,1
7643,3
7644,2
7645,0
7646,2
7647,0
7648,3
7649,0
7650,1
7651,0
7652,0
7653,0
7654,0
7655,1
7656,1
7657,1
7658,1
7659,0
7660,3
7661,3
7662,4
7663,3
7664,5
7665,3
7666,3
7667,0
7668,2
7669,2
7670,0
7671,3
7672,2
7673,4
7674,4
7675,3
7676,5
7677,3
7678,3
7679,1
7680,0
7681,3
7682,0
7683,0
7684,0
7685,4
7686,0
7687,2
7688,2
7689,0
7690,4
7691,1
7692,2
7693,0
7694,3
7695,5
7696,0
7697,4
7698,3
7699,4
7700,0
7701,0
7702,0
7703,1
7704,1
7705,0
7706,1
7707,0
7708,1
7709,4
7710,1
7711,0
7712,4
7713,3
7714,0
7715,4
7716,0
7717,2
7718,1
7719,0
7720,1
7721,0
7722,1
7723,1
7724,0
7725,1
7726,0
7727,1
7728,4
7729,4
7730,3
7731,1
7732,1
7733,0
7734,4
7735,4
7736,0
7737,1
7738,4
7739,1
7740,3
7741,5
7742,1
7743,1
7744,2
7745,1
7746,0
7747,1
7748,0
7749,0
7750,0
7751,1
7752,4
7753,0
7754,1
7755,1
7756,4
7757,2
7758,1
7759,1
7760,3
7761,3
7762,0
7763,4
7764,1
7765,1
7766,0
7767,1
7768,4
7769,0
7770,3
7771,4
7772,1
7773,0
7774,3
7775,1
7776,0
7777,1
7778,0
7779,0
7780,0
7781,0
7782,1
7783,0
7784,1
7785,0
7786,1
7787,3
7788,1
7789,1
7790,0
7791,1
7792,1
7793,1
7794,1
7795,3
7796,0
7797,4
7798,1
7799,1
7800,3
7801,1
7802,0
7803,1
7804,0
7805,1
7806,4
7807,1
7808,0
7809,1
7810,0
7811,0
7812,1
7813,0
7814,1
7815,1
7816,3
7817,4
7818,1
7819,0
7820,1
7821,2
7822,4
7823,4
7824,3
7825,4
7826,3
7827,0
7828,0
7829,0
7830,0
7831,0
7832,3
7833,2
7834,1
7835,0
7836,1
7837,0
7838,1
7839,1
7840,0
7841,2
7842,4
7843,4
7844,3
7845,1
7846,1
7847,1
7848,1
7849,2
7850,2
7851,0
7852,1
7853,0
7854,1
7855,2
7856,4
7857,1
7858,3
7859,3
7860,2
7861,1
7862,3
7863,0
7864,0
7865,1
7866,1
7867,0
7868,1
7869,1
7870,0
7871,0
7872,0
7873,1
7874,1
7875,0
7876,2
7877,3
7878,1
7879,1
7880,1
7881,1
7882,3
7883,0
7884,1
7885,1
7886,4
7887,1
7888,1
7889,1
7890,3
7891,0
7892,0
7893,3
7894,0
7895,1
7896,3
7897,1
7898,1
7899,0
7900,2
7901,1
7902,2
7903,4
7904,2
7905,0
7906,1
7907,0
7908,4
7909,4
7910,1
7911,0
7912,4
7913,0
7914,4
7915,1
7916,5
7917,2
7918,1
7919,3
7920,4
7921,1
7922,3
7923,0
7924,3
7925,3
7926,3
7927,0
7928,1
7929,0
7930,3
7931,3
7932,4
7933,2
7934,0
7935,0
7936,4
7937,1
7938,3
7939,0
7940,3
7941,1
7942,3
7943,2
7944,0
7945,2
7946,3
7947,0
7948,0
7949,0
7950,0
7951,3
7952,3
7953,1
7954,0
7955,4
7956,2
7957,0
7958,0
7959,3
7960,3
7961,4
7962,5
7963,1
7964,0
7965,1
7966,3
7967,3
7968,1
7969,3
7970,1
7971,3
7972,4
7973,1
7974,2
7975,3
7976,1
7977,1
7978,3
7979,0
7980,1
7981,0
7982,1
7983,1
7984,2
7985,2
7986,2
7987,3
7988,0
7989,0
7990,1
7991,0
7992,3
7993,1
7994,1
7995,0
7996,4
7997,5
7998,2
7999,0
8000,1
8001,0
8002,0
8003,0
8004,0
8005,1
8006,4
8007,4
8008,0
8009,1
8010,0
8011,1
8012,4
8013,4
8014,0
8015,0
8016,3
8017,3
8018,1
8019,1
8020,2
8021,0
8022,4
8023,0
8024,5
8025,5
8026,0
8027,0
8028,1
8029,0
8030,2
8031,1
8032,4
8033,0
8034,1
8035,1
8036,1
8037,0
8038,3
8039,0
8040,0
8041,4
8042,0
8043,3
8044,4
8045,0
8046,1
8047,1
8048,0
8049,3
8050,3
8051,5
8052,0
8053,1
8054,3
8055,0
8056,1
8057,1
8058,4
8059,1
8060,3
8061,5
8062,1
8063,3
8064,4
8065,3
8066,3
8067,0
8068,1
8069,2
8070,0
8071,3
8072,1
8073,0
8074,1
8075,3
8076,4
8077,1
8078,0
8079,0
8080,1
8081,1
8082,4
8083,1
8084,4
8085,0
8086,2
8087,0
8088,1
8089,2
8090,3
8091,3
8092,1
8093,1
8094,4
8095,4
8096,0
8097,1
8098,1
8099,1
8100,1
8101,4
8102,0
8103,1
8104,1
8105,0
8106,0
8107,4
8108,1
8109,0
8110,4
8111,1
8112,4
8113,1
8114,1
8115,1
8116,0
8117,4
8118,5
8119,1
8120,0
8121,3
8122,0
8123,0
8124,4
8125,3
8126,2
8127,1
8128,0
8129,4
8130,0
8131,1
8132,0
8133,1
8134,1
8135,0
8136,1
8137,1
8138,4
8139,0
8140,0
8141,0
8142,0
8143,0
8144,0
8145,3
8146,4
8147,4
8148,0
8149,3
8150,0
8151,0
8152,1
8153,0
8154,1
8155,1
8156,1
8157,0
8158,0
8159,1
8160,3
8161,0
8162,3
8163,1
8164,0
8165,1
8166,5
8167,0
8168,1
8169,0
8170,0
8171,0
8172,1
8173,1
8174,1
8175,1
8176,0
8177,0
8178,0
8179,3
8180,0
8181,1
8182,1
8183,2
8184,0
8185,1
8186,0
8187,4
8188,3
8189,1
8190,4
8191,1
8192,1
8193,1
8194,3
8195,1
8196,1
8197,0
8198,1
8199,1
8200,1
8201,1
8202,4
8203,3
8204,1
8205,3
8206,3
8207,1
8208,3
8209,1
8210,3
8211,4
8212,0
8213,0
8214,3
8215,1
8216,1
8217,0
8218,4
8219,4
8220,4
8221,1
8222,1
8223,1
8224,0
8225,1
8226,0
8227,1
8228,3
8229,0
8230,2
8231,1
8232,0
8233,1
8234,1
8235,1
8236,1
8237,2
8238,3
8239,1
8240,1
8241,1
8242,1
8243,0
8244,3
8245,0
8246,1
8247,1
8248,1
8249,0
8250,0
8251,1
8252,4
8253,0
8254,1
8255,0
8256,1
8257,3
8258,0
8259,3
8260,4
8261,5
8262,1
8263,4
8264,1
8265,0
8266,3
8267,0
8268,3
8269,1
8270,0
8271,4
8272,3
8273,2
8274,0
8275,1
8276,0
8277,1
8278,1
8279,3
8280,0
8281,0
8282,1
8283,1
8284,4
8285,3
8286,3
8287,0
8288,0
8289,0
8290,3
8291,0
8292,3
8293,3
8294,0
8295,1
8296,1
8297,2
8298,1
8299,2
8300,1
8301,0
8302,1
8303,1
8304,1
8305,4
8306,0
8307,4
8308,3
8309,0
8310,1
8311,1
8312,2
8313,4
8314,2
8315,3
8316,0
8317,4
8318,3
8319,3
8320,4
8321,1
8322,1
8323,1
8324,3
8325,0
8326,0
8327,1
8328,0
8329,1
8330,1
8331,4
8332,1
8333,1
8334,3
8335,0
8336,0
8337,4
8338,0
8339,0
8340,1
8341,1
8342,3
8343,1
8344,3
8345,5
8346,1
8347,0
8348,0
8349,1
8350,0
8351,3
8352,3
8353,0
8354,1
8355,4
8356,0
8357,1
8358,1
8359,3
8360,5
8361,1
8362,4
8363,0
8364,3
8365,1
8366,1
8367,3
8368,0
8369,3
8370,0
8371,0
8372,4
8373,0
8374,3
8375,0
8376,4
8377,0
8378,0
8379,0
8380,0
8381,0
8382,5
8383,4
8384,3
8385,2
8386,3
8387,0
8388,1
8389,1
8390,2
8391,0
8392,0
8393,0
8394,0
8395,0
8396,0
8397,0
8398,2
8399,1
8400,2
8401,1
8402,1
8403,3
8404,0
8405,1
8406,1
8407,0
8408,3
8409,4
8410,3
8411,0
8412,1
8413,1
8414,4
8415,4
8416,0
8417,0
8418,0
8419,1
8420,0
8421,1
8422,3
8423,1
8424,0
8425,0
8426,1
8427,4
8428,0
8429,1
8430,0
8431,0
8432,3
8433,1
8434,3
8435,1
8436,3
8437,1
8438,1
8439,2
8440,2
8441,0
8442,1
8443,4
8444,3
8445,4
8446,0
8447,0
8448,0
8449,3
8450,1
8451,3
8452,1
8453,1
8454,2
8455,4
8456,3
8457,1
8458,1
8459,5
8460,2
8461,0
8462,0
8463,3
8464,4
8465,3
8466,1
8467,0
8468,1
8469,3
8470,4
8471,0
8472,0
8473,3
8474,0
8475,3
8476,0
8477,0
8478,0
8479,0
8480,3
8481,2
8482,3
8483,0
8484,0
8485,0
8486,0
8487,2
8488,1
8489,0
8490,5
8491,2
8492,0
8493,0
8494,4
8495,0
8496,1
8497,1
8498,4
8499,3
8500,3
8501,3
8502,1
8503,0
8504,3
8505,3
8506,4
8507,1
8508,5
8509,1
8510,1
8511,0
8512,1
8513,1
8514,0
8515,0
8516,0
8517,1
8518,3
8519,0
8520,1
8521,5
8522,3
8523,2
8524,1
8525,1
8526,1
8527,1
8528,1
8529,4
8530,1
8531,1
8532,1
8533,4
8534,0
8535,4
8536,0
8537,4
8538,1
8539,0
8540,1
8541,3
8542,0
8543,5
8544,1
8545,3
8546,1
8547,0
8548,4
8549,1
8550,3
8551,2
8552,0
8553,0
8554,0
8555,1
8556,5
8557,1
8558,3
8559,0
8560,3
8561,1
8562,0
8563,0
8564,3
8565,0
8566,0
8567,1
8568,3
8569,1
8570,1
8571,4
8572,4
8573,5
8574,3
8575,4
8576,0
8577,1
8578,0
8579,1
8580,1
8581,0
8582,1
8583,0
8584,4
8585,4
8586,0
8587,5
8588,1
8589,1
8590,1
8591,0
8592,1
8593,3
8594,1
8595,4
8596,1
8597,1
8598,0
8599,1
8600,1
8601,4
8602,0
8603,5
8604,4
8605,0
8606,0
8607,0
8608,3
8609,3
8610,1
8611,0
8612,1
8613,1
8614,5
8615,0
8616,0
8617,1
8618,4
8619,4
8620,1
8621,1
8622,1
8623,0
8624,1
8625,1
8626,1
8627,3
8628,0
8629,4
8630,1
8631,0
8632,3
8633,3
8634,1
8635,0
8636,0
8637,2
8638,1
8639,0
8640,1
8641,4
8642,3
8643,3
8644,2
8645,3
8646,1
8647,1
8648,0
8649,3
8650,3
8651,1
8652,0
8653,3
8654,1
8655,1
8656,1
8657,1
8658,1
8659,3
8660,4
8661,0
8662,3
8663,0
8664,3
8665,1
8666,0
8667,4
8668,4
8669,1
8670,0
8671,1
8672,1
8673,3
8674,1
8675,1
8676,1
8677,1
8678,0
8679,1
8680,0
8681,0
8682,3
8683,3
8684,3
8685,0
8686,4
8687,1
8688,1
8689,0
8690,2
8691,1
8692,0
8693,0
8694,1
8695,2
8696,3
8697,0
8698,1
8699,0
8700,1
8701,1
8702,0
8703,1
8704,0
8705,0
8706,3
8707,3
8708,3
8709,4
8710,1
8711,1
8712,0
8713,4
8714,3
8715,0
8716,3
8717,2
8718,0
8719,0
8720,3
8721,3
8722,5
8723,0
8724,0
8725,1
8726,0
8727,0
8728,1
8729,2
8730,2
8731,1
8732,2
8733,0
8734,1
8735,0
8736,0
8737,1
8738,5
8739,0
8740,0
8741,0
8742,2
8743,0
8744,0
8745,1
8746,0
8747,1
8748,1
8749,1
8750,1
8751,2
8752,3
8753,4
8754,1
8755,4
8756,3
8757,0
8758,1
8759,0
8760,3
8761,3
8762,2
8763,1
8764,1
8765,1
8766,0
8767,1
8768,3
8769,1
8770,1
8771,0
8772,1
8773,5
8774,1
8775,3
8776,1
8777,0
8778,1
8779,1
8780,1
8781,3
8782,3
8783,4
8784,4
8785,5
8786,4
8787,1
8788,0
8789,1
8790,0
8791,3
8792,1
8793,1
8794,1
8795,1
8796,0
8797,2
8798,1
8799,0
8800,2
8801,3
8802,0
8803,1
8804,4
8805,0
8806,5
8807,1
8808,4
8809,0
8810,0
8811,1
8812,3
8813,4
8814,3
8815,0
8816,1
8817,3
8818,3
8819,3
8820,0
8821,0
8822,0
8823,1
8824,1
8825,1
8826,1
8827,0
8828,3
8829,1
8830,4
8831,3
8832,1
8833,2
8834,3
8835,1
8836,1
8837,3
8838,2
8839,5
8840,0
8841,1
8842,0
8843,3
8844,3
8845,1
8846,0
8847,1
8848,1
8849,3
8850,4
8851,1
8852,4
8853,4
8854,1
8855,1
8856,0
8857,3
8858,0
8859,2
8860,3
8861,0
8862,1
8863,0
8864,1
8865,0
8866,0
8867,3
8868,3
8869,1
8870,1
8871,2
8872,1
8873,3
8874,1
8875,1
8876,3
8877,2
8878,0
8879,0
8880,0
8881,4
8882,0
8883,4
8884,0
8885,1
8886,1
8887,2
8888,4
8889,0
8890,4
8891,0
8892,3
8893,5
8894,4
8895,1
8896,0
8897,0
8898,0
8899,3
8900,3
8901,1
8902,0
8903,1
8904,1
8905,0
8906,2
8907,0
8908,0
8909,3
8910,0
8911,1
8912,0
8913,0
8914,4
8915,0
8916,0
8917,0
8918,0
8919,2
8920,4
8921,0
8922,2
8923,1
8924,0
8925,3
8926,1
8927,0
8928,1
8929,0
8930,1
8931,1
8932,3
8933,0
8934,1
8935,1
8936,1
8937,0
8938,2
8939,3
8940,2
8941,1
8942,3
8943,2
8944,2
8945,3
8946,0
8947,1
8948,1
8949,1
8950,3
8951,3
8952,4
8953,1
8954,0
8955,4
8956,2
8957,3
8958,3
8959,4
8960,3
8961,0
8962,1
8963,0
8964,1
8965,3
8966,1
8967,0
8968,1
8969,0
8970,1
8971,1
8972,5
8973,0
8974,5
8975,3
8976,5
8977,0
8978,0
8979,1
8980,1
8981,1
8982,4
8983,0
8984,1
8985,0
8986,1
8987,0
8988,4
8989,1
8990,1
8991,0
8992,3
8993,1
8994,3
8995,0
8996,4
8997,0
8998,1
8999,4
9000,0
9001,1
9002,3
9003,1
9004,1
9005,0
9006,3
9007,0
9008,3
9009,4
9010,3
9011,2
9012,1
9013,4
9014,0
9015,3
9016,1
9017,2
9018,5
9019,0
9020,0
9021,3
9022,1
9023,1
9024,4
9025,2
9026,4
9027,0
9028,1
9029,4
9030,0
9031,1
9032,0
9033,1
9034,1
9035,0
9036,0
9037,0
9038,1
9039,1
9040,3
9041,2
9042,5
9043,0
9044,1
9045,1
9046,0
9047,3
9048,0
9049,1
9050,1
9051,1
9052,0
9053,0
9054,0
9055,1
9056,1
9057,0
9058,1
9059,0
9060,0
9061,0
9062,2
9063,1
9064,0
9065,1
9066,1
9067,1
9068,1
9069,0
9070,1
9071,3
9072,0
9073,2
9074,1
9075,2
9076,3
9077,1
9078,3
9079,1
9080,3
9081,1
9082,0
9083,1
9084,3
9085,2
9086,1
9087,1
9088,1
9089,1
9090,0
9091,3
9092,1
9093,1
9094,1
9095,1
9096,2
9097,0
9098,1
9099,0
9100,0
9101,4
9102,1
9103,1
9104,3
9105,1
9106,0
9107,1
9108,0
9109,4
9110,0
9111,1
9112,2
9113,4
9114,4
9115,4
9116,3
9117,3
9118,3
9119,3
9120,0
9121,2
9122,1
9123,1
9124,0
9125,0
9126,4
9127,0
9128,1
9129,1
9130,1
9131,2
9132,0
9133,4
9134,1
9135,3
9136,1
9137,3
9138,0
9139,4
9140,3
9141,1
9142,1
9143,3
9144,1
9145,1
9146,0
9147,3
9148,0
9149,0
9150,3
9151,1
9152,1
9153,1
9154,3
9155,1
9156,1
9157,1
9158,1
9159,5
9160,3
9161,4
9162,1
9163,1
9164,0
9165,4
9166,1
9167,1
9168,3
9169,0
9170,0
9171,0
9172,3
9173,0
9174,1
9175,0
9176,3
9177,4
9178,1
9179,5
9180,4
9181,0
9182,1
9183,2
9184,0
9185,3
9186,0
9187,3
9188,1
9189,3
9190,4
9191,1
9192,3
9193,0
9194,0
9195,1
9196,1
9197,1
9198,0
9199,0
9200,0
9201,0
9202,3
9203,1
9204,5
9205,0
9206,0
9207,2
9208,1
9209,0
9210,5
9211,3
9212,5
9213,1
9214,1
9215,3
9216,3
9217,0
9218,1
9219,1
9220,1
9221,5
9222,3
9223,1
9224,0
9225,1
9226,2
9227,0
9228,0
9229,1
9230,0
9231,3
9232,5
9233,0
9234,1
9235,4
9236,0
9237,1
9238,4
9239,1
9240,0
9241,3
9242,1
9243,4
9244,1
9245,3
9246,2
9247,3
9248,0
9249,1
9250,1
9251,3
9252,4
9253,3
9254,1
9255,4
9256,1
9257,1
9258,2
9259,1
9260,3
9261,1
9262,4
9263,1
9264,0
9265,1
9266,0
9267,0
9268,3
9269,3
9270,0
9271,1
9272,1
9273,3
9274,1
9275,0
9276,3
9277,1
9278,1
9279,1
9280,1
9281,3
9282,1
9283,4
9284,0
9285,3
9286,1
9287,1
9288,3
9289,0
9290,1
9291,0
9292,1
9293,0
9294,0
9295,0
9296,0
9297,3
9298,1
9299,0
9300,1
9301,0
9302,0
9303,1
9304,3
9305,0
9306,4
9307,0
9308,0
9309,1
9310,1
9311,0
9312,3
9313,0
9314,0
9315,3
9316,1
9317,4
9318,0
9319,0
9320,1
9321,1
9322,0
9323,3
9324,3
9325,0
9326,1
9327,2
9328,2
9329,0
9330,1
9331,1
9332,4
9333,1
9334,0
9335,3
9336,3
9337,1
9338,4
9339,5
9340,3
9341,3
9342,0
9343,0
9344,1
9345,1
9346,4
9347,1
9348,4
9349,0
9350,3
9351,3
9352,4
9353,3
9354,0
9355,2
9356,0
9357,1
9358,0
9359,1
9360,2
9361,1
9362,1
9363,0
9364,1
9365,1
9366,1
9367,1
9368,1
9369,1
9370,1
9371,2
9372,0
9373,1
9374,3
9375,5
9376,4
9377,0
9378,2
9379,0
9380,0
9381,2
9382,1
9383,1
9384,1
9385,0
9386,1
9387,0
9388,1
9389,1
9390,1
9391,0
9392,1
9393,2
9394,0
9395,0
9396,3
9397,4
9398,1
9399,0
9400,1
9401,1
9402,3
9403,0
9404,0
9405,0
9406,4
9407,0
9408,4
9409,1
9410,3
9411,1
9412,3
9413,0
9414,3
9415,4
9416,1
9417,0
9418,4
9419,5
9420,1
9421,1
9422,0
9423,4
9424,1
9425,1
9426,1
9427,3
9428,3
9429,1
9430,0
9431,1
9432,3
9433,3
9434,1
9435,4
9436,5
9437,4
9438,1
9439,1
9440,4
9441,3
9442,1
9443,3
9444,1
9445,3
9446,0
9447,0
9448,0
9449,0
9450,1
9451,4
9452,1
9453,4
9454,0
9455,3
9456,1
9457,1
9458,0
9459,0
9460,3
9461,0
9462,3
9463,0
9464,1
9465,4
9466,1
9467,1
9468,0
9469,1
9470,1
9471,1
9472,1
9473,4
9474,2
9475,2
9476,0
9477,0
9478,0
9479,1
9480,1
9481,1
9482,1
9483,4
9484,1
9485,3
9486,0
9487,1
9488,2
9489,0
9490,0
9491,4
9492,1
9493,0
9494,1
9495,1
9496,3
9497,2
9498,0
9499,1
9500,2
9501,1
9502,0
9503,1
9504,0
9505,0
9506,0
9507,0
9508,4
9509,0
9510,4
9511,3
9512,1
9513,3
9514,2
9515,4
9516,0
9517,3
9518,1
9519,0
9520,0
9521,1
9522,4
9523,0
9524,0
9525,4
9526,1
9527,1
9528,2
9529,2
9530,2
9531,1
9532,1
9533,3
9534,0
9535,4
9536,1
9537,1
9538,1
9539,2
9540,3
9541,1
9542,1
9543,0
9544,2
9545,1
9546,3
9547,4
9548,1
9549,4
9550,1
9551,4
9552,0
9553,3
9554,0
9555,1
9556,3
9557,0
9558,3
9559,1
9560,0
9561,5
9562,2
9563,1
9564,0
9565,3
9566,0
9567,0
9568,0
9569,1
9570,0
9571,0
9572,0
9573,3
9574,1
9575,3
9576,3
9577,0
9578,0
9579,4
9580,1
9581,3
9582,1
9583,1
9584,4
9585,4
9586,1
9587,0
9588,0
9589,4
9590,1
9591,1
9592,0
9593,4
9594,0
9595,3
9596,0
9597,1
9598,2
9599,3
9600,4
9601,1
9602,1
9603,3
9604,1
9605,0
9606,1
9607,1
9608,0
9609,4
9610,3
9611,2
9612,1
9613,0
9614,4
9615,1
9616,1
9617,4
9618,2
9619,1
9620,2
9621,1
9622,1
9623,3
9624,0
9625,3
9626,3
9627,1
9628,1
9629,2
9630,4
9631,4
9632,1
9633,2
9634,1
9635,1
9636,4
9637,3
9638,0
9639,0
9640,3
9641,0
9642,5
9643,4
9644,1
9645,0
9646,3
9647,1
9648,3
9649,2
9650,1
9651,1
9652,1
9653,0
9654,1
9655,0
9656,2
9657,1
9658,3
9659,3
9660,1
9661,1
9662,3
9663,0
9664,0
9665,0
9666,1
9667,0
9668,3
9669,1
9670,4
9671,1
9672,2
9673,1
9674,1
9675,3
9676,5
9677,1
9678,3
9679,0
9680,0
9681,1
9682,1
9683,4
9684,4
9685,0
9686,3
9687,0
9688,5
9689,0
9690,0
9691,0
9692,3
9693,0
9694,1
9695,0
9696,1
9697,1
9698,4
9699,1
9700,1
9701,3
9702,0
9703,2
9704,0
9705,1
9706,0
9707,2
9708,5
9709,0
9710,0
9711,1
9712,0
9713,3
9714,0
9715,0
9716,0
9717,1
9718,2
9719,0
9720,0
9721,1
9722,1
9723,1
9724,1
9725,2
9726,1
9727,3
9728,2
9729,1
9730,3
9731,0
9732,1
9733,3
9734,1
9735,1
9736,2
9737,0
9738,1
9739,0
9740,4
9741,1
9742,4
9743,0
9744,0
9745,3
9746,1
9747,0
9748,1
9749,3
9750,0
9751,1
9752,1
9753,2
9754,1
9755,1
9756,0
9757,0
9758,1
9759,0
9760,1
9761,0
9762,4
9763,0
9764,4
9765,1
9766,3
9767,0
9768,0
9769,3
9770,1
9771,0
9772,1
9773,3
9774,0
9775,0
9776,4
9777,0
9778,1
9779,0
9780,2
9781,1
9782,0
9783,3
9784,0
9785,0
9786,1
9787,2
9788,4
9789,1
9790,1
9791,1
9792,0
9793,1
9794,1
9795,1
9796,4
9797,0
9798,1
9799,2
9800,3
9801,0
9802,0
9803,1
9804,1
9805,3
9806,4
9807,1
9808,3
9809,1
9810,3
9811,2
9812,2
9813,0
9814,3
9815,3
9816,5
9817,1
9818,3
9819,2
9820,1
9821,1
9822,0
9823,3
9824,0
9825,5
9826,0
9827,0
9828,0
9829,1
9830,1
9831,1
9832,0
9833,3
9834,0
9835,3
9836,3
9837,3
9838,1
9839,5
9840,1
9841,5
9842,0
9843,1
9844,4
9845,0
9846,0
9847,1
9848,3
9849,1
9850,1
9851,0
9852,0
9853,4
9854,5
9855,5
9856,1
9857,0
9858,0
9859,1
9860,3
9861,1
9862,1
9863,3
9864,1
9865,0
9866,2
9867,0
9868,3
9869,1
9870,3
9871,0
9872,0
9873,1
9874,1
9875,3
9876,1
9877,2
9878,1
9879,1
9880,0
9881,2
9882,1
9883,1
9884,0
9885,0
9886,4
9887,0
9888,3
9889,2
9890,0
9891,1
9892,0
9893,1
9894,1
9895,2
9896,1
9897,0
9898,4
9899,2
9900,3
9901,1
9902,1
9903,4
9904,3
9905,0
9906,3
9907,0
9908,0
9909,1
9910,1
9911,3
9912,4
9913,2
9914,1
9915,3
9916,0
9917,0
9918,1
9919,1
9920,1
9921,0
9922,1
9923,5
9924,1
9925,4
9926,0
9927,4
9928,2
9929,1
9930,0
9931,0
9932,1
9933,3
9934,0
9935,0
9936,4
9937,1
9938,1
9939,0
9940,4
9941,1
9942,0
9943,0
9944,0
9945,0
9946,1
9947,0
9948,1
9949,3
9950,0
9951,4
9952,3
9953,0
9954,1
9955,0
9956,3
9957,1
9958,4
9959,1
9960,4
9961,4
9962,1
9963,1
9964,0
9965,0
9966,0
9967,3
9968,0
9969,0
9970,1
9971,1
9972,0
9973,0
9974,0
9975,4
9976,0
9977,1
9978,1
9979,3
9980,0
9981,2
9982,1
9983,3
9984,1
9985,2
9986,3
9987,3
9988,1
9989,0
9990,2
9991,3
9992,1
9993,1
9994,3
9995,0
9996,3
9997,1
9998,1
9999,4
10000,0
10001,3
10002,1
10003,3
10004,1
10005,0
10006,1
10007,1
10008,0
10009,3
10010,0
10011,2
10012,2
10013,5
10014,2
10015,1
10016,1
10017,1
10018,3
10019,1
10020,3
10021,1
10022,0
10023,3
10024,1
10025,3
10026,5
10027,0
10028,1
10029,2
10030,2
10031,0
10032,2
10033,2
10034,0
10035,2
10036,3
10037,2
10038,1
10039,3
10040,2
10041,1
10042,0
10043,1
10044,3
10045,2
10046,1
10047,1
10048,0
10049,0
10050,2
10051,1
10052,2
10053,0
10054,0
10055,1
10056,2
10057,0
10058,4
10059,0
10060,1
10061,3
10062,0
10063,5
10064,1
10065,0
10066,1
10067,3
10068,0
10069,1
10070,1
10071,0
10072,1
10073,3
10074,1
10075,0
10076,0
10077,4
10078,0
10079,1
10080,1
10081,5
10082,0
10083,3
10084,3
10085,0
10086,0
10087,0
10088,1
10089,1
10090,2
10091,1
10092,1
10093,1
10094,4
10095,1
10096,0
10097,3
10098,5
10099,0
10100,0
10101,4
10102,1
10103,1
10104,1
10105,1
10106,1
10107,5
10108,0
10109,4
10110,1
10111,0
10112,1
10113,4
10114,1
10115,0
10116,0
10117,2
10118,0
10119,3
10120,2
10121,1
10122,3
10123,1
10124,1
10125,1
10126,1
10127,3
10128,3
10129,0
10130,2
10131,1
10132,3
10133,0
10134,1
10135,4
10136,0
10137,2
10138,0
10139,3
10140,3
10141,0
10142,1
10143,1
10144,4
10145,1
10146,5
10147,1
10148,0
10149,1
10150,1
10151,3
10152,1
10153,0
10154,3
10155,2
10156,4
10157,2
10158,1
10159,0
10160,4
10161,0
10162,2
10163,0
10164,3
10165,1
10166,4
10167,4
10168,0
10169,0
10170,4
10171,3
10172,0
10173,1
10174,1
10175,1
10176,0
10177,0
10178,4
10179,2
10180,4
10181,0
10182,0
10183,0
10184,3
10185,1
10186,1
10187,2
10188,2
10189,0
10190,0
10191,0
10192,1
10193,1
10194,1
10195,1
10196,1
10197,1
10198,1
10199,0
10200,2
10201,3
10202,0
10203,0
10204,4
10205,3
10206,1
10207,4
10208,3
10209,3
10210,1
10211,3
10212,1
10213,1
10214,1
10215,2
10216,1
10217,0
10218,1
10219,0
10220,1
10221,3
10222,0
10223,3
10224,1
10225,1
10226,1
10227,0
10228,1
10229,3
10230,0
10231,0
10232,1
10233,0
10234,5
10235,3
10236,1
10237,4
10238,0
10239,1
10240,0
10241,0
10242,3
10243,3
10244,1
10245,1
10246,0
10247,5
10248,3
10249,0
10250,3
10251,0
10252,1
10253,1
10254,4
10255,1
10256,0
10257,3
10258,1
10259,1
10260,1
10261,1
10262,0
10263,4
10264,1
10265,1
10266,0
10267,0
10268,0
10269,0
10270,3
10271,4
10272,3
10273,1
10274,0
10275,1
10276,0
10277,0
10278,0
10279,0
10280,0
10281,0
10282,1
10283,1
10284,0
10285,0
10286,1
10287,1
10288,1
10289,1
10290,1
10291,1
10292,1
10293,0
10294,1
10295,1
10296,1
10297,0
10298,1
10299,3
10300,0
10301,3
10302,0
10303,3
10304,3
10305,1
10306,1
10307,1
10308,3
10309,3
10310,1
10311,0
10312,0
10313,5
10314,2
10315,3
10316,1
10317,3
10318,1
10319,1
10320,1
10321,5
10322,1
10323,1
10324,0
10325,0
10326,1
10327,1
10328,0
10329,1
10330,3
10331,1
10332,1
10333,4
10334,3
10335,1
10336,1
10337,4
10338,0
10339,1
10340,1
10341,1
10342,1
10343,1
10344,3
10345,1
10346,4
10347,3
10348,0
10349,1
10350,1
10351,1
10352,1
10353,1
10354,1
10355,2
10356,1
10357,1
10358,0
10359,2
10360,0
10361,2
10362,1
10363,0
10364,3
10365,3
10366,1
10367,1
10368,0
10369,1
10370,3
10371,3
10372,0
10373,2
10374,2
10375,0
10376,0
10377,1
10378,0
10379,0
10380,4
10381,0
10382,4
10383,1
10384,0
10385,3
10386,0
10387,0
10388,1
10389,4
10390,4
10391,0
10392,3
10393,3
10394,0
10395,0
10396,1
10397,0
10398,4
10399,1
10400,3
10401,0
10402,4
10403,1
10404,0
10405,3
10406,5
10407,0
10408,1
10409,0
10410,1
10411,1
10412,4
10413,0
10414,1
10415,0
10416,1
10417,1
10418,1
10419,2
10420,0
10421,0
10422,0
10423,1
10424,0
10425,1
10426,0
10427,4
10428,1
10429,4
10430,0
10431,1
10432,1
10433,4
10434,4
10435,0
10436,1
10437,0
10438,2
10439,3
10440,0
10441,0
10442,1
10443,0
10444,4
10445,4
10446,0
10447,1
10448,3
10449,0
10450,1
10451,1
10452,3
10453,3
10454,0
10455,1
10456,0
10457,1
10458,4
10459,1
10460,1
10461,0
10462,1
10463,1
10464,1
10465,1
10466,0
10467,3
10468,1
10469,4
10470,0
10471,1
10472,2
10473,4
10474,0
10475,1
10476,0
10477,1
10478,1
10479,4
10480,1
10481,0
10482,0
10483,0
10484,0
10485,1
10486,2
10487,0
10488,1
10489,1
10490,4
10491,0
10492,0
10493,1
10494,1
10495,4
10496,0
10497,4
10498,4
10499,3
10500,1
10501,0
10502,5
10503,1
10504,0
10505,0
10506,1
10507,1
10508,1
10509,0
10510,1
10511,0
10512,2
10513,1
10514,3
10515,3
10516,0
10517,4
10518,1
10519,1
10520,1
10521,3
10522,1
10523,0
10524,0
10525,1
10526,3
10527,4
10528,0
10529,1
10530,3
10531,1
10532,4
10533,5
10534,1
10535,3
10536,1
10537,1
10538,1
10539,0
10540,0
10541,3
10542,1
10543,4
10544,1
10545,1
10546,1
10547,0
10548,1
10549,0
10550,4
10551,1
10552,3
10553,1
10554,3
10555,3
10556,1
10557,3
10558,3
10559,0
10560,1
10561,0
10562,3
10563,1
10564,1
10565,1
10566,4
10567,1
10568,1
10569,2
10570,0
10571,3
10572,1
10573,2
10574,0
10575,1
10576,1
10577,0
10578,3
10579,3
10580,1
10581,0
10582,0
10583,3
10584,1
10585,1
10586,0
10587,0
10588,3
10589,1
10590,0
10591,0
10592,2
10593,0
10594,1
10595,4
10596,0
10597,0
10598,1
10599,5
10600,1
10601,1
10602,3
10603,0
10604,0
10605,0
10606,1
10607,3
10608,0
10609,0
10610,2
10611,1
10612,3
10613,4
10614,1
10615,0
10616,3
10617,1
10618,3
10619,3
10620,4
10621,1
10622,0
10623,1
10624,1
10625,1
10626,0
10627,3
10628,4
10629,1
10630,0
10631,4
10632,4
10633,1
10634,3
10635,0
10636,4
10637,2
10638,1
10639,1
10640,1
10641,1
10642,1
10643,0
10644,4
10645,0
10646,1
10647,0
10648,1
10649,5
10650,3
10651,3
10652,4
10653,1
10654,0
10655,4
10656,0
10657,3
10658,1
10659,1
10660,1
10661,3
10662,0
10663,1
10664,1
10665,0
10666,1
10667,3
10668,0
10669,5
10670,1
10671,2
10672,0
10673,4
10674,2
10675,1
10676,0
10677,0
10678,0
10679,1
10680,1
10681,1
10682,4
10683,0
10684,3
10685,4
10686,0
10687,0
10688,1
10689,3
10690,1
10691,0
10692,1
10693,0
10694,0
10695,0
10696,2
10697,0
10698,1
10699,1
10700,0
10701,4
10702,1
10703,1
10704,3
10705,4
10706,3
10707,1
10708,0
10709,3
10710,2
10711,0
10712,3
10713,1
10714,4
10715,1
10716,1
10717,4
10718,0
10719,0
10720,1
10721,3
10722,1
10723,2
10724,1
10725,0
10726,4
10727,1
10728,4
10729,1
10730,1
10731,0
10732,1
10733,2
10734,4
10735,1
10736,1
10737,4
10738,0
10739,5
10740,3
10741,0
10742,1
10743,1
10744,1
10745,3
10746,2
10747,1
10748,3
10749,0
10750,1
10751,1
10752,3
10753,0
10754,1
10755,0
10756,1
10757,1
10758,4
10759,3
10760,1
10761,3
10762,1
10763,4
10764,0
10765,2
10766,4
10767,1
10768,0
10769,1
10770,3
10771,2
10772,0
10773,0
10774,1
10775,0
10776,0
10777,2
10778,2
10779,1
10780,0
10781,1
10782,1
10783,0
10784,3
10785,0
10786,1
10787,1
10788,1
10789,3
10790,1
10791,1
10792,0
10793,3
10794,0
10795,0
10796,1
10797,4
10798,3
10799,1
10800,1
10801,2
10802,3
10803,1
10804,2
10805,4
10806,5
10807,0
10808,0
10809,3
10810,1
10811,1
10812,0
10813,3
10814,0
10815,3
10816,0
10817,0
10818,3
10819,1
10820,0
10821,0
10822,2
10823,1
10824,1
10825,1
10826,4
10827,3
10828,3
10829,1
10830,0
10831,3
10832,0
10833,1
10834,4
10835,1
10836,4
10837,0
10838,3
10839,3
10840,4
10841,3
10842,1
10843,0
10844,1
10845,1
10846,3
10847,4
10848,1
10849,1
10850,1
10851,1
10852,0
10853,2
10854,5
10855,0
10856,2
10857,1
10858,0
10859,1
10860,1
10861,3
10862,0
10863,1
10864,0
10865,0
10866,1
10867,1
10868,4
10869,3
10870,2
10871,4
10872,5
10873,1
10874,4
10875,1
10876,4
10877,3
10878,0
10879,4
10880,1
10881,3
10882,1
10883,1
10884,3
10885,1
10886,3
10887,0
10888,4
10889,1
10890,1
10891,1
10892,3
10893,1
10894,0
10895,1
10896,0
10897,1
10898,3
10899,0
10900,3
10901,1
10902,0
10903,0
10904,0
10905,3
10906,0
10907,3
10908,1
10909,3
10910,5
10911,0
10912,0
10913,0
10914,1
10915,4
10916,3
10917,0
10918,5
10919,1
10920,3
10921,3
10922,0
10923,0
10924,4
10925,3
10926,1
10927,0
10928,0
10929,1
10930,0
10931,0
10932,0
10933,1
10934,1
10935,0
10936,0
10937,2
10938,1
10939,1
10940,1
10941,0
10942,4
10943,3
10944,1
10945,1
10946,1
10947,0
10948,2
10949,3
10950,0
10951,0
10952,0
10953,3
10954,4
10955,1
10956,1
10957,0
10958,2
10959,1
10960,1
10961,1
10962,0
10963,1
10964,3
10965,4
10966,0
10967,0
10968,0
10969,2
10970,1
10971,0
10972,3
10973,0
10974,0
10975,5
10976,2
10977,0
10978,3
10979,0
10980,0
10981,1
10982,4
10983,1
10984,1
10985,0
10986,5
10987,1
10988,3
10989,0
10990,3
10991,0
10992,1
10993,3
10994,0
10995,0
10996,3
10997,3
10998,4
10999,5
11000,0
11001,4
11002,3
11003,0
11004,3
11005,3
11006,2
11007,0
11008,1
11009,5
11010,3
11011,1
11012,3
11013,1
11014,0
11015,4
11016,0
11017,0
11018,0
11019,2
11020,4
11021,0
11022,1
11023,3
11024,0
11025,1
11026,3
11027,1
11028,1
11029,1
11030,3
11031,1
11032,4
11033,1
11034,1
11035,3
11036,1
11037,3
11038,0
11039,4
11040,3
11041,0
11042,0
11043,3
11044,0
11045,4
11046,3
11047,1
11048,4
11049,2
11050,5
11051,0
11052,0
11053,1
11054,5
11055,0
11056,4
11057,1
11058,1
11059,0
11060,0
11061,0
11062,1
11063,4
11064,1
11065,1
11066,4
11067,3
11068,1
11069,1
11070,0
11071,0
11072,3
11073,3
11074,2
11075,3
11076,2
11077,1
11078,0
11079,0
11080,1
11081,1
11082,0
11083,0
11084,1
11085,0
11086,0
11087,3
11088,0
11089,0
11090,0
11091,0
11092,1
11093,0
11094,0
11095,1
11096,2
11097,0
11098,1
11099,3
11100,0
11101,2
11102,0
11103,0
11104,0
11105,1
11106,0
11107,0
11108,1
11109,0
11110,4
11111,3
11112,0
11113,3
11114,3
11115,3
11116,3
11117,0
11118,3
11119,3
11120,0
11121,1
11122,3
11123,0
11124,3
11125,1
11126,4
11127,0
11128,2
11129,3
11130,1
11131,1
11132,3
11133,3
11134,1
11135,1
11136,1
11137,0
11138,1
11139,0
11140,2
11141,1
11142,1
11143,4
11144,3
11145,1
11146,0
11147,2
11148,0
11149,1
11150,3
11151,1
11152,1
11153,3
11154,0
11155,1
11156,0
11157,4
11158,1
11159,0
11160,2
11161,3
11162,0
11163,1
11164,2
11165,4
11166,1
11167,0
11168,1
11169,0
11170,1
11171,0
11172,0
11173,1
11174,3
11175,4
11176,0
11177,4
11178,1
11179,1
11180,0
11181,3
11182,2
11183,1
11184,0
11185,0
11186,3
11187,1
11188,0
11189,0
11190,1
11191,1
11192,1
11193,4
11194,1
11195,3
11196,0
11197,1
11198,3
11199,1
11200,2
11201,1
11202,0
11203,0
11204,3
11205,0
11206,0
11207,0
11208,1
11209,4
11210,0
11211,0
11212,3
11213,4
11214,1
11215,0
11216,1
11217,0
11218,2
11219,4
11220,1
11221,4
11222,3
11223,4
11224,0
11225,0
11226,2
11227,4
11228,5
11229,0
11230,0
11231,0
11232,3
11233,1
11234,3
11235,1
11236,1
11237,1
11238,1
11239,3
11240,0
11241,0
11242,0
11243,1
11244,3
11245,0
11246,0
11247,3
11248,2
11249,3
11250,3
11251,1
11252,0
11253,1
11254,1
11255,1
11256,0
11257,1
11258,2
11259,3
11260,1
11261,1
11262,1
11263,1
11264,2
11265,1
11266,2
11267,1
11268,0
11269,3
11270,1
11271,1
11272,1
11273,2
11274,3
11275,0
11276,0
11277,4
11278,1
11279,0
11280,1
11281,1
11282,1
11283,1
11284,0
11285,4
11286,3
11287,1
11288,0
11289,0
11290,1
11291,4
11292,1
11293,4
11294,4
11295,1
11296,0
11297,0
11298,1
11299,2
11300,4
11301,0
11302,4
11303,2
11304,2
11305,3
11306,3
11307,0
11308,1
11309,0
11310,2
11311,4
11312,4
11313,4
11314,0
11315,3
11316,2
11317,4
11318,5
11319,3
11320,0
11321,1
11322,1
11323,1
11324,1
11325,5
11326,3
11327,1
11328,0
11329,0
11330,0
11331,3
11332,1
11333,2
11334,3
11335,5
11336,3
11337,3
11338,1
11339,0
11340,0
11341,4
11342,2
11343,3
11344,2
11345,1
11346,3
11347,1
11348,5
11349,3
11350,4
11351,4
11352,4
11353,1
11354,0
11355,4
11356,0
11357,1
11358,3
11359,1
11360,2
11361,0
11362,0
11363,3
11364,4
11365,1
11366,1
11367,0
11368,1
11369,3
11370,1
11371,0
11372,1
11373,1
11374,3
11375,1
11376,3
11377,0
11378,1
11379,4
11380,1
11381,3
11382,0
11383,0
11384,0
11385,1
11386,1
11387,2
11388,1
11389,1
11390,1
11391,4
11392,0
11393,4
11394,1
11395,0
11396,2
11397,1
11398,1
11399,1
11400,1
11401,0
11402,3
11403,2
11404,1
11405,3
11406,1
11407,2
11408,0
11409,5
11410,0
11411,2
11412,0
11413,0
11414,3
11415,1
11416,1
11417,0
11418,1
11419,3
11420,1
11421,3
11422,3
11423,0
11424,0
11425,1
11426,1
11427,4
11428,2
11429,2
11430,4
11431,0
11432,1
11433,1
11434,1
11435,5
11436,3
11437,3
11438,4
11439,0
11440,1
11441,0
11442,1
11443,3
11444,0
11445,1
11446,5
11447,1
11448,3
11449,0
11450,1
11451,4
11452,3
11453,1
11454,4
11455,0
11456,2
11457,0
11458,1
11459,3
11460,3
11461,1
11462,2
11463,0
11464,1
11465,1
11466,0
11467,1
11468,0
11469,1
11470,0
11471,3
11472,1
11473,4
11474,2
11475,0
11476,0
11477,4
11478,0
11479,0
11480,1
11481,1
11482,4
11483,0
11484,1
11485,1
11486,3
11487,0
11488,0
11489,1
11490,1
11491,0
11492,1
11493,3
11494,1
11495,1
11496,1
11497,0
11498,0
11499,0
11500,0
11501,1
11502,1
11503,1
11504,3
11505,1
11506,1
11507,1
11508,1
11509,1
11510,0
11511,0
11512,2
11513,0
11514,2
11515,0
11516,0
11517,1
11518,1
11519,3
11520,1
11521,1
11522,0
11523,2
11524,4
11525,1
11526,0
11527,1
11528,0
11529,0
11530,3
11531,1
11532,1
11533,1
11534,3
11535,3
11536,1
11537,3
11538,4
11539,0
11540,0
11541,1
11542,4
11543,5
11544,4
11545,4
11546,1
11547,1
11548,0
11549,0
11550,0
11551,2
11552,0
11553,0
11554,3
11555,0
11556,3
11557,1
11558,3
11559,1
11560,1
11561,1
11562,2
11563,0
11564,1
11565,0
11566,1
11567,1
11568,1
11569,1
11570,0
11571,1
11572,2
11573,2
11574,1
11575,0
11576,3
11577,0
11578,3
11579,0
11580,0
11581,1
11582,1
11583,1
11584,4
11585,0
11586,0
11587,1
11588,0
11589,0
11590,0
11591,4
11592,3
11593,5
11594,0
11595,4
11596,4
11597,0
11598,5
11599,1
11600,1
11601,1
11602,1
11603,3
11604,1
11605,0
11606,4
11607,2
11608,3
11609,0
11610,1
11611,1
11612,0
11613,2
11614,0
11615,3
11616,1
11617,3
11618,1
11619,0
11620,1
11621,1
11622,4
11623,3
11624,3
11625,1
11626,3
11627,1
11628,0
11629,2
11630,0
11631,0
11632,1
11633,0
11634,3
11635,2
11636,0
11637,4
11638,4
11639,1
11640,1
11641,0
11642,1
11643,4
11644,3
11645,1
11646,0
11647,1
11648,1
11649,1
11650,2
11651,3
11652,1
11653,0
11654,0
11655,3
11656,5
11657,1
11658,1
11659,3
11660,1
11661,3
11662,5
11663,2
11664,1
11665,0
11666,1
11667,3
11668,3
11669,3
11670,0
11671,5
11672,2
11673,0
11674,0
11675,3
11676,3
11677,1
11678,4
11679,4
11680,0
11681,3
11682,3
11683,2
11684,1
11685,1
11686,2
11687,0
11688,1
11689,0
11690,3
11691,3
11692,1
11693,5
11694,1
11695,3
11696,1
11697,0
11698,1
11699,0
11700,3
11701,3
11702,0
11703,0
11704,0
11705,4
11706,1
11707,0
11708,4
11709,2
11710,0
11711,3
11712,0
11713,0
11714,1
11715,0
11716,4
11717,0
11718,1
11719,0
11720,1
11721,4
11722,2
11723,0
11724,3
11725,1
11726,2
11727,1
11728,3
11729,4
11730,1
11731,3
11732,3
11733,3
11734,1
11735,1
11736,3
11737,1
11738,1
11739,1
11740,1
11741,3
11742,4
11743,1
11744,2
11745,0
11746,0
11747,1
11748,1
11749,1
11750,1
11751,1
11752,3
11753,1
11754,1
11755,1
11756,4
11757,0
11758,4
11759,0
11760,1
11761,0
11762,5
11763,1
11764,3
11765,4
11766,3
11767,0
11768,2
11769,3
11770,3
11771,3
11772,0
11773,1
11774,3
11775,1
11776,0
11777,2
11778,4
11779,1
11780,1
11781,1
11782,3
11783,0
11784,1
11785,1
11786,1
11787,0
11788,0
11789,1
11790,3
11791,5
11792,1
11793,4
11794,0
11795,0
11796,4
11797,3
11798,1
11799,0
11800,0
11801,1
11802,1
11803,0
11804,1
11805,1
11806,0
11807,3
11808,0
11809,1
11810,4
11811,2
11812,1
11813,2
11814,1
11815,2
11816,4
11817,1
11818,1
11819,1
11820,1
11821,0
11822,3
11823,1
11824,2
11825,0
11826,0
11827,3
11828,1
11829,0
11830,3
11831,1
11832,2
11833,1
11834,0
11835,0
11836,1
11837,4
11838,0
11839,0
11840,0
11841,1
11842,0
11843,0
11844,0
11845,2
11846,0
11847,1
11848,2
11849,1
11850,3
11851,0
11852,4
11853,3
11854,1
11855,1
11856,1
11857,1
11858,2
11859,3
11860,0
11861,1
11862,0
11863,0
11864,1
11865,1
11866,1
11867,0
11868,4
11869,4
11870,1
11871,4
11872,1
11873,1
11874,4
11875,1
11876,1
11877,1
11878,0
11879,0
11880,1
11881,3
11882,1
11883,1
11884,1
11885,1
11886,4
11887,1
11888,0
11889,1
11890,2
11891,1
11892,2
11893,1
11894,0
11895,1
11896,3
11897,1
11898,5
11899,2
11900,2
11901,1
11902,3
11903,1
11904,1
11905,1
11906,1
11907,1
11908,3
11909,0
11910,1
11911,1
11912,1
11913,1
11914,0
11915,1
11916,3
11917,3
11918,3
11919,0
11920,1
11921,4
11922,1
11923,2
11924,1
11925,4
11926,1
11927,1
11928,1
11929,1
11930,1
11931,1
11932,1
11933,0
11934,1
11935,0
11936,1
11937,0
11938,0
11939,0
11940,2
11941,4
11942,0
11943,3
11944,0
11945,1
11946,1
11947,4
11948,4
11949,0
11950,5
11951,3
11952,1
11953,0
11954,3
11955,0
11956,1
11957,4
11958,0
11959,3
11960,2
11961,0
11962,1
11963,1
11964,1
11965,3
11966,4
11967,4
11968,1
11969,2
11970,1
11971,3
11972,1
11973,0
11974,5
11975,1
11976,3
11977,0
11978,1
11979,1
11980,3
11981,1
11982,0
11983,0
11984,0
11985,5
11986,2
11987,0
11988,0
11989,4
11990,5
11991,0
11992,1
11993,1
11994,1
11995,3
11996,2
11997,0
11998,1
11999,3
12000,1
12001,1
12002,2
12003,0
12004,5
12005,0
12006,0
12007,1
12008,2
12009,0
12010,5
12011,1
12012,1
12013,1
12014,1
12015,1
12016,1
12017,1
12018,0
12019,0
12020,0
12021,5
12022,3
12023,0
12024,0
12025,1
12026,3
12027,5
12028,1
12029,0
12030,3
12031,2
12032,1
12033,5
12034,1
12035,0
12036,2
12037,4
12038,4
12039,1
12040,0
12041,3
12042,1
12043,1
12044,0
12045,0
12046,0
12047,3
12048,3
12049,0
12050,0
12051,3
12052,0
12053,3
12054,0
12055,1
12056,1
12057,0
12058,1
12059,4
12060,4
12061,0
12062,1
12063,2
12064,0
12065,1
12066,1
12067,0
12068,4
12069,0
12070,1
12071,1
12072,5
12073,0
12074,1
12075,3
12076,1
12077,0
12078,0
12079,0
12080,1
12081,1
12082,1
12083,1
12084,4
12085,1
12086,2
12087,1
12088,1
12089,0
12090,0
12091,1
12092,0
12093,3
12094,0
12095,2
12096,3
12097,1
12098,3
12099,3
12100,0
12101,2
12102,2
12103,3
12104,4
12105,0
12106,1
12107,0
12108,1
12109,0
12110,4
12111,1
12112,4
12113,1
12114,1
12115,0
12116,3
12117,4
12118,1
12119,1
12120,1
12121,3
12122,2
12123,4
12124,0
12125,0
12126,2
12127,3
12128,1
12129,1
12130,0
12131,1
12132,0
12133,1
12134,1
12135,4
12136,2
12137,3
12138,1
12139,2
12140,0
12141,1
12142,0
12143,1
12144,1
12145,3
12146,0
12147,0
12148,1
12149,1
12150,1
12151,2
12152,4
12153,0
12154,1
12155,4
12156,3
12157,3
12158,0
12159,4
12160,1
12161,0
12162,1
12163,0
12164,1
12165,1
12166,2
12167,1
12168,0
12169,0
12170,0
12171,0
12172,0
12173,1
12174,1
12175,3
12176,3
12177,0
12178,1
12179,1
12180,0
12181,4
12182,3
12183,0
12184,0
12185,4
12186,0
12187,2
12188,1
12189,2
12190,3
12191,3
12192,0
12193,3
12194,3
12195,3
12196,1
12197,0
12198,0
12199,4
12200,0
12201,0
12202,3
12203,3
12204,0
12205,3
12206,5
12207,5
12208,0
12209,2
12210,1
12211,0
12212,0
12213,3
12214,3
12215,1
12216,0
12217,4
12218,0
12219,4
12220,3
12221,0
12222,1
12223,1
12224,4
12225,3
12226,1
12227,2
12228,1
12229,3
12230,1
12231,4
12232,2
12233,1
12234,1
12235,1
12236,3
12237,4
12238,0
12239,4
12240,1
12241,0
12242,0
12243,3
12244,5
12245,0
12246,2
12247,4
12248,5
12249,1
12250,5
12251,1
12252,1
12253,1
12254,5
12255,1
12256,3
12257,2
12258,1
12259,1
12260,1
12261,1
12262,2
12263,1
12264,2
12265,1
12266,1
12267,1
12268,0
12269,1
12270,0
12271,0
12272,1
12273,1
12274,4
12275,5
12276,3
12277,1
12278,1
12279,4
12280,0
12281,2
12282,2
12283,3
12284,1
12285,1
12286,0
12287,3
12288,0
12289,1
12290,3
12291,1
12292,1
12293,4
12294,1
12295,3
12296,3
12297,0
12298,4
12299,2
12300,1
12301,0
12302,0
12303,0
12304,0
12305,4
12306,2
12307,1
12308,4
12309,3
12310,1
12311,1
12312,0
12313,3
12314,2
12315,4
12316,4
12317,1
12318,3
12319,3
12320,4
12321,1
12322,0
12323,4
12324,1
12325,3
12326,0
12327,0
12328,1
12329,1
12330,3
12331,0
12332,4
12333,3
12334,0
12335,0
12336,1
12337,1
12338,2
12339,0
12340,4
12341,0
12342,1
12343,0
12344,0
12345,0
12346,0
12347,3
12348,1
12349,3
12350,1
12351,0
12352,1
12353,4
12354,4
12355,0
12356,1
12357,3
12358,0
12359,1
12360,1
12361,0
12362,1
12363,1
12364,3
12365,1
12366,0
12367,1
12368,2
12369,0
12370,0
12371,0
12372,0
12373,4
12374,0
12375,1
12376,0
12377,4
12378,1
12379,3
12380,1
12381,0
12382,0
12383,4
12384,4
12385,1
12386,0
12387,3
12388,3
12389,3
12390,0
12391,0
12392,0
12393,0
12394,3
12395,0
12396,0
12397,3
12398,4
12399,1
12400,2
12401,3
12402,1
12403,0
12404,1
12405,1
12406,4
12407,0
12408,0
12409,1
12410,3
12411,1
12412,4
12413,1
12414,2
12415,5
12416,0
12417,1
12418,1
12419,1
12420,1
12421,3
12422,0
12423,0
12424,4
12425,1
12426,1
12427,0
12428,4
12429,1
12430,0
12431,0
12432,1
12433,4
12434,1
12435,1
12436,1
12437,0
12438,1
12439,3
12440,3
12441,4
12442,0
12443,1
12444,0
12445,4
12446,1
12447,0
12448,1
12449,4
12450,1
12451,0
12452,3
12453,0
12454,1
12455,1
12456,1
12457,1
12458,4
12459,3
12460,0
12461,0
12462,4
12463,0
12464,1
12465,3
12466,0
12467,1
12468,1
12469,1
12470,0
12471,3
12472,3
12473,4
12474,0
12475,4
12476,0
12477,1
12478,0
12479,0
12480,3
12481,1
12482,3
12483,4
12484,4
12485,1
12486,0
12487,5
12488,3
12489,0
12490,0
12491,3
12492,1
12493,1
12494,3
12495,1
12496,1
12497,1
12498,0
12499,1
12500,0
12501,1
12502,0
12503,1
12504,0
12505,1
12506,1
12507,1
12508,1
12509,5
12510,0
12511,1
12512,0
12513,2
12514,1
12515,0
12516,3
12517,3
12518,1
12519,1
12520,0
12521,0
12522,2
12523,1
12524,1
12525,0
12526,0
12527,1
12528,0
12529,4
12530,0
12531,2
12532,1
12533,3
12534,5
12535,0
12536,4
12537,4
12538,3
12539,4
12540,0
12541,3
12542,0
12543,1
12544,3
12545,3
12546,5
12547,3
12548,0
12549,1
12550,4
12551,0
12552,4
12553,1
12554,2
12555,0
12556,4
12557,2
12558,1
12559,4
12560,3
12561,5
12562,0
12563,0
12564,1
12565,1
12566,1
12567,1
12568,0
12569,1
12570,1
12571,2
12572,0
12573,1
12574,1
12575,1
12576,0
12577,2
12578,1
12579,0
12580,1
12581,4
12582,4
12583,1
12584,0
12585,1
12586,1
12587,0
12588,1
12589,4
12590,1
12591,3
12592,3
12593,1
12594,4
12595,0
12596,1
12597,3
12598,1
12599,4
12600,1
12601,0
12602,2
12603,2
12604,0
12605,4
12606,1
12607,0
12608,1
12609,4
12610,3
12611,2
12612,3
12613,1
12614,0
12615,2
12616,3
12617,1
12618,1
12619,1
12620,3
12621,0
12622,1
12623,5
12624,3
12625,3
12626,0
12627,0
12628,3
12629,4
12630,1
12631,1
12632,2
12633,1
12634,1
12635,4
12636,1
12637,0
12638,0
12639,1
12640,4
12641,3
12642,1
12643,1
12644,0
12645,1
12646,4
12647,3
12648,0
12649,0
12650,4
12651,0
12652,0
12653,1
12654,5
12655,0
12656,3
12657,1
12658,0
12659,1
12660,1
12661,0
12662,1
12663,0
12664,4
12665,0
12666,1
12667,1
12668,0
12669,0
12670,3
12671,1
12672,4
12673,4
12674,0
12675,1
12676,0
12677,1
12678,0
12679,0
12680,1
12681,2
12682,3
12683,1
12684,0
12685,1
12686,1
12687,1
12688,4
12689,1
12690,0
12691,1
12692,1
12693,1
12694,3
12695,1
12696,0
12697,0
12698,4
12699,4
12700,0
12701,4
12702,1
12703,1
12704,0
12705,4
12706,3
12707,4
12708,0
12709,1
12710,1
12711,0
12712,4
12713,1
12714,3
12715,0
12716,4
12717,1
12718,1
12719,3
12720,0
12721,4
12722,1
12723,1
12724,1
12725,0
12726,1
12727,4
12728,1
12729,2
12730,0
12731,3
12732,0
12733,0
12734,0
12735,0
12736,1
12737,4
12738,3
12739,1
12740,1
12741,1
12742,1
12743,1
12744,0
12745,0
12746,1
12747,5
12748,1
12749,0
12750,3
12751,4
12752,1
12753,3
12754,1
12755,1
12756,2
12757,0
12758,3
12759,2
12760,0
12761,3
12762,4
12763,1
12764,3
12765,0
12766,4
12767,3
12768,0
12769,1
12770,0
12771,0
12772,4
12773,0
12774,4
12775,1
12776,1
12777,4
12778,3
12779,0
12780,4
12781,1
12782,2
12783,3
12784,1
12785,2
12786,3
12787,1
12788,1
12789,3
12790,3
12791,1
12792,5
12793,0
12794,1
12795,1
12796,1
12797,3
12798,4
12799,2
12800,1
12801,2
12802,0
12803,1
12804,1
12805,1
12806,0
12807,1
12808,0
12809,3
12810,3
12811,3
12812,3
12813,0
12814,3
12815,3
12816,0
12817,1
12818,1
12819,1
12820,1
12821,1
12822,4
12823,4
12824,0
12825,4
12826,2
12827,1
12828,1
12829,1
12830,5
12831,1
12832,1
12833,0
12834,2
12835,5
12836,1
12837,2
12838,1
12839,0
12840,3
12841,1
12842,4
12843,0
12844,1
12845,1
12846,0
12847,3
12848,1
12849,3
12850,3
12851,1
12852,1
12853,3
12854,1
12855,1
12856,1
12857,1
12858,0
12859,3
12860,0
12861,3
12862,3
12863,3
12864,0
12865,1
12866,1
12867,4
12868,4
12869,1
12870,4
12871,3
12872,0
12873,3
12874,0
12875,4
12876,0
12877,1
12878,4
12879,1
12880,0
12881,4
12882,2
12883,1
12884,3
12885,4
12886,2
12887,1
12888,3
12889,1
12890,1
12891,1
12892,3
12893,1
12894,3
12895,1
12896,2
12897,3
12898,0
12899,0
12900,1
12901,1
12902,2
12903,0
12904,1
12905,1
12906,1
12907,3
12908,4
12909,1
12910,2
12911,3
12912,0
12913,1
12914,1
12915,1
12916,0
12917,0
12918,3
12919,0
12920,3
12921,5
12922,4
12923,1
12924,0
12925,0
12926,3
12927,1
12928,1
12929,5
12930,1
12931,0
12932,3
12933,1
12934,0
12935,3
12936,2
12937,1
12938,1
12939,0
12940,1
12941,0
12942,3
12943,0
12944,0
12945,1
12946,2
12947,0
12948,1
12949,4
12950,4
12951,5
12952,3
12953,1
12954,0
12955,1
12956,3
12957,3
12958,1
12959,4
12960,1
12961,3
12962,2
12963,0
12964,3
12965,1
12966,0
12967,0
12968,1
12969,1
12970,4
12971,0
12972,1
12973,0
12974,0
12975,1
12976,0
12977,0
12978,1
12979,4
12980,1
12981,1
12982,0
12983,3
12984,1
12985,0
12986,2
12987,2
12988,1
12989,0
12990,4
12991,0
12992,0
12993,0
12994,3
12995,3
12996,0
12997,5
12998,4
12999,0
13000,0
13001,1
13002,3
13003,0
13004,3
13005,0
13006,5
13007,0
13008,4
13009,1
13010,0
13011,0
13012,3
13013,0
13014,0
13015,1
13016,3
13017,1
13018,1
13019,2
13020,1
13021,0
13022,0
13023,0
13024,1
13025,3
13026,1
13027,5
13028,3
13029,0
13030,1
13031,0
13032,2
13033,1
13034,0
13035,0
13036,0
13037,0
13038,0
13039,1
13040,3
13041,0
13042,1
13043,1
13044,0
13045,1
13046,0
13047,1
13048,3
13049,1
13050,2
13051,0
13052,1
13053,2
13054,1
13055,4
13056,5
13057,0
13058,3
13059,0
13060,3
13061,1
13062,2
13063,0
13064,0
13065,1
13066,0
13067,0
13068,1
13069,0
13070,3
13071,2
13072,1
13073,3
13074,1
13075,0
13076,3
13077,0
13078,4
13079,1
13080,0
13081,4
13082,1
13083,0
13084,4
13085,1
13086,3
13087,3
13088,0
13089,1
13090,1
13091,4
13092,1
13093,3
13094,1
13095,1
13096,1
13097,0
13098,1
13099,4
13100,0
13101,3
13102,1
13103,0
13104,1
13105,2
13106,2
13107,3
13108,0
13109,1
13110,4
13111,0
13112,1
13113,2
13114,1
13115,0
13116,0
13117,1
13118,0
13119,2
13120,1
13121,1
13122,4
13123,1
13124,1
13125,1
13126,1
13127,1
13128,1
13129,3
13130,1
13131,2
13132,0
13133,0
13134,1
13135,0
13136,3
13137,2
13138,1
13139,5
13140,1
13141,3
13142,1
13143,3
13144,4
13145,0
13146,0
13147,3
13148,0
13149,0
13150,0
13151,0
13152,1
13153,3
13154,1
13155,4
13156,1
13157,0
13158,1
13159,1
13160,3
13161,2
13162,0
13163,1
13164,2
13165,3
13166,1
13167,3
13168,0
13169,5
13170,0
13171,2
13172,1
13173,5
13174,0
13175,2
13176,1
13177,1
13178,1
13179,0
13180,3
13181,0
13182,4
13183,1
13184,3
13185,0
13186,1
13187,1
13188,4
13189,1
13190,3
13191,3
13192,0
13193,0
13194,0
13195,2
13196,1
13197,2
13198,1
13199,2
13200,5
13201,0
13202,1
13203,0
13204,1
13205,2
13206,1
13207,1
13208,4
13209,3
13210,3
13211,0
13212,1
13213,3
13214,5
13215,3
13216,0
13217,0
13218,0
13219,1
13220,1
13221,1
13222,0
13223,3
13224,2
13225,0
13226,2
13227,2
13228,1
13229,1
13230,2
13231,2
13232,0
13233,1
13234,0
13235,0
13236,0
13237,1
13238,1
13239,0
13240,2
13241,1
13242,0
13243,0
13244,1
13245,0
13246,0
13247,0
13248,1
13249,0
13250,1
13251,0
13252,4
13253,0
13254,0
13255,0
13256,3
13257,1
13258,0
13259,0
13260,0
13261,1
13262,0
13263,1
13264,1
13265,3
13266,1
13267,4
13268,0
13269,1
13270,1
13271,1
13272,1
13273,2
13274,1
13275,3
13276,2
13277,1
13278,1
13279,1
13280,1
13281,1
13282,3
13283,1
13284,0
13285,1
13286,0
13287,4
13288,3
13289,3
13290,1
13291,1
13292,0
13293,0
13294,4
13295,2
13296,1
13297,4
13298,0
13299,0
13300,3
13301,0
13302,1
13303,1
13304,0
13305,0
13306,1
13307,0
13308,4
13309,1
13310,0
13311,3
13312,2
13313,0
13314,4
13315,1
13316,3
13317,1
13318,4
13319,0
13320,4
13321,0
13322,1
13323,3
13324,1
13325,2
13326,0
13327,1
13328,4
13329,2
13330,0
13331,3
13332,1
13333,2
13334,2
13335,0
13336,1
13337,3
13338,0
13339,0
13340,4
13341,0
13342,0
13343,2
13344,0
13345,0
13346,4
13347,1
13348,0
13349,0
13350,1
13351,2
13352,3
13353,1
13354,5
13355,0
13356,1
13357,4
13358,4
13359,1
13360,0
13361,4
13362,1
13363,3
13364,0
13365,0
13366,0
13367,1
13368,1
13369,0
13370,0
13371,2
13372,3
13373,0
13374,3
13375,1
13376,1
13377,2
13378,0
13379,1
13380,4
13381,3
13382,1
13383,0
13384,0
13385,0
13386,3
13387,3
13388,3
13389,4
13390,4
13391,3
13392,0
13393,0
13394,3
13395,1
13396,0
13397,3
13398,3
13399,3
13400,1
13401,0
13402,0
13403,3
13404,1
13405,1
13406,0
13407,2
13408,0
13409,1
13410,1
13411,3
13412,0
13413,0
13414,1
13415,0
13416,1
13417,0
13418,3
13419,1
13420,1
13421,0
13422,0
13423,1
13424,0
13425,2
13426,1
13427,0
13428,1
13429,2
13430,3
13431,0
13432,0
13433,0
13434,3
13435,1
13436,4
13437,1
13438,1
13439,0
13440,1
13441,1
13442,0
13443,0
13444,1
13445,1
13446,0
13447,1
13448,3
13449,0
13450,0
13451,2
13452,3
13453,1
13454,0
13455,1
13456,2
13457,4
13458,0
13459,1
13460,1
13461,1
13462,3
13463,3
13464,2
13465,5
13466,1
13467,1
13468,1
13469,2
13470,3
13471,1
13472,0
13473,1
13474,0
13475,4
13476,0
13477,4
13478,0
13479,0
13480,3
13481,1
13482,3
13483,1
13484,0
13485,1
13486,0
13487,3
13488,0
13489,3
13490,3
13491,3
13492,4
13493,4
13494,3
13495,1
13496,0
13497,0
13498,1
13499,0
13500,0
13501,0
13502,0
13503,5
13504,1
13505,1
13506,0
13507,1
13508,3
13509,3
13510,1
13511,3
13512,1
13513,1
13514,0
13515,2
13516,1
13517,1
13518,3
13519,1
13520,3
13521,0
13522,4
13523,0
13524,0
13525,0
13526,1
13527,1
13528,0
13529,0
13530,0
13531,0
13532,2
13533,1
13534,1
13535,0
13536,0
13537,2
13538,1
13539,4
13540,4
13541,3
13542,0
13543,0
13544,1
13545,2
13546,3
13547,4
13548,1
13549,0
13550,1
13551,0
13552,1
13553,0
13554,1
13555,1
13556,3
13557,0
13558,0
13559,4
13560,0
13561,1
13562,0
13563,1
13564,4
13565,0
13566,0
13567,0
13568,0
13569,1
13570,5
13571,1
13572,0
13573,3
13574,3
13575,1
13576,2
13577,4
13578,1
13579,1
13580,3
13581,0
13582,4
13583,0
13584,1
13585,2
13586,1
13587,1
13588,3
13589,0
13590,0
13591,2
13592,0
13593,1
13594,1
13595,0
13596,3
13597,1
13598,0
13599,1
13600,0
13601,3
13602,1
13603,3
13604,1
13605,0
13606,0
13607,1
13608,1
13609,3
13610,1
13611,1
13612,3
13613,4
13614,0
13615,3
13616,0
13617,1
13618,1
13619,1
13620,1
13621,0
13622,1
13623,1
13624,1
13625,0
13626,3
13627,1
13628,0
13629,0
13630,4
13631,3
13632,1
13633,0
13634,1
13635,0
13636,1
13637,1
13638,0
13639,1
13640,1
13641,3
13642,0
13643,1
13644,3
13645,1
13646,3
13647,2
13648,1
13649,2
13650,1
13651,1
13652,1
13653,1
13654,0
13655,3
13656,4
13657,1
13658,0
13659,0
13660,1
13661,1
13662,0
13663,1
13664,0
13665,3
13666,5
13667,0
13668,4
13669,1
13670,0
13671,1
13672,1
13673,0
13674,0
13675,1
13676,0
13677,1
13678,1
13679,1
13680,2
13681,5
13682,0
13683,4
13684,0
13685,0
13686,1
13687,1
13688,5
13689,3
13690,2
13691,3
13692,4
13693,3
13694,4
13695,4
13696,3
13697,0
13698,3
13699,1
13700,3
13701,2
13702,3
13703,0
13704,4
13705,0
13706,0
13707,3
13708,4
13709,2
13710,0
13711,1
13712,0
13713,3
13714,1
13715,1
13716,0
13717,0
13718,0
13719,0
13720,1
13721,4
13722,1
13723,1
13724,3
13725,1
13726,2
13727,1
13728,1
13729,1
13730,3
13731,4
13732,1
13733,4
13734,2
13735,1
13736,1
13737,2
13738,1
13739,2
13740,4
13741,1
13742,0
13743,0
13744,0
13745,4
13746,2
13747,0
13748,3
13749,1
13750,1
13751,3
13752,0
13753,2
13754,0
13755,4
13756,4
13757,2
13758,1
13759,1
13760,4
13761,3
13762,4
13763,0
13764,0
13765,1
13766,1
13767,1
13768,1
13769,4
13770,3
13771,0
13772,1
13773,2
13774,0
13775,0
13776,0
13777,1
13778,0
13779,1
13780,1
13781,1
13782,0
13783,1
13784,5
13785,0
13786,1
13787,0
13788,1
13789,1
13790,1
13791,1
13792,1
13793,1
13794,4
13795,0
13796,0
13797,3
13798,1
13799,1
13800,4
13801,1
13802,3
13803,0
13804,3
13805,1
13806,1
13807,2
13808,1
13809,0
13810,1
13811,0
13812,1
13813,2
13814,4
13815,3
13816,3
13817,2
13818,3
13819,0
13820,1
13821,1
13822,1
13823,1
13824,4
13825,4
13826,1
13827,1
13828,1
13829,2
13830,0
13831,4
13832,0
13833,1
13834,1
13835,0
13836,1
13837,1
13838,3
13839,3
13840,1
13841,3
13842,0
13843,2
13844,3
13845,1
13846,3
13847,0
13848,5
13849,0
13850,4
13851,5
13852,3
13853,1
13854,4
13855,1
13856,2
13857,0
13858,3
13859,0
13860,1
13861,0
13862,3
13863,4
13864,0
13865,1
13866,1
13867,0
13868,2
13869,1
13870,1
13871,3
13872,0
13873,1
13874,3
13875,4
13876,0
13877,0
13878,4
13879,1
13880,0
13881,5
13882,0
13883,0
13884,1
13885,0
13886,0
13887,0
13888,0
13889,3
13890,4
13891,1
13892,1
13893,0
13894,1
13895,1
13896,0
13897,4
13898,1
13899,1
13900,0
13901,1
13902,1
13903,1
13904,1
13905,1
13906,1
13907,1
13908,3
13909,0
13910,0
13911,0
13912,0
13913,4
13914,1
13915,1
13916,0
13917,2
13918,0
13919,4
13920,1
13921,0
13922,1
13923,2
13924,1
13925,3
13926,3
13927,1
13928,0
13929,0
13930,4
13931,1
13932,1
13933,1
13934,1
13935,1
13936,3
13937,0
13938,4
13939,2
13940,5
13941,0
13942,1
13943,0
13944,0
13945,0
13946,1
13947,4
13948,1
13949,1
13950,1
13951,0
13952,0
13953,3
13954,3
13955,1
13956,0
13957,4
13958,3
13959,3
13960,0
13961,0
13962,1
13963,1
13964,1
13965,1
13966,1
13967,4
13968,1
13969,3
13970,5
13971,0
13972,3
13973,1
13974,1
13975,1
13976,5
13977,4
13978,0
13979,1
13980,0
13981,1
13982,1
13983,1
13984,1
13985,3
13986,0
13987,2
13988,0
13989,0
13990,1
13991,1
13992,0
13993,3
13994,4
13995,0
13996,1
13997,1
13998,0
13999,4
14000,0
14001,0
14002,1
14003,0
14004,1
14005,1
14006,0
14007,3
14008,1
14009,4
14010,4
14011,3
14012,0
14013,0
14014,0
14015,0
14016,1
14017,3
14018,0
14019,3
14020,1
14021,4
14022,0
14023,0
14024,5
14025,0
14026,3
14027,0
14028,0
14029,0
14030,1
14031,3
14032,0
14033,1
14034,1
14035,1
14036,0
14037,1
14038,0
14039,3
14040,3
14041,1
14042,0
14043,1
14044,2
14045,3
14046,2
14047,1
14048,2
14049,3
14050,2
14051,1
14052,1
14053,3
14054,1
14055,1
14056,0
14057,1
14058,1
14059,3
14060,0
14061,3
14062,0
14063,2
14064,0
14065,1
14066,4
14067,1
14068,0
14069,0
14070,0
14071,1
14072,0
14073,1
14074,1
14075,0
14076,1
14077,1
14078,0
14079,1
14080,0
14081,2
14082,3
14083,4
14084,0
14085,2
14086,1
14087,2
14088,0
14089,0
14090,0
14091,1
14092,4
14093,1
14094,0
14095,1
14096,5
14097,3
14098,0
14099,1
14100,2
14101,0
14102,0
14103,4
14104,0
14105,3
14106,0
14107,5
14108,3
14109,1
14110,3
14111,1
14112,3
14113,1
14114,0
14115,0
14116,1
14117,1
14118,1
14119,2
14120,1
14121,1
14122,5
14123,2
14124,0
14125,1
14126,1
14127,1
14128,0
14129,2
14130,0
14131,3
14132,4
14133,3
14134,1
14135,1
14136,1
14137,5
14138,1
14139,1
14140,0
14141,1
14142,2
14143,0
14144,0
14145,3
14146,1
14147,0
14148,4
14149,1
14150,1
14151,2
14152,0
14153,4
14154,0
14155,0
14156,3
14157,4
14158,1
14159,4
14160,1
14161,0
14162,0
14163,1
14164,1
14165,3
14166,4
14167,3
14168,0
14169,1
14170,1
14171,1
14172,0
14173,5
14174,4
14175,1
14176,3
14177,1
14178,0
14179,5
14180,0
14181,1
14182,1
14183,3
14184,2
14185,1
14186,0
14187,0
14188,1
14189,4
14190,3
14191,1
14192,0
14193,1
14194,1
14195,0
14196,0
14197,3
14198,1
14199,1
14200,0
14201,0
14202,0
14203,3
14204,1
14205,0
14206,1
14207,0
14208,0
14209,1
14210,0
14211,0
14212,0
14213,1
14214,0
14215,0
14216,3
14217,3
14218,0
14219,0
14220,3
14221,1
14222,3
14223,1
14224,3
14225,1
14226,2
14227,0
14228,0
14229,1
14230,0
14231,0
14232,1
14233,0
14234,0
14235,3
14236,2
14237,3
14238,0
14239,4
14240,1
14241,1
14242,2
14243,4
14244,1
14245,0
14246,0
14247,4
14248,0
14249,3
14250,1
14251,1
14252,0
14253,0
14254,1
14255,1
14256,0
14257,1
14258,0
14259,1
14260,0
14261,1
14262,0
14263,0
14264,0
14265,1
14266,0
14267,1
14268,0
14269,3
14270,3
14271,3
14272,1
14273,3
14274,2
14275,4
14276,1
14277,3
14278,1
14279,0
14280,4
14281,1
14282,5
14283,0
14284,3
14285,1
14286,1
14287,2
14288,1
14289,0
14290,1
14291,3
14292,1
14293,0
14294,0
14295,0
14296,2
14297,1
14298,1
14299,0
14300,1
14301,1
14302,1
14303,1
14304,0
14305,1
14306,1
14307,4
14308,1
14309,1
14310,0
14311,0
14312,3
14313,1
14314,0
14315,0
14316,2
14317,0
14318,1
14319,3
14320,4
14321,1
14322,0
14323,4
14324,1
14325,2
14326,1
14327,4
14328,1
14329,0
14330,1
14331,4
14332,4
14333,3
14334,1
14335,0
14336,0
14337,4
14338,0
14339,1
14340,4
14341,3
14342,0
14343,1
14344,1
14345,4
14346,0
14347,1
14348,1
14349,1
14350,0
14351,0
14352,0
14353,1
14354,1
14355,4
14356,3
14357,1
14358,1
14359,0
14360,4
14361,3
14362,1
14363,0
14364,0
14365,1
14366,1
14367,3
14368,0
14369,1
14370,0
14371,1
14372,1
14373,0
14374,0
14375,1
14376,0
14377,1
14378,1
14379,1
14380,3
14381,1
14382,0
14383,0
14384,1
14385,3
14386,2
14387,1
14388,3
14389,1
14390,2
14391,1
14392,2
14393,1
14394,1
14395,1
14396,2
14397,4
14398,0
14399,3
14400,0
14401,0
14402,3
14403,0
14404,0
14405,1
14406,1
14407,4
14408,0
14409,2
14410,0
14411,3
14412,1
14413,1
14414,0
14415,3
14416,0
14417,0
14418,4
14419,1
14420,1
14421,3
14422,1
14423,1
14424,4
14425,2
14426,3
14427,1
14428,1
14429,0
14430,3
14431,0
14432,3
14433,3
14434,1
14435,1
14436,5
14437,5
14438,1
14439,1
14440,1
14441,0
14442,4
14443,1
14444,1
14445,5
14446,1
14447,0
14448,1
14449,3
14450,0
14451,0
14452,0
14453,1
14454,1
14455,0
14456,4
14457,1
14458,4
14459,1
14460,0
14461,0
14462,0
14463,1
14464,1
14465,0
14466,1
14467,1
14468,1
14469,1
14470,3
14471,2
14472,0
14473,0
14474,1
14475,4
14476,1
14477,4
14478,3
14479,3
14480,2
14481,3
14482,4
14483,2
14484,3
14485,1
14486,3
14487,0
14488,0
14489,1
14490,4
14491,0
14492,3
14493,0
14494,0
14495,4
14496,0
14497,0
14498,1
14499,0
14500,0
14501,1
14502,3
14503,1
14504,1
14505,1
14506,2
14507,1
14508,0
14509,1
14510,1
14511,1
14512,0
14513,0
14514,4
14515,4
14516,3
14517,1
14518,0
14519,4
14520,2
14521,0
14522,1
14523,0
14524,4
14525,1
14526,0
14527,1
14528,1
14529,2
14530,1
14531,4
14532,1
14533,1
14534,4
14535,0
14536,3
14537,1
14538,0
14539,0
14540,4
14541,1
14542,1
14543,1
14544,1
14545,1
14546,1
14547,0
14548,1
14549,3
14550,3
14551,4
14552,1
14553,0
14554,0
14555,1
14556,1
14557,4
14558,1
14559,4
14560,0
14561,0
14562,0
14563,1
14564,0
14565,1
14566,0
14567,0
14568,1
14569,0
14570,3
14571,3
14572,4
14573,0
14574,3
14575,0
14576,1
14577,1
14578,0
14579,1
14580,2
14581,0
14582,3
14583,1
14584,3
14585,4
14586,0
14587,1
14588,0
14589,4
14590,0
14591,1
14592,2
14593,0
14594,3
14595,1
14596,0
14597,1
14598,1
14599,0
14600,2
14601,1
14602,1
14603,2
14604,1
14605,2
14606,0
14607,0
14608,0
14609,3
14610,0
14611,1
14612,2
14613,0
14614,0
14615,0
14616,1
14617,0
14618,3
14619,0
14620,0
14621,1
14622,0
14623,5
14624,0
14625,1
14626,1
14627,2
14628,1
14629,3
14630,0
14631,1
14632,5
14633,1
14634,0
14635,2
14636,2
14637,1
14638,1
14639,4
14640,3
14641,4
14642,1
14643,3
14644,4
14645,3
14646,3
14647,1
14648,3
14649,2
14650,1
14651,5
14652,1
14653,1
14654,0
14655,4
14656,1
14657,4
14658,4
14659,2
14660,0
14661,1
14662,0
14663,0
14664,0
14665,3
14666,5
14667,1
14668,0
14669,2
14670,0
14671,4
14672,1
14673,0
14674,2
14675,4
14676,1
14677,1
14678,0
14679,1
14680,3
14681,0
14682,1
14683,1
14684,0
14685,3
14686,0
14687,0
14688,2
14689,1
14690,3
14691,2
14692,4
14693,0
14694,0
14695,0
14696,1
14697,4
14698,1
14699,3
14700,1
14701,1
14702,4
14703,0
14704,0
14705,4
14706,4
14707,1
14708,3
14709,3
14710,0
14711,4
14712,4
14713,1
14714,1
14715,3
14716,0
14717,1
14718,0
14719,1
14720,1
14721,0
14722,1
14723,4
14724,3
14725,3
14726,1
14727,0
14728,0
14729,0
14730,1
14731,0
14732,0
14733,0
14734,1
14735,3
14736,0
14737,0
14738,1
14739,0
14740,0
14741,1
14742,1
14743,3
14744,1
14745,4
14746,0
14747,1
14748,5
14749,3
14750,5
14751,1
14752,1
14753,0
14754,3
14755,1
14756,0
14757,1
14758,1
14759,0
14760,1
14761,1
14762,0
14763,4
14764,0
14765,4
14766,4
14767,1
14768,0
14769,3
14770,1
14771,0
14772,0
14773,4
14774,1
14775,1
14776,4
14777,1
14778,0
14779,3
14780,3
14781,1
14782,4
14783,3
14784,0
14785,1
14786,0
14787,1
14788,0
14789,1
14790,4
14791,2
14792,1
14793,4
14794,1
14795,0
14796,4
14797,0
14798,0
14799,4
14800,4
14801,1
14802,0
14803,1
14804,0
14805,0
14806,2
14807,1
14808,1
14809,2
14810,0
14811,1
14812,1
14813,0
14814,1
14815,4
14816,1
14817,1
14818,1
14819,0
14820,3
14821,0
14822,0
14823,0
14824,1
14825,0
14826,1
14827,1
14828,0
14829,1
14830,3
14831,4
14832,1
14833,1
14834,1
14835,3
14836,0
14837,1
14838,3
14839,1
14840,1
14841,1
14842,0
14843,2
14844,4
14845,2
14846,0
14847,3
14848,3
14849,1
14850,0
14851,2
14852,1
14853,1
14854,1
14855,0
14856,1
14857,3
14858,0
14859,0
14860,4
14861,1
14862,1
14863,0
14864,1
14865,0
14866,0
14867,0
14868,2
14869,0
14870,0
14871,0
14872,3
14873,0
14874,1
14875,3
14876,1
14877,1
14878,0
14879,1
14880,0
14881,1
14882,4
14883,1
14884,0
14885,3
14886,0
14887,3
14888,4
14889,4
14890,1
14891,1
14892,0
14893,4
14894,4
14895,1
14896,4
14897,1
14898,4
14899,0
14900,0
14901,0
14902,1
14903,4
14904,3
14905,4
14906,0
14907,4
14908,2
14909,0
14910,1
14911,3
14912,3
14913,3
14914,1
14915,3
14916,2
14917,0
14918,2
14919,1
14920,1
14921,1
14922,0
14923,0
14924,0
14925,0
14926,0
14927,3
14928,0
14929,4
14930,5
14931,0
14932,2
14933,2
14934,3
14935,1
14936,0
14937,3
14938,0
14939,3
14940,0
14941,1
14942,0
14943,0
14944,0
14945,0
14946,0
14947,3
14948,2
14949,3
14950,3
14951,1
14952,0
14953,3
14954,0
14955,0
14956,1
14957,1
14958,1
14959,1
14960,3
14961,1
14962,3
14963,0
14964,2
14965,3
14966,0
14967,0
14968,1
14969,5
14970,1
14971,0
14972,3
14973,2
14974,0
14975,1
14976,1
14977,0
14978,0
14979,2
14980,4
14981,0
14982,1
14983,5
14984,1
14985,4
14986,1
14987,4
14988,0
14989,2
14990,3
14991,4
14992,0
14993,0
14994,3
14995,2
14996,1
14997,1
14998,0
14999,0
15000,3
15001,1
15002,1
15003,0
15004,1
15005,2
15006,0
15007,1
15008,1
15009,4
15010,1
15011,0
15012,3
15013,4
15014,1
15015,3
15016,3
15017,0
15018,1
15019,3
15020,0
15021,1
15022,3
15023,1
15024,3
15025,1
15026,2
15027,0
15028,3
15029,1
15030,4
15031,4
15032,0
15033,3
15034,1
15035,0
15036,0
15037,0
15038,0
15039,3
15040,3
15041,0
15042,1
15043,1
15044,0
15045,3
15046,0
15047,3
15048,0
15049,1
15050,0
15051,1
15052,1
15053,1
15054,5
15055,3
15056,0
15057,0
15058,0
15059,1
15060,1
15061,1
15062,4
15063,0
15064,1
15065,0
15066,3
15067,3
15068,3
15069,1
15070,1
15071,1
15072,1
15073,1
15074,1
15075,1
15076,0
15077,0
15078,1
15079,1
15080,1
15081,1
15082,1
15083,1
15084,3
15085,0
15086,2
15087,0
15088,1
15089,1
15090,0
15091,1
15092,1
15093,2
15094,4
15095,3
15096,1
15097,0
15098,3
15099,4
15100,5
15101,1
15102,1
15103,0
15104,1
15105,0
15106,4
15107,0
15108,3
15109,0
15110,0
15111,1
15112,4
15113,1
15114,1
15115,2
15116,0
15117,1
15118,0
15119,3
15120,1
15121,1
15122,2
15123,1
15124,0
15125,3
15126,1
15127,0
15128,0
15129,3
15130,1
15131,3
15132,1
15133,1
15134,3
15135,0
15136,0
15137,0
15138,4
15139,0
15140,0
15141,1
15142,0
15143,4
15144,5
15145,1
15146,1
15147,0
15148,4
15149,1
15150,1
15151,0
15152,3
15153,1
15154,1
15155,3
15156,4
15157,2
15158,2
15159,1
15160,4
15161,0
15162,1
15163,0
15164,1
15165,1
15166,0
15167,1
15168,1
15169,1
15170,3
15171,1
15172,3
15173,0
15174,1
15175,0
15176,3
15177,3
15178,1
15179,4
15180,1
15181,1
15182,3
15183,1
15184,1
15185,1
15186,0
15187,0
15188,3
15189,1
15190,2
15191,1
15192,1
15193,0
15194,1
15195,1
15196,4
15197,1
15198,1
15199,4
15200,3
15201,0
15202,1
15203,2
15204,5
15205,0
15206,0
15207,1
15208,0
15209,0
15210,4
15211,1
15212,2
15213,0
15214,4
15215,0
15216,3
15217,1
15218,0
15219,4
15220,0
15221,0
15222,1
15223,1
15224,1
15225,3
15226,0
15227,1
15228,0
15229,2
15230,1
15231,0
15232,5
15233,3
15234,1
15235,1
15236,4
15237,1
15238,5
15239,1
15240,3
15241,0
15242,1
15243,0
15244,3
15245,0
15246,1
15247,2
15248,0
15249,3
15250,4
15251,0
15252,4
15253,3
15254,0
15255,1
15256,0
15257,2
15258,3
15259,1
15260,0
15261,1
15262,0
15263,1
15264,1
15265,1
15266,1
15267,1
15268,1
15269,3
15270,0
15271,3
15272,0
15273,4
15274,0
15275,1
15276,3
15277,2
15278,1
15279,1
15280,1
15281,4
15282,1
15283,0
15284,0
15285,2
15286,1
15287,1
15288,0
15289,3
15290,0
15291,1
15292,3
15293,3
15294,0
15295,1
15296,3
15297,1
15298,1
15299,1
15300,1
15301,0
15302,1
15303,1
15304,1
15305,1
15306,1
15307,3
15308,3
15309,1
15310,1
15311,3
15312,1
15313,1
15314,0
15315,1
15316,1
15317,4
15318,4
15319,0
15320,3
15321,0
15322,1
15323,0
15324,1
15325,0
15326,1
15327,0
15328,0
15329,0
15330,3
15331,0
15332,5
15333,1
15334,4
15335,0
15336,1
15337,0
15338,1
15339,4
15340,1
15341,0
15342,0
15343,4
15344,1
15345,3
15346,0
15347,3
15348,1
15349,0
15350,0
15351,1
15352,1
15353,3
15354,1
15355,3
15356,3
15357,3
15358,1
15359,2
15360,0
15361,3
15362,3
15363,1
15364,0
15365,1
15366,2
15367,1
15368,3
15369,1
15370,1
15371,3
15372,1
15373,4
15374,2
15375,0
15376,3
15377,1
15378,1
15379,4
15380,4
15381,0
15382,0
15383,1
15384,1
15385,3
15386,1
15387,3
15388,0
15389,0
15390,1
15391,0
15392,1
15393,0
15394,3
15395,3
15396,3
15397,3
15398,2
15399,3
15400,0
15401,1
15402,0
15403,3
15404,1
15405,1
15406,0
15407,4
15408,1
15409,1
15410,3
15411,0
15412,1
15413,3
15414,3
15415,0
15416,0
15417,1
15418,5
15419,1
15420,1
15421,1
15422,0
15423,0
15424,3
15425,0
15426,1
15427,3
15428,0
15429,3
15430,0
15431,0
15432,1
15433,4
15434,4
15435,0
15436,3
15437,0
15438,0
15439,0
15440,1
15441,4
15442,0
15443,0
15444,1
15445,4
15446,4
15447,3
15448,1
15449,1
15450,0
15451,2
15452,0
15453,4
15454,0
15455,1
15456,1
15457,0
15458,0
15459,1
15460,4
15461,0
15462,1
15463,1
15464,1
15465,1
15466,2
15467,0
15468,0
15469,0
15470,3
15471,3
15472,1
15473,0
15474,4
15475,0
15476,0
15477,0
15478,2
15479,3
15480,0
15481,4
15482,0
15483,3
15484,1
15485,2
15486,1
15487,2
15488,0
15489,3
15490,3
15491,2
15492,0
15493,1
15494,1
15495,1
15496,4
15497,0
15498,0
15499,1
15500,0
15501,3
15502,1
15503,0
15504,3
15505,3
15506,1
15507,3
15508,1
15509,1
15510,1
15511,0
15512,1
15513,1
15514,2
15515,0
15516,0
15517,1
15518,1
15519,1
15520,1
15521,0
15522,0
15523,3
15524,4
15525,2
15526,3
15527,1
15528,0
15529,3
15530,1
15531,1
15532,1
15533,1
15534,0
15535,0
15536,1
15537,1
15538,1
15539,1
15540,1
15541,1
15542,1
15543,3
15544,0
15545,1
15546,0
15547,3
15548,1
15549,0
15550,0
15551,0
15552,0
15553,1
15554,3
15555,1
15556,1
15557,1
15558,1
15559,1
15560,0
15561,3
15562,1
15563,2
15564,1
15565,0
15566,0
15567,5
15568,1
15569,1
15570,1
15571,3
15572,4
15573,0
15574,0
15575,4
15576,4
15577,1
15578,4
15579,2
15580,0
15581,0
15582,3
15583,3
15584,0
15585,2
15586,4
15587,4
15588,4
15589,1
15590,1
15591,0
15592,1
15593,2
15594,2
15595,1
15596,4
15597,3
15598,5
15599,3
15600,1
15601,0
15602,1
15603,4
15604,1
15605,1
15606,3
15607,0
15608,0
15609,0
15610,2
15611,1
15612,1
15613,1
15614,3
15615,0
15616,1
15617,1
15618,1
15619,4
15620,3
15621,4
15622,1
15623,3
15624,0
15625,0
15626,0
15627,1
15628,3
15629,1
15630,0
15631,2
15632,0
15633,4
15634,3
15635,0
15636,3
15637,3
15638,1
15639,0
15640,0
15641,1
15642,1
15643,0
15644,0
15645,1
15646,1
15647,0
15648,0
15649,1
15650,1
15651,3
15652,0
15653,0
15654,1
15655,1
15656,0
15657,1
15658,1
15659,1
15660,0
15661,0
15662,1
15663,1
15664,3
15665,4
15666,0
15667,0
15668,0
15669,3
15670,0
15671,1
15672,1
15673,4
15674,1
15675,0
15676,2
15677,5
15678,4
15679,3
15680,1
15681,1
15682,2
15683,2
15684,0
15685,0
15686,1
15687,3
15688,0
15689,0
15690,1
15691,3
15692,0
15693,0
15694,1
15695,0
15696,1
15697,1
15698,1
15699,3
15700,1
15701,0
15702,3
15703,1
15704,1
15705,1
15706,1
15707,1
15708,2
15709,0
15710,0
15711,3
15712,0
15713,3
15714,1
15715,0
15716,0
15717,1
15718,4
15719,1
15720,3
15721,3
15722,1
15723,1
15724,1
15725,0
15726,0
15727,2
15728,5
15729,2
15730,1
15731,0
15732,5
15733,1
15734,0
15735,4
15736,0
15737,4
15738,1
15739,5
15740,4
15741,0
15742,0
15743,1
15744,0
15745,0
15746,3
15747,1
15748,1
15749,1
15750,0
15751,1
15752,0
15753,0
15754,0
15755,1
15756,5
15757,3
15758,1
15759,4
15760,1
15761,0
15762,3
15763,4
15764,0
15765,5
15766,0
15767,4
15768,0
15769,4
15770,1
15771,0
15772,1
15773,3
15774,1
15775,1
15776,4
15777,0
15778,0
15779,1
15780,4
15781,0
15782,2
15783,0
15784,4
15785,1
15786,0
15787,3
15788,2
15789,2
15790,1
15791,0
15792,0
15793,4
15794,1
15795,4
15796,0
15797,2
15798,5
15799,5
15800,3
15801,4
15802,1
15803,0
15804,1
15805,1
15806,3
15807,2
15808,0
15809,1
15810,1
15811,1
15812,0
15813,0
15814,3
15815,0
15816,1
15817,1
15818,1
15819,3
15820,1
15821,3
15822,0
15823,3
15824,0
15825,4
15826,3
15827,1
15828,1
15829,3
15830,1
15831,0
15832,3
15833,0
15834,2
15835,1
15836,1
15837,4
15838,3
15839,3
15840,5
15841,1
15842,0
15843,3
15844,3
15845,2
15846,5
15847,3
15848,2
15849,0
15850,0
15851,5
15852,0
15853,0
15854,0
15855,0
15856,1
15857,3
15858,0
15859,0
15860,4
15861,4
15862,0
15863,0
15864,0
15865,2
15866,0
15867,3
15868,3
15869,0
15870,3
15871,0
15872,4
15873,1
15874,1
15875,4
15876,0
15877,3
15878,0
15879,0
15880,3
15881,0
15882,0
15883,2
15884,1
15885,0
15886,1
15887,2
15888,4
15889,3
15890,3
15891,0
15892,0
15893,1
15894,1
15895,3
15896,1
15897,1
15898,1
15899,0
15900,4
15901,1
15902,1
15903,2
15904,1
15905,2
15906,1
15907,3
15908,2
15909,4
15910,1
15911,1
15912,0
15913,4
15914,4
15915,1
15916,1
15917,1
15918,1
15919,0
15920,0
15921,0
15922,1
15923,5
15924,1
15925,0
15926,0
15927,3
15928,4
15929,0
15930,3
15931,0
15932,5
15933,4
15934,1
15935,1
15936,1
15937,1
15938,1
15939,2
15940,3
15941,0
15942,3
15943,1
15944,3
15945,0
15946,1
15947,1
15948,0
15949,4
15950,1
15951,1
15952,0
15953,1
15954,5
15955,0
15956,3
15957,4
15958,1
15959,0
15960,0
15961,0
15962,0
15963,1
15964,4
15965,0
15966,1
15967,3
15968,3
15969,5
15970,1
15971,1
15972,3
15973,3
15974,1
15975,0
15976,0
15977,3
15978,1
15979,0
15980,2
15981,0
15982,1
15983,1
15984,0
15985,0
15986,3
15987,1
15988,1
15989,3
15990,2
15991,0
15992,2
15993,1
15994,1
15995,1
15996,4
15997,0
15998,1
15999,0
16000,2
16001,1
16002,3
16003,4
16004,1
16005,0
16006,1
16007,1
16008,4
16009,0
16010,1
16011,2
16012,1
16013,1
16014,1
16015,2
16016,1
16017,0
16018,1
16019,1
16020,1
16021,1
16022,1
16023,0
16024,0
16025,1
16026,1
16027,0
16028,1
16029,4
16030,0
16031,0
16032,1
16033,0
16034,1
16035,0
16036,3
16037,3
16038,3
16039,1
16040,1
16041,1
16042,1
16043,0
16044,0
16045,1
16046,2
16047,0
16048,0
16049,1
16050,4
16051,0
16052,0
16053,1
16054,1
16055,1
16056,1
16057,3
16058,4
16059,0
16060,4
16061,0
16062,0
16063,0
16064,5
16065,1
16066,0
16067,1
16068,1
16069,0
16070,0
16071,5
16072,0
16073,1
16074,3
16075,0
16076,1
16077,1
16078,4
16079,2
16080,0
16081,3
16082,1
16083,4
16084,1
16085,1
16086,1
16087,2
16088,1
16089,1
16090,1
16091,5
16092,1
16093,3
16094,0
16095,0
16096,0
16097,3
16098,3
16099,0
16100,3
16101,1
16102,1
16103,0
16104,3
16105,1
16106,4
16107,0
16108,1
16109,1
16110,4
16111,1
16112,0
16113,2
16114,1
16115,0
16116,2
16117,0
16118,4
16119,5
16120,4
16121,1
16122,0
16123,0
16124,5
16125,1
16126,0
16127,5
16128,2
16129,1
16130,1
16131,0
16132,3
16133,4
16134,3
16135,3
16136,1
16137,0
16138,2
16139,5
16140,1
16141,1
16142,0
16143,4
16144,0
16145,1
16146,3
16147,0
16148,1
16149,3
16150,4
16151,1
16152,0
16153,3
16154,0
16155,2
16156,0
16157,1
16158,1
16159,3
16160,4
16161,2
16162,4
16163,1
16164,0
16165,1
16166,3
16167,2
16168,1
16169,0
16170,4
16171,1
16172,3
16173,2
16174,0
16175,3
16176,0
16177,1
16178,3
16179,3
16180,4
16181,1
16182,4
16183,3
16184,1
16185,1
16186,2
16187,0
16188,1
16189,2
16190,0
16191,3
16192,1
16193,3
16194,1
16195,1
16196,2
16197,0
16198,0
16199,0
16200,0
16201,3
16202,3
16203,5
16204,2
16205,1
16206,1
16207,0
16208,1
16209,3
16210,4
16211,3
16212,4
16213,3
16214,0
16215,5
16216,1
16217,1
16218,1
16219,1
16220,4
16221,1
16222,1
16223,0
16224,0
16225,0
16226,2
16227,0
16228,0
16229,3
16230,4
16231,3
16232,2
16233,0
16234,4
16235,0
16236,0
16237,0
16238,0
16239,0
16240,1
16241,4
16242,0
16243,1
16244,1
16245,1
16246,0
16247,3
16248,1
16249,3
16250,0
16251,1
16252,3
16253,0
16254,2
16255,4
16256,1
16257,0
16258,4
16259,3
16260,3
16261,0
16262,4
16263,1
16264,3
16265,1
16266,0
16267,4
16268,2
16269,2
16270,0
16271,0
16272,1
16273,0
16274,0
16275,0
16276,1
16277,3
16278,0
16279,0
16280,3
16281,2
16282,1
16283,0
16284,0
16285,0
16286,0
16287,3
16288,3
16289,1
16290,1
16291,2
16292,1
16293,0
16294,3
16295,0
16296,1
16297,1
16298,0
16299,0
16300,1
16301,2
16302,0
16303,1
16304,3
16305,0
16306,4
16307,1
16308,0
16309,0
16310,1
16311,0
16312,0
16313,0
16314,0
16315,0
16316,0
16317,1
16318,1
16319,1
16320,0
16321,4
16322,0
16323,3
16324,3
16325,1
16326,3
16327,5
16328,2
16329,0
16330,0
16331,1
16332,1
16333,0
16334,4
16335,0
16336,1
16337,0
16338,1
16339,0
16340,0
16341,3
16342,1
16343,1
16344,1
16345,2
16346,0
16347,0
16348,0
16349,5
16350,1
16351,2
16352,1
16353,0
16354,2
16355,0
16356,4
16357,0
16358,1
16359,0
16360,1
16361,4
16362,1
16363,2
16364,4
16365,1
16366,1
16367,1
16368,4
16369,3
16370,1
16371,0
16372,5
16373,1
16374,4
16375,0
16376,0
16377,3
16378,3
16379,0
16380,0
16381,1
16382,1
16383,4
16384,3
16385,2
16386,3
16387,0
16388,0
16389,4
16390,1
16391,0
16392,1
16393,1
16394,0
16395,1
16396,0
16397,2
16398,3
16399,1
16400,1
16401,2
16402,1
16403,3
16404,1
16405,4
16406,0
16407,1
16408,1
16409,3
16410,1
16411,1
16412,3
16413,5
16414,1
16415,0
16416,3
16417,3
16418,1
16419,0
16420,0
16421,4
16422,0
16423,1
16424,1
16425,3
16426,0
16427,1
16428,0
16429,1
16430,1
16431,4
16432,1
16433,1
16434,4
16435,0
16436,0
16437,3
16438,3
16439,0
16440,4
16441,1
16442,0
16443,5
16444,0
16445,1
16446,4
16447,0
16448,1
16449,0
16450,4
16451,1
16452,2
16453,1
16454,0
16455,0
16456,4
16457,1
16458,1
16459,2
16460,1
16461,3
16462,1
16463,1
16464,1
16465,3
16466,3
16467,1
16468,0
16469,1
16470,1
16471,0
16472,1
16473,5
16474,1
16475,0
16476,0
16477,3
16478,2
16479,3
16480,1
16481,1
16482,3
16483,1
16484,1
16485,1
16486,4
16487,0
16488,1
16489,0
16490,0
16491,1
16492,1
16493,0
16494,4
16495,4
16496,1
16497,3
16498,1
16499,3
16500,3
16501,3
16502,2
16503,1
16504,1
16505,0
16506,3
16507,1
16508,1
16509,3
16510,0
16511,0
16512,1
16513,1
16514,1
16515,1
16516,0
16517,1
16518,1
16519,3
16520,1
16521,3
16522,0
16523,0
16524,0
16525,1
16526,0
16527,1
16528,3
16529,1
16530,5
16531,1
16532,1
16533,0
16534,1
16535,0
16536,1
16537,3
16538,4
16539,1
16540,1
16541,0
16542,3
16543,1
16544,0
16545,1
16546,1
16547,0
16548,0
16549,0
16550,3
16551,1
16552,0
16553,2
16554,0
16555,0
16556,0
16557,4
16558,0
16559,0
16560,4
16561,0
16562,0
16563,0
16564,3
16565,4
16566,1
16567,0
16568,1
16569,1
16570,1
16571,0
16572,0
16573,3
16574,1
16575,1
16576,1
16577,5
16578,3
16579,3
16580,4
16581,0
16582,1
16583,1
16584,1
16585,0
16586,2
16587,0
16588,5
16589,0
16590,1
16591,0
16592,4
16593,2
16594,1
16595,0
16596,0
16597,0
16598,1
16599,1
16600,4
16601,0
16602,4
16603,2
16604,0
16605,3
16606,0
16607,2
16608,1
16609,1
16610,3
16611,4
16612,3
16613,2
16614,1
16615,0
16616,0
16617,3
16618,4
16619,0
16620,0
16621,1
16622,4
16623,1
16624,3
16625,4
16626,0
16627,1
16628,1
16629,1
16630,1
16631,0
16632,0
16633,2
16634,1
16635,5
16636,1
16637,0
16638,0
16639,1
16640,0
16641,1
16642,2
16643,0
16644,3
16645,1
16646,0
16647,4
16648,0
16649,3
16650,1
16651,0
16652,4
16653,1
16654,1
16655,3
16656,1
16657,3
16658,3
16659,1
16660,0
16661,1
16662,1
16663,4
16664,0
16665,3
16666,2
16667,0
16668,4
16669,1
16670,5
16671,1
16672,0
16673,1
16674,1
16675,0
16676,1
16677,1
16678,0
16679,1
16680,0
16681,0
16682,3
16683,0
16684,2
16685,5
16686,0
16687,0
16688,3
16689,4
16690,0
16691,1
16692,2
16693,2
16694,0
16695,3
16696,0
16697,3
16698,0
16699,1
16700,3
16701,1
16702,2
16703,3
16704,0
16705,0
16706,0
16707,1
16708,1
16709,1
16710,1
16711,0
16712,2
16713,0
16714,0
16715,1
16716,1
16717,0
16718,0
16719,0
16720,0
16721,3
16722,0
16723,0
16724,4
16725,1
16726,3
16727,0
16728,4
16729,3
16730,3
16731,0
16732,1
16733,0
16734,0
16735,0
16736,4
16737,0
16738,3
16739,3
16740,0
16741,0
16742,0
16743,0
16744,3
16745,0
16746,1
16747,0
16748,0
16749,4
16750,0
16751,2
16752,0
16753,1
16754,1
16755,1
16756,3
16757,1
16758,1
16759,1
16760,4
16761,1
16762,3
16763,2
16764,4
16765,1
16766,0
16767,5
16768,0
16769,4
16770,3
16771,1
16772,0
16773,1
16774,0
16775,0
16776,1
16777,0
16778,1
16779,4
16780,2
16781,3
16782,1
16783,0
16784,1
16785,1
16786,0
16787,3
16788,0
16789,5
16790,0
16791,1
16792,1
16793,1
16794,3
16795,0
16796,4
16797,1
16798,0
16799,0
16800,0
16801,1
16802,2
16803,0
16804,0
16805,0
16806,3
16807,1
16808,3
16809,3
16810,1
16811,1
16812,2
16813,1
16814,2
16815,2
16816,0
16817,1
16818,0
16819,3
16820,3
16821,1
16822,2
16823,3
16824,0
16825,1
16826,1
16827,3
16828,3
16829,1
16830,1
16831,0
16832,0
16833,4
16834,1
16835,0
16836,5
16837,1
16838,0
16839,0
16840,0
16841,2
16842,0
16843,1
16844,1
16845,3
16846,1
16847,0
16848,3
16849,3
16850,1
16851,0
16852,4
16853,3
16854,0
16855,0
16856,1
16857,1
16858,1
16859,0
16860,4
16861,3
16862,0
16863,2
16864,1
16865,1
16866,0
16867,3
16868,0
16869,0
16870,1
16871,1
16872,1
16873,4
16874,0
16875,1
16876,0
16877,2
16878,0
16879,3
16880,2
16881,3
16882,0
16883,0
16884,3
16885,3
16886,0
16887,0
16888,4
16889,2
16890,0
16891,3
16892,0
16893,0
16894,1
16895,1
16896,1
16897,2
16898,0
16899,0
16900,0
16901,0
16902,0
16903,3
16904,1
16905,1
16906,3
16907,3
16908,4
16909,0
16910,1
16911,0
16912,1
16913,0
16914,0
16915,5
16916,2
16917,0
16918,2
16919,1
16920,0
16921,4
16922,0
16923,0
16924,0
16925,1
16926,1
16927,1
16928,1
16929,0
16930,4
16931,3
16932,0
16933,4
16934,0
16935,3
16936,5
16937,0
16938,3
16939,0
16940,0
16941,1
16942,3
16943,1
16944,1
16945,0
16946,0
16947,4
16948,2
16949,0
16950,1
16951,1
16952,0
16953,0
16954,3
16955,4
16956,2
16957,0
16958,2
16959,2
16960,2
16961,1
16962,1
16963,2
16964,3
16965,3
16966,3
16967,1
16968,3
16969,1
16970,1
16971,1
16972,0
16973,4
16974,2
16975,1
16976,1
16977,1
16978,2
16979,2
16980,0
16981,0
16982,1
16983,1
16984,4
16985,1
16986,1
16987,1
16988,3
16989,0
16990,2
16991,0
16992,1
16993,2
16994,1
16995,4
16996,0
16997,0
16998,0
16999,1
17000,1
17001,0
17002,3
17003,1
17004,1
17005,5
17006,0
17007,3
17008,0
17009,1
17010,1
17011,3
17012,5
17013,1
17014,1
17015,0
17016,3
17017,1
17018,1
17019,1
17020,0
17021,1
17022,1
17023,5
17024,0
17025,1
17026,0
17027,1
17028,1
17029,0
17030,3
17031,1
17032,2
17033,3
17034,3
17035,1
17036,4
17037,3
17038,0
17039,1
17040,2
17041,4
17042,3
17043,1
17044,2
17045,3
17046,5
17047,0
17048,1
17049,1
17050,0
17051,0
17052,4
17053,0
17054,1
17055,1
17056,4
17057,5
17058,5
17059,0
17060,0
17061,1
17062,0
17063,1
17064,0
17065,1
17066,0
17067,2
17068,0
17069,2
17070,2
17071,0
17072,3
17073,1
17074,4
17075,0
17076,0
17077,1
17078,0
17079,3
17080,1
17081,3
17082,1
17083,1
17084,1
17085,1
17086,1
17087,3
17088,4
17089,3
17090,1
17091,2
17092,4
17093,3
17094,5
17095,1
17096,1
17097,2
17098,1
17099,1
17100,3
17101,3
17102,2
17103,1
17104,0
17105,0
17106,1
17107,3
17108,0
17109,2
17110,0
17111,1
17112,0
17113,1
17114,0
17115,3
17116,3
17117,0
17118,0
17119,1
17120,0
17121,0
17122,4
17123,1
17124,3
17125,1
17126,3
17127,0
17128,1
17129,1
17130,2
17131,1
17132,3
17133,1
17134,1
17135,3
17136,0
17137,0
17138,3
17139,0
17140,1
17141,2
17142,0
17143,1
17144,1
17145,1
17146,1
17147,1
17148,3
17149,1
17150,1
17151,3
17152,2
17153,5
17154,0
17155,3
17156,1
17157,1
17158,0
17159,5
17160,0
17161,3
17162,1
17163,0
17164,0
17165,2
17166,1
17167,2
17168,1
17169,0
17170,0
17171,1
17172,1
17173,2
17174,3
17175,1
17176,0
17177,1
17178,0
17179,1
17180,0
17181,1
17182,3
17183,1
17184,0
17185,1
17186,1
17187,1
17188,1
17189,2
17190,2
17191,3
17192,1
17193,1
17194,3
17195,4
17196,1
17197,0
17198,3
17199,2
17200,0
17201,2
17202,4
17203,3
17204,0
17205,1
17206,1
17207,2
17208,3
17209,0
17210,0
17211,2
17212,0
17213,1
17214,2
17215,1
17216,1
17217,1
17218,3
17219,5
17220,0
17221,3
17222,1
17223,0
17224,1
17225,0
17226,1
17227,0
17228,0
17229,1
17230,0
17231,0
17232,1
17233,3
17234,1
17235,1
17236,1
17237,1
17238,0
17239,3
17240,2
17241,3
17242,0
17243,1
17244,0
17245,1
17246,5
17247,3
17248,1
17249,1
17250,3
17251,2
17252,1
17253,1
17254,1
17255,1
17256,0
17257,0
17258,1
17259,3
17260,0
17261,0
17262,1
17263,0
17264,1
17265,3
17266,0
17267,3
17268,1
17269,3
17270,0
17271,1
17272,4
17273,0
17274,0
17275,1
17276,0
17277,0
17278,0
17279,0
17280,1
17281,1
17282,1
17283,4
17284,0
17285,1
17286,1
17287,0
17288,1
17289,3
17290,2
17291,0
17292,1
17293,4
17294,1
17295,0
17296,3
17297,1
17298,0
17299,1
17300,1
17301,0
17302,0
17303,1
17304,1
17305,0
17306,0
17307,0
17308,0
17309,1
17310,3
17311,2
17312,2
17313,1
17314,1
17315,0
17316,0
17317,0
17318,4
17319,2
17320,3
17321,2
17322,1
17323,2
17324,4
17325,1
17326,0
17327,4
17328,1
17329,5
17330,4
17331,3
17332,1
17333,0
17334,1
17335,1
17336,3
17337,0
17338,0
17339,1
17340,2
17341,3
17342,3
17343,4
17344,4
17345,1
17346,5
17347,1
17348,0
17349,2
17350,0
17351,0
17352,4
17353,3
17354,4
17355,0
17356,1
17357,1
17358,4
17359,1
17360,4
17361,0
17362,5
17363,3
17364,4
17365,1
17366,0
17367,2
17368,1
17369,0
17370,0
17371,1
17372,1
17373,3
17374,2
17375,0
17376,1
17377,3
17378,1
17379,1
17380,0
17381,2
17382,0
17383,3
17384,2
17385,2
17386,1
17387,0
17388,1
17389,0
17390,1
17391,3
17392,4
17393,4
17394,2
17395,1
17396,1
17397,3
17398,3
17399,1
17400,0
17401,1
17402,1
17403,4
17404,4
17405,0
17406,2
17407,0
17408,0
17409,3
17410,5
17411,0
17412,2
17413,1
17414,1
17415,0
17416,3
17417,3
17418,1
17419,1
17420,3
17421,0
17422,3
17423,3
17424,1
17425,1
17426,3
17427,1
17428,1
17429,4
17430,3
17431,0
17432,1
17433,0
17434,1
17435,3
17436,0
17437,3
17438,3
17439,3
17440,3
17441,0
17442,1
17443,3
17444,0
17445,0
17446,2
17447,3
17448,0
17449,0
17450,2
17451,1
17452,3
17453,4
17454,1
17455,1
17456,0
17457,0
17458,0
17459,1
17460,1
17461,0
17462,1
17463,1
17464,0
17465,4
17466,0
17467,0
17468,2
17469,5
17470,0
17471,0
17472,1
17473,1
17474,3
17475,2
17476,2
17477,1
17478,0
17479,1
17480,1
17481,1
17482,0
17483,1
17484,4
17485,1
17486,0
17487,1
17488,3
17489,1
17490,1
17491,1
17492,4
17493,4
17494,1
17495,1
17496,4
17497,1
17498,0
17499,1
17500,2
17501,1
17502,0
17503,1
17504,2
17505,1
17506,0
17507,4
17508,2
17509,1
17510,0
17511,0
17512,0
17513,0
17514,1
17515,2
17516,3
17517,1
17518,3
17519,4
17520,1
17521,1
17522,1
17523,1
17524,0
17525,0
17526,0
17527,1
17528,1
17529,0
17530,1
17531,1
17532,1
17533,1
17534,0
17535,4
17536,1
17537,1
17538,2
17539,1
17540,0
17541,4
17542,0
17543,1
17544,2
17545,1
17546,1
17547,3
17548,0
17549,4
17550,0
17551,0
17552,1
17553,3
17554,1
17555,1
17556,1
17557,1
17558,0
17559,1
17560,3
17561,2
17562,2
17563,0
17564,1
17565,3
17566,0
17567,0
17568,1
17569,1
17570,0
17571,3
17572,0
17573,3
17574,1
17575,5
17576,0
17577,3
17578,0
17579,1
17580,1
17581,1
17582,1
17583,1
17584,4
17585,3
17586,2
17587,0
17588,1
17589,1
17590,1
17591,4
17592,1
17593,0
17594,1
17595,1
17596,0
17597,0
17598,1
17599,2
17600,3
17601,4
17602,4
17603,0
17604,1
17605,3
17606,4
17607,1
17608,4
17609,3
17610,0
17611,1
17612,2
17613,0
17614,0
17615,1
17616,2
17617,0
17618,3
17619,1
17620,1
17621,3
17622,1
17623,0
17624,1
17625,0
17626,1
17627,0
17628,1
17629,1
17630,0
17631,1
17632,0
17633,0
17634,0
17635,0
17636,1
17637,3
17638,0
17639,3
17640,1
17641,1
17642,0
17643,4
17644,0
17645,1
17646,0
17647,0
17648,0
17649,0
17650,0
17651,2
17652,1
17653,1
17654,1
17655,0
17656,0
17657,0
17658,1
17659,0
17660,1
17661,1
17662,1
17663,0
17664,0
17665,3
17666,1
17667,4
17668,0
17669,3
17670,1
17671,3
17672,3
17673,1
17674,1
17675,2
17676,3
17677,1
17678,0
17679,4
17680,1
17681,0
17682,1
17683,1
17684,1
17685,1
17686,2
17687,0
17688,1
17689,1
17690,4
17691,1
17692,3
17693,4
17694,1
17695,1
17696,3
17697,0
17698,1
17699,1
17700,1
17701,0
17702,0
17703,1
17704,0
17705,0
17706,4
17707,1
17708,5
17709,0
17710,3
17711,1
17712,1
17713,4
17714,1
17715,3
17716,0
17717,0
17718,1
17719,1
17720,2
17721,5
17722,0
17723,5
17724,0
17725,1
17726,3
17727,4
17728,3
17729,2
17730,1
17731,1
17732,0
17733,3
17734,1
17735,1
17736,0
17737,3
17738,3
17739,3
17740,1
17741,0
17742,3
17743,3
17744,2
17745,1
17746,1
17747,1
17748,0
17749,1
17750,0
17751,1
17752,1
17753,0
17754,1
17755,2
17756,1
17757,1
17758,5
17759,4
17760,1
17761,3
17762,1
17763,0
17764,1
17765,5
17766,3
17767,1
17768,4
17769,1
17770,0
17771,1
17772,1
17773,0
17774,1
17775,0
17776,5
17777,1
17778,1
17779,1
17780,3
17781,0
17782,1
17783,0
17784,1
17785,1
17786,1
17787,1
17788,0
17789,1
17790,0
17791,1
17792,1
17793,1
17794,3
17795,3
17796,0
17797,1
17798,1
17799,0
17800,2
17801,1
17802,0
17803,0
17804,0
17805,0
17806,1
17807,4
17808,1
17809,2
17810,0
17811,0
17812,3
17813,0
17814,3
17815,4
17816,1
17817,1
17818,1
17819,3
17820,1
17821,0
17822,0
17823,3
17824,1
17825,3
17826,1
17827,2
17828,1
17829,0
17830,3
17831,1
17832,1
17833,0
17834,2
17835,2
17836,1
17837,0
17838,0
17839,0
17840,1
17841,0
17842,1
17843,0
17844,0
17845,1
17846,3
17847,1
17848,1
17849,2
17850,4
17851,3
17852,3
17853,1
17854,3
17855,4
17856,1
17857,1
17858,0
17859,4
17860,3
17861,0
17862,0
17863,4
17864,3
17865,1
17866,1
17867,1
17868,3
17869,0
17870,1
17871,1
17872,0
17873,4
17874,1
17875,1
17876,0
17877,0
17878,3
17879,0
17880,1
17881,3
17882,1
17883,1
17884,2
17885,1
17886,0
17887,0
17888,2
17889,0
17890,1
17891,1
17892,5
17893,1
17894,0
17895,0
17896,3
17897,5
17898,4
17899,0
17900,0
17901,5
17902,0
17903,1
17904,0
17905,1
17906,3
17907,3
17908,2
17909,3
17910,1
17911,1
17912,0
17913,3
17914,1
17915,4
17916,0
17917,4
17918,4
17919,4
17920,3
17921,1
17922,0
17923,1
17924,2
17925,3
17926,3
17927,4
17928,2
17929,1
17930,3
17931,0
17932,2
17933,0
17934,1
17935,0
17936,1
17937,1
17938,1
17939,0
17940,2
17941,0
17942,1
17943,1
17944,0
17945,1
17946,2
17947,0
17948,4
17949,0
17950,0
17951,1
17952,3
17953,4
17954,1
17955,1
17956,1
17957,0
17958,0
17959,3
17960,1
17961,1
17962,0
17963,3
17964,1
17965,2
17966,4
17967,4
17968,1
17969,1
17970,4
17971,3
17972,0
17973,0
17974,0
17975,1
17976,4
17977,1
17978,0
17979,1
17980,0
17981,0
17982,1
17983,4
17984,1
17985,1
17986,0
17987,1
17988,0
17989,1
17990,0
17991,1
17992,0
17993,1
17994,1
17995,1
17996,3
17997,1
17998,3
17999,4
18000,3
18001,1
18002,0
18003,0
18004,1
18005,0
18006,0
18007,0
18008,1
18009,3
18010,0
18011,0
18012,0
18013,3
18014,1
18015,5
18016,1
18017,3
18018,1
18019,1
18020,2
18021,1
18022,4
18023,0
18024,0
18025,0
18026,2
18027,1
18028,1
18029,0
18030,0
18031,4
18032,0
18033,1
18034,1
18035,1
18036,3
18037,3
18038,4
18039,1
18040,0
18041,0
18042,1
18043,0
18044,5
18045,3
18046,2
18047,2
18048,4
18049,1
18050,1
18051,1
18052,3
18053,0
18054,3
18055,0
18056,3
18057,1
18058,0
18059,0
18060,1
18061,1
18062,4
18063,3
18064,1
18065,1
18066,0
18067,5
18068,1
18069,1
18070,1
18071,4
18072,3
18073,1
18074,1
18075,2
18076,1
18077,0
18078,0
18079,2
18080,4
18081,4
18082,0
18083,0
18084,0
18085,1
18086,4
18087,0
18088,1
18089,0
18090,1
18091,2
18092,0
18093,1
18094,1
18095,1
18096,3
18097,1
18098,1
18099,0
18100,4
18101,1
18102,0
18103,4
18104,3
18105,0
18106,0
18107,0
18108,0
18109,3
18110,1
18111,0
18112,0
18113,2
18114,1
18115,3
18116,1
18117,3
18118,4
18119,1
18120,5
18121,4
18122,3
18123,1
18124,1
18125,1
18126,1
18127,1
18128,1
18129,3
18130,0
18131,2
18132,1
18133,1
18134,0
18135,3
18136,0
18137,1
18138,0
18139,1
18140,0
18141,1
18142,1
18143,1
18144,2
18145,1
18146,0
18147,1
18148,4
18149,0
18150,3
18151,1
18152,1
18153,0
18154,0
18155,1
18156,4
18157,5
18158,4
18159,1
18160,0
18161,1
18162,1
18163,4
18164,5
18165,1
18166,1
18167,5
18168,1
18169,1
18170,0
18171,1
18172,0
18173,4
18174,1
18175,4
18176,0
18177,3
18178,1
18179,3
18180,1
18181,1
18182,3
18183,1
18184,4
18185,1
18186,4
18187,4
18188,4
18189,0
18190,0
18191,1
18192,1
18193,3
18194,2
18195,5
18196,1
18197,0
18198,4
18199,4
18200,1
18201,1
18202,4
18203,0
18204,1
18205,1
18206,0
18207,1
18208,5
18209,3
18210,3
18211,1
18212,0
18213,0
18214,2
18215,1
18216,1
18217,1
18218,1
18219,3
18220,1
18221,3
18222,3
18223,1
18224,4
18225,3
18226,4
18227,0
18228,3
18229,1
18230,0
18231,0
18232,1
18233,5
18234,1
18235,2
18236,0
18237,3
18238,1
18239,3
18240,3
18241,1
18242,1
18243,0
18244,1
18245,0
18246,0
18247,2
18248,1
18249,0
18250,1
18251,1
18252,1
18253,3
18254,3
18255,0
18256,0
18257,3
18258,0
18259,1
18260,0
18261,0
18262,1
18263,2
18264,0
18265,1
18266,1
18267,0
18268,1
18269,3
18270,4
18271,1
18272,0
18273,3
18274,0
18275,1
18276,1
18277,0
18278,1
18279,0
18280,3
18281,1
18282,4
18283,0
18284,2
18285,4
18286,3
18287,0
18288,0
18289,1
18290,0
18291,1
18292,0
18293,1
18294,1
18295,1
18296,0
18297,0
18298,1
18299,5
18300,1
18301,0
18302,2
18303,1
18304,3
18305,0
18306,3
18307,3
18308,3
18309,4
18310,1
18311,1
18312,1
18313,0
18314,0
18315,1
18316,1
18317,1
18318,0
18319,0
18320,0
18321,3
18322,0
18323,1
18324,0
18325,3
18326,3
18327,1
18328,2
18329,0
18330,1
18331,1
18332,3
18333,1
18334,1
18335,1
18336,1
18337,5
18338,4
18339,0
18340,0
18341,3
18342,3
18343,0
18344,1
18345,0
18346,0
18347,1
18348,3
18349,0
18350,1
18351,0
18352,3
18353,1
18354,1
18355,1
18356,1
18357,0
18358,3
18359,2
18360,0
18361,1
18362,4
18363,2
18364,1
18365,3
18366,4
18367,3
18368,0
18369,4
18370,2
18371,3
18372,1
18373,3
18374,1
18375,3
18376,4
18377,0
18378,4
18379,0
18380,1
18381,1
18382,1
18383,0
18384,0
18385,1
18386,2
18387,1
18388,0
18389,1
18390,4
18391,1
18392,4
18393,1
18394,0
18395,1
18396,1
18397,1
18398,3
18399,0
18400,4
18401,0
18402,2
18403,1
18404,0
18405,0
18406,1
18407,0
18408,1
18409,0
18410,0
18411,1
18412,0
18413,1
18414,1
18415,1
18416,1
18417,4
18418,3
18419,3
18420,2
18421,4
18422,1
18423,4
18424,1
18425,4
18426,0
18427,1
18428,5
18429,1
18430,4
18431,0
18432,0
18433,1
18434,1
18435,0
18436,0
18437,1
18438,1
18439,1
18440,1
18441,4
18442,1
18443,0
18444,0
18445,1
18446,3
18447,1
18448,3
18449,1
18450,3
18451,2
18452,1
18453,2
18454,2
18455,1
18456,1
18457,0
18458,1
18459,0
18460,4
18461,1
18462,3
18463,1
18464,3
18465,0
18466,1
18467,0
18468,3
18469,1
18470,1
18471,1
18472,1
18473,1
18474,0
18475,1
18476,0
18477,2
18478,3
18479,1
18480,0
18481,1
18482,1
18483,0
18484,4
18485,4
18486,0
18487,1
18488,0
18489,3
18490,1
18491,0
18492,1
18493,0
18494,1
18495,1
18496,3
18497,0
18498,3
18499,1
18500,1
18501,5
18502,1
18503,0
18504,0
18505,1
18506,1
18507,0
18508,4
18509,0
18510,0
18511,1
18512,3
18513,3
18514,2
18515,4
18516,1
18517,0
18518,1
18519,1
18520,3
18521,0
18522,0
18523,0
18524,4
18525,1
18526,4
18527,1
18528,3
18529,0
18530,4
18531,4
18532,0
18533,2
18534,0
18535,4
18536,3
18537,1
18538,1
18539,2
18540,5
18541,3
18542,1
18543,3
18544,1
18545,0
18546,5
18547,1
18548,0
18549,1
18550,0
18551,4
18552,2
18553,0
18554,0
18555,1
18556,1
18557,3
18558,1
18559,3
18560,4
18561,3
18562,3
18563,4
18564,4
18565,1
18566,4
18567,0
18568,1
18569,3
18570,4
18571,4
18572,1
18573,0
18574,4
18575,3
18576,4
18577,2
18578,0
18579,1
18580,3
18581,1
18582,1
18583,3
18584,3
18585,0
18586,3
18587,3
18588,1
18589,1
18590,3
18591,4
18592,4
18593,0
18594,1
18595,0
18596,0
18597,4
18598,0
18599,1
18600,3
18601,2
18602,1
18603,0
18604,2
18605,4
18606,0
18607,1
18608,1
18609,0
18610,1
18611,1
18612,0
18613,5
18614,3
18615,3
18616,0
18617,3
18618,1
18619,1
18620,1
18621,0
18622,0
18623,0
18624,1
18625,0
18626,0
18627,0
18628,3
18629,0
18630,3
18631,4
18632,0
18633,1
18634,4
18635,4
18636,4
18637,1
18638,2
18639,1
18640,1
18641,3
18642,0
18643,3
18644,0
18645,0
18646,0
18647,0
18648,0
18649,4
18650,0
18651,0
18652,4
18653,1
18654,1
18655,0
18656,4
18657,1
18658,0
18659,4
18660,1
18661,0
18662,3
18663,0
18664,3
18665,0
18666,1
18667,0
18668,3
18669,1
18670,2
18671,1
18672,3
18673,0
18674,1
18675,1
18676,4
18677,2
18678,2
18679,3
18680,5
18681,3
18682,1
18683,1
18684,1
18685,1
18686,1
18687,1
18688,4
18689,1
18690,0
18691,2
18692,4
18693,1
18694,2
18695,2
18696,3
18697,0
18698,2
18699,1
18700,4
18701,1
18702,1
18703,4
18704,1
18705,3
18706,1
18707,1
18708,3
18709,0
18710,3
18711,0
18712,0
18713,0
18714,1
18715,3
18716,5
18717,1
18718,3
18719,3
18720,0
18721,0
18722,1
18723,1
18724,0
18725,3
18726,1
18727,1
18728,1
18729,1
18730,1
18731,0
18732,1
18733,1
18734,1
18735,1
18736,0
18737,0
18738,1
18739,0
18740,5
18741,5
18742,1
18743,1
18744,1
18745,1
18746,0
18747,0
18748,1
18749,1
18750,0
18751,0
18752,3
18753,1
18754,1
18755,1
18756,3
18757,0
18758,3
18759,1
18760,3
18761,1
18762,0
18763,2
18764,0
18765,1
18766,1
18767,1
18768,4
18769,1
18770,0
18771,1
18772,3
18773,2
18774,2
18775,0
18776,3
18777,1
18778,3
18779,0
18780,1
18781,2
18782,0
18783,2
18784,0
18785,1
18786,0
18787,2
18788,0
18789,1
18790,1
18791,3
18792,5
18793,0
18794,1
18795,1
18796,0
18797,1
18798,1
18799,0
18800,1
18801,0
18802,3
18803,3
18804,0
18805,0
18806,1
18807,0
18808,4
18809,0
18810,4
18811,3
18812,2
18813,3
18814,0
18815,4
18816,0
18817,0
18818,0
18819,1
18820,0
18821,0
18822,0
18823,1
18824,3
18825,1
18826,1
18827,1
18828,3
18829,1
18830,1
18831,3
18832,0
18833,3
18834,1
18835,5
18836,3
18837,3
18838,0
18839,1
18840,2
18841,0
18842,1
18843,1
18844,0
18845,0
18846,1
18847,0
18848,0
18849,0
18850,1
18851,1
18852,3
18853,0
18854,1
18855,0
18856,1
18857,1
18858,0
18859,3
18860,3
18861,1
18862,1
18863,1
18864,3
18865,3
18866,1
18867,1
18868,0
18869,1
18870,1
18871,1
18872,0
18873,0
18874,1
18875,4
18876,0
18877,1
18878,2
18879,1
18880,1
18881,1
18882,4
18883,0
18884,1
18885,1
18886,0
18887,3
18888,1
18889,0
18890,3
18891,3
18892,1
18893,0
18894,3
18895,1
18896,1
18897,0
18898,5
18899,1
18900,1
18901,5
18902,0
18903,1
18904,1
18905,0
18906,3
18907,1
18908,0
18909,3
18910,0
18911,0
18912,1
18913,1
18914,0
18915,1
18916,1
18917,4
18918,0
18919,5
18920,4
18921,4
18922,1
18923,1
18924,3
18925,3
18926,0
18927,3
18928,1
18929,1
18930,3
18931,3
18932,1
18933,0
18934,4
18935,4
18936,2
18937,4
18938,2
18939,1
18940,3
18941,0
18942,5
18943,0
18944,1
18945,3
18946,0
18947,4
18948,5
18949,1
18950,1
18951,1
18952,0
18953,0
18954,3
18955,4
18956,0
18957,4
18958,2
18959,0
18960,1
18961,3
18962,1
18963,4
18964,4
18965,1
18966,3
18967,1
18968,0
18969,1
18970,4
18971,1
18972,3
18973,2
18974,0
18975,1
18976,2
18977,0
18978,1
18979,1
18980,1
18981,0
18982,1
18983,0
18984,1
18985,0
18986,0
18987,0
18988,0
18989,3
18990,1
18991,4
18992,0
18993,0
18994,4
18995,3
18996,3
18997,1
18998,0
18999,1
19000,0
19001,1
19002,0
19003,0
19004,3
19005,0
19006,1
19007,0
19008,1
19009,1
19010,4
19011,0
19012,1
19013,1
19014,0
19015,0
19016,0
19017,3
19018,1
19019,3
19020,1
19021,3
19022,3
19023,0
19024,3
19025,3
19026,1
19027,2
19028,2
19029,2
19030,2
19031,5
19032,1
19033,1
19034,1
19035,0
19036,4
19037,1
19038,1
19039,0
19040,0
19041,0
19042,0
19043,1
19044,2
19045,3
19046,0
19047,2
19048,3
19049,3
19050,4
19051,0
19052,1
19053,1
19054,2
19055,1
19056,1
19057,1
19058,1
19059,3
19060,0
19061,0
19062,5
19063,0
19064,0
19065,1
19066,0
19067,1
19068,0
19069,1
19070,1
19071,5
19072,4
19073,1
19074,2
19075,0
19076,1
19077,0
19078,1
19079,1
19080,0
19081,1
19082,1
19083,1
19084,3
19085,1
19086,1
19087,2
19088,0
19089,2
19090,3
19091,1
19092,4
19093,3
19094,0
19095,1
19096,2
19097,5
19098,0
19099,5
19100,0
19101,3
19102,2
19103,3
19104,1
19105,3
19106,3
19107,3
19108,4
19109,0
19110,0
19111,0
19112,4
19113,3
19114,3
19115,0
19116,4
19117,4
19118,0
19119,1
19120,1
19121,4
19122,1
19123,0
19124,3
19125,3
19126,4
19127,1
19128,4
19129,0
19130,3
19131,0
19132,0
19133,1
19134,3
19135,3
19136,1
19137,1
19138,5
19139,0
19140,2
19141,0
19142,1
19143,0
19144,3
19145,4
19146,1
19147,4
19148,1
19149,2
19150,3
19151,1
19152,4
19153,0
19154,0
19155,3
19156,0
19157,0
19158,1
19159,3
19160,0
19161,0
19162,0
19163,1
19164,1
19165,1
19166,3
19167,0
19168,4
19169,1
19170,3
19171,1
19172,1
19173,1
19174,1
19175,1
19176,2
19177,2
19178,3
19179,0
19180,3
19181,1
19182,5
19183,3
19184,1
19185,3
19186,1
19187,0
19188,3
19189,4
19190,0
19191,0
19192,1
19193,3
19194,1
19195,1
19196,1
19197,3
19198,2
19199,1
19200,3
19201,3
19202,0
19203,1
19204,1
19205,1
19206,2
19207,1
19208,1
19209,1
19210,1
19211,4
19212,4
19213,1
19214,4
19215,1
19216,0
19217,3
19218,3
19219,3
19220,0
19221,4
19222,1
19223,0
19224,3
19225,1
19226,1
19227,3
19228,1
19229,4
19230,0
19231,0
19232,3
19233,1
19234,3
19235,0
19236,1
19237,1
19238,3
19239,3
19240,4
19241,1
19242,2
19243,4
19244,1
19245,0
19246,1
19247,1
19248,4
19249,1
19250,4
19251,1
19252,1
19253,0
19254,1
19255,2
19256,3
19257,3
19258,3
19259,1
19260,1
19261,3
19262,0
19263,2
19264,3
19265,1
19266,4
19267,0
19268,1
19269,0
19270,4
19271,1
19272,0
19273,1
19274,3
19275,0
19276,1
19277,4
19278,1
19279,1
19280,1
19281,0
19282,1
19283,1
19284,3
19285,1
19286,0
19287,0
19288,0
19289,1
19290,2
19291,1
19292,3
19293,1
19294,0
19295,4
19296,4
19297,1
19298,1
19299,0
19300,2
19301,1
19302,0
19303,1
19304,0
19305,0
19306,1
19307,0
19308,0
19309,0
19310,0
19311,1
19312,0
19313,1
19314,2
19315,0
19316,0
19317,3
19318,0
19319,0
19320,4
19321,4
19322,4
19323,1
19324,1
19325,0
19326,0
19327,1
19328,0
19329,1
19330,3
19331,2
19332,0
19333,1
19334,1
19335,1
19336,3
19337,1
19338,3
19339,0
19340,0
19341,1
19342,0
19343,2
19344,1
19345,1
19346,1
19347,3
19348,0
19349,3
19350,4
19351,0
19352,1
19353,2
19354,0
19355,0
19356,0
19357,1
19358,0
19359,1
19360,4
19361,1
19362,0
19363,4
19364,0
19365,1
19366,1
19367,0
19368,0
19369,1
19370,1
19371,1
19372,3
19373,0
19374,2
19375,0
19376,0
19377,4
19378,0
19379,0
19380,0
19381,4
19382,1
19383,0
19384,0
19385,0
19386,0
19387,1
19388,4
19389,0
19390,2
19391,0
19392,4
19393,2
19394,0
19395,4
19396,1
19397,1
19398,0
19399,4
19400,3
19401,0
19402,1
19403,0
19404,0
19405,0
19406,0
19407,1
19408,2
19409,0
19410,4
19411,3
19412,0
19413,3
19414,1
19415,4
19416,1
19417,2
19418,0
19419,4
19420,0
19421,2
19422,4
19423,1
19424,0
19425,3
19426,1
19427,0
19428,0
19429,0
19430,3
19431,0
19432,4
19433,0
19434,1
19435,2
19436,0
19437,1
19438,3
19439,0
19440,1
19441,1
19442,0
19443,0
19444,0
19445,0
19446,3
19447,1
19448,1
19449,0
19450,1
19451,0
19452,3
19453,4
19454,4
19455,1
19456,3
19457,4
19458,1
19459,1
19460,1
19461,0
19462,3
19463,0
19464,5
19465,1
19466,2
19467,1
19468,1
19469,0
19470,1
19471,3
19472,0
19473,1
19474,0
19475,1
19476,0
19477,1
19478,1
19479,1
19480,1
19481,1
19482,1
19483,1
19484,1
19485,3
19486,1
19487,1
19488,3
19489,1
19490,0
19491,1
19492,4
19493,1
19494,1
19495,1
19496,1
19497,0
19498,2
19499,4
19500,0
19501,1
19502,1
19503,2
19504,4
19505,1
19506,3
19507,3
19508,4
19509,1
19510,0
19511,1
19512,1
19513,4
19514,0
19515,0
19516,0
19517,1
19518,0
19519,1
19520,0
19521,1
19522,0
19523,3
19524,4
19525,1
19526,0
19527,1
19528,0
19529,4
19530,5
19531,3
19532,0
19533,0
19534,1
19535,0
19536,0
19537,1
19538,1
19539,0
19540,0
19541,3
19542,0
19543,1
19544,1
19545,1
19546,3
19547,1
19548,5
19549,3
19550,0
19551,1
19552,3
19553,2
19554,0
19555,1
19556,0
19557,3
19558,1
19559,0
19560,4
19561,1
19562,1
19563,1
19564,0
19565,3
19566,1
19567,0
19568,0
19569,0
19570,1
19571,2
19572,3
19573,5
19574,3
19575,4
19576,0
19577,1
19578,1
19579,0
19580,1
19581,1
19582,1
19583,2
19584,1
19585,0
19586,3
19587,0
19588,1
19589,1
19590,1
19591,0
19592,3
19593,1
19594,1
19595,1
19596,0
19597,0
19598,1
19599,2
19600,1
19601,0
19602,4
19603,5
19604,2
19605,0
19606,2
19607,5
19608,1
19609,1
19610,1
19611,1
19612,3
19613,3
19614,0
19615,1
19616,1
19617,0
19618,1
19619,3
19620,3
19621,0
19622,0
19623,0
19624,4
19625,1
19626,0
19627,3
19628,3
19629,0
19630,0
19631,2
19632,4
19633,1
19634,2
19635,0
19636,1
19637,1
19638,1
19639,0
19640,0
19641,4
19642,0
19643,1
19644,3
19645,0
19646,1
19647,0
19648,4
19649,3
19650,0
19651,0
19652,1
19653,0
19654,1
19655,3
19656,0
19657,1
19658,0
19659,3
19660,0
19661,4
19662,0
19663,0
19664,1
19665,0
19666,1
19667,1
19668,3
19669,1
19670,1
19671,1
19672,3
19673,3
19674,1
19675,3
19676,1
19677,1
19678,0
19679,0
19680,3
19681,1
19682,0
19683,1
19684,1
19685,1
19686,0
19687,0
19688,1
19689,0
19690,0
19691,2
19692,2
19693,1
19694,3
19695,1
19696,1
19697,0
19698,1
19699,1
19700,4
19701,1
19702,5
19703,3
19704,0
19705,0
19706,0
19707,1
19708,1
19709,3
19710,0
19711,5
19712,4
19713,0
19714,0
19715,0
19716,3
19717,1
19718,3
19719,4
19720,0
19721,1
19722,3
19723,1
19724,3
19725,1
19726,3
19727,3
19728,0
19729,2
19730,1
19731,2
19732,1
19733,0
19734,4
19735,1
19736,1
19737,3
19738,2
19739,1
19740,2
19741,4
19742,2
19743,5
19744,1
19745,3
19746,1
19747,3
19748,0
19749,1
19750,0
19751,1
19752,0
19753,0
19754,2
19755,1
19756,3
19757,3
19758,1
19759,4
19760,1
19761,1
19762,0
19763,1
19764,1
19765,0
19766,0
19767,3
19768,4
19769,2
19770,4
19771,3
19772,2
19773,4
19774,1
19775,3
19776,0
19777,5
19778,1
19779,4
19780,1
19781,0
19782,3
19783,0
19784,1
19785,1
19786,3
19787,0
19788,3
19789,1
19790,4
19791,1
19792,1
19793,4
19794,1
19795,4
19796,1
19797,0
19798,3
19799,1
19800,4
19801,3
19802,3
19803,3
19804,0
19805,1
19806,2
19807,1
19808,4
19809,1
19810,2
19811,2
19812,3
19813,3
19814,1
19815,0
19816,1
19817,5
19818,0
19819,1
19820,3
19821,1
19822,4
19823,1
19824,1
19825,3
19826,1
19827,1
19828,2
19829,0
19830,5
19831,0
19832,1
19833,1
19834,2
19835,1
19836,0
19837,1
19838,4
19839,2
19840,0
19841,0
19842,3
19843,2
19844,3
19845,3
19846,1
19847,0
19848,2
19849,3
19850,0
19851,1
19852,1
19853,4
19854,0
19855,1
19856,2
19857,4
19858,2
19859,1
19860,0
19861,4
19862,3
19863,3
19864,0
19865,1
19866,2
19867,1
19868,0
19869,3
19870,1
19871,1
19872,0
19873,3
19874,2
19875,3
19876,1
19877,0
19878,0
19879,1
19880,0
19881,1
19882,0
19883,0
19884,1
19885,1
19886,0
19887,3
19888,2
19889,1
19890,2
19891,2
19892,0
19893,1
19894,1
19895,3
19896,4
19897,3
19898,2
19899,4
19900,1
19901,0
19902,1
19903,1
19904,3
19905,1
19906,0
19907,1
19908,2
19909,1
19910,2
19911,1
19912,0
19913,1
19914,0
19915,0
19916,4
19917,1
19918,0
19919,0
19920,3
19921,3
19922,1
19923,1
19924,3
19925,0
19926,0
19927,3
19928,3
19929,0
19930,1
19931,0
19932,1
19933,3
19934,1
19935,0
19936,1
19937,0
19938,0
19939,0
19940,1
19941,1
19942,5
19943,0
19944,0
19945,0
19946,1
19947,0
19948,0
19949,0
19950,4
19951,2
19952,1
19953,1
19954,1
19955,0
19956,3
19957,1
19958,1
19959,2
19960,4
19961,0
19962,0
19963,1
19964,0
19965,1
19966,3
19967,3
19968,4
19969,0
19970,1
19971,1
19972,1
19973,4
19974,1
19975,3
19976,1
19977,1
19978,0
19979,0
19980,3
19981,2
19982,0
19983,1
19984,1
19985,1
19986,0
19987,1
19988,1
19989,2
19990,1
19991,0
19992,0
19993,3
19994,0
19995,1
19996,3
19997,1
19998,4
19999,0
20000,4
20001,0
20002,4
20003,5
20004,1
20005,1
20006,0
20007,0
20008,0
20009,0
20010,3
20011,0
20012,0
20013,0
20014,1
20015,0
20016,2
20017,3
20018,0
20019,1
20020,0
20021,1
20022,1
20023,2
20024,2
20025,0
20026,3
20027,1
20028,0
20029,2
20030,2
20031,4
20032,1
20033,1
20034,0
20035,0
20036,3
20037,0
20038,2
20039,3
20040,5
20041,0
20042,0
20043,0
20044,1
20045,2
20046,0
20047,1
20048,1
20049,1
20050,0
20051,0
20052,3
20053,3
20054,5
20055,1
20056,3
20057,0
20058,0
20059,0
20060,1
20061,5
20062,0
20063,3
20064,2
20065,3
20066,4
20067,1
20068,1
20069,4
20070,3
20071,0
20072,3
20073,4
20074,3
20075,2
20076,1
20077,0
20078,1
20079,0
20080,0
20081,4
20082,4
20083,5
20084,4
20085,0
20086,1
20087,1
20088,0
20089,0
20090,0
20091,0
20092,0
20093,1
20094,2
20095,0
20096,0
20097,1
20098,3
20099,2
20100,0
20101,1
20102,4
20103,0
20104,1
20105,1
20106,1
20107,4
20108,3
20109,0
20110,0
20111,0
20112,1
20113,3
20114,5
20115,1
20116,0
20117,0
20118,0
20119,4
20120,1
20121,3
20122,0
20123,1
20124,4
20125,3
20126,1
20127,4
20128,1
20129,4
20130,4
20131,0
20132,1
20133,3
20134,4
20135,0
20136,3
20137,1
20138,4
20139,1
20140,0
20141,2
20142,0
20143,2
20144,3
20145,1
20146,0
20147,2
20148,1
20149,3
20150,0
20151,1
20152,2
20153,0
20154,5
20155,1
20156,0
20157,4
20158,0
20159,3
20160,0
20161,3
20162,0
20163,3
20164,0
20165,5
20166,2
20167,3
20168,1
20169,3
20170,1
20171,5
20172,0
20173,0
20174,1
20175,0
20176,3
20177,0
20178,3
20179,3
20180,3
20181,0
20182,2
20183,0
20184,1
20185,1
20186,1
20187,0
20188,1
20189,1
20190,3
20191,0
20192,1
20193,4
20194,2
20195,0
20196,0
20197,3
20198,0
20199,1
20200,0
20201,1
20202,4
20203,1
20204,1
20205,1
20206,3
20207,1
20208,1
20209,0
20210,1
20211,3
20212,2
20213,1
20214,4
20215,1
20216,0
20217,2
20218,4
20219,0
20220,1
20221,1
20222,1
20223,0
20224,1
20225,3
20226,1
20227,0
20228,0
20229,0
20230,0
20231,2
20232,0
20233,2
20234,1
20235,5
20236,4
20237,1
20238,4
20239,0
20240,1
20241,2
20242,0
20243,4
20244,5
20245,0
20246,4
20247,1
20248,5
20249,0
20250,2
20251,1
20252,1
20253,0
20254,1
20255,1
20256,3
20257,2
20258,0
20259,1
20260,0
20261,3
20262,0
20263,1
20264,3
20265,0
20266,0
20267,0
20268,1
20269,0
20270,2
20271,5
20272,3
20273,1
20274,1
20275,3
20276,3
20277,0
20278,1
20279,1
20280,0
20281,0
20282,4
20283,3
20284,1
20285,0
20286,3
20287,1
20288,1
20289,0
20290,3
20291,2
20292,5
20293,1
20294,1
20295,1
20296,0
20297,1
20298,2
20299,5
20300,1
20301,1
20302,0
20303,4
20304,1
20305,0
20306,3
20307,0
20308,1
20309,0
20310,4
20311,3
20312,3
20313,0
20314,0
20315,3
20316,0
20317,3
20318,1
20319,1
20320,0
20321,1
20322,0
20323,1
20324,0
20325,1
20326,0
20327,3
20328,0
20329,1
20330,0
20331,0
20332,4
20333,0
20334,3
20335,1
20336,1
20337,3
20338,1
20339,0
20340,4
20341,1
20342,0
20343,3
20344,3
20345,1
20346,0
20347,1
20348,1
20349,1
20350,1
20351,1
20352,0
20353,3
20354,2
20355,2
20356,4
20357,3
20358,1
20359,0
20360,0
20361,1
20362,5
20363,1
20364,4
20365,0
20366,0
20367,0
20368,0
20369,4
20370,2
20371,0
20372,0
20373,1
20374,4
20375,0
20376,0
20377,4
20378,0
20379,1
20380,1
20381,1
20382,0
20383,0
20384,4
20385,0
20386,4
20387,0
20388,4
20389,4
20390,1
20391,0
20392,0
20393,3
20394,3
20395,3
20396,4
20397,0
20398,4
20399,1
20400,1
20401,5
20402,2
20403,2
20404,4
20405,0
20406,0
20407,1
20408,1
20409,1
20410,1
20411,3
20412,1
20413,1
20414,1
20415,0
20416,1
20417,0
20418,1
20419,3
20420,0
20421,1
20422,1
20423,0
20424,4
20425,0
20426,0
20427,1
20428,1
20429,3
20430,0
20431,3
20432,1
20433,1
20434,1
20435,3
20436,4
20437,1
20438,0
20439,1
20440,0
20441,1
20442,2
20443,0
20444,0
20445,0
20446,0
20447,1
20448,0
20449,0
20450,0
20451,1
20452,1
20453,4
20454,4
20455,4
20456,1
20457,1
20458,1
20459,4
20460,4
20461,3
20462,0
20463,0
20464,3
20465,0
20466,1
20467,3
20468,2
20469,2
20470,1
20471,3
20472,1
20473,1
20474,0
20475,1
20476,1
20477,3
20478,1
20479,0
20480,1
20481,1
20482,3
20483,1
20484,1
20485,3
20486,1
20487,3
20488,4
20489,0
20490,0
20491,1
20492,3
20493,1
20494,2
20495,4
20496,1
20497,2
20498,4
20499,3
20500,4
20501,1
20502,1
20503,0
20504,5
20505,0
20506,1
20507,1
20508,0
20509,0
20510,0
20511,1
20512,0
20513,1
20514,3
20515,1
20516,0
20517,0
20518,0
20519,3
20520,0
20521,0
20522,0
20523,2
20524,0
20525,0
20526,1
20527,1
20528,0
20529,3
20530,0
20531,3
20532,1
20533,0
20534,1
20535,4
20536,0
20537,0
20538,3
20539,1
20540,0
20541,4
20542,3
20543,0
20544,4
20545,1
20546,0
20547,1
20548,0
20549,3
20550,1
20551,1
20552,3
20553,0
20554,3
20555,1
20556,3
20557,4
20558,2
20559,1
20560,4
20561,3
20562,0
20563,0
20564,1
20565,0
20566,3
20567,0
20568,0
20569,0
20570,1
20571,1
20572,3
20573,1
20574,0
20575,3
20576,3
20577,0
20578,0
20579,1
20580,3
20581,3
20582,0
20583,0
20584,0
20585,1
20586,3
20587,2
20588,3
20589,0
20590,3
20591,1
20592,0
20593,0
20594,1
20595,1
20596,0
20597,0
20598,1
20599,0
20600,4
20601,0
20602,0
20603,0
20604,4
20605,1
20606,1
20607,3
20608,4
20609,1
20610,0
20611,0
20612,3
20613,0
20614,2
20615,4
20616,1
20617,3
20618,1
20619,0
20620,1
20621,5
20622,1
20623,3
20624,4
20625,0
20626,0
20627,3
20628,1
20629,4
20630,3
20631,0
20632,3
20633,2
20634,4
20635,0
20636,0
20637,0
20638,1
20639,3
20640,0
20641,1
20642,0
20643,1
20644,0
20645,1
20646,0
20647,3
20648,1
20649,1
20650,1
20651,1
20652,1
20653,4
20654,3
20655,0
20656,0
20657,0
20658,5
20659,3
20660,1
20661,2
20662,1
20663,1
20664,5
20665,3
20666,3
20667,0
20668,3
20669,3
20670,1
20671,3
20672,1
20673,0
20674,1
20675,0
20676,4
20677,1
20678,4
20679,0
20680,0
20681,3
20682,0
20683,3
20684,0
20685,1
20686,0
20687,4
20688,4
20689,1
20690,1
20691,0
20692,0
20693,3
20694,3
20695,3
20696,1
20697,0
20698,5
20699,1
20700,0
20701,1
20702,3
20703,4
20704,1
20705,0
20706,3
20707,1
20708,0
20709,1
20710,2
20711,3
20712,0
20713,1
20714,1
20715,0
20716,1
20717,1
20718,4
20719,2
20720,4
20721,3
20722,5
20723,0
20724,1
20725,1
20726,1
20727,3
20728,1
20729,3
20730,0
20731,0
20732,1
20733,0
20734,1
20735,2
20736,1
20737,3
20738,3
20739,0
20740,4
20741,1
20742,3
20743,1
20744,1
20745,1
20746,3
20747,4
20748,0
20749,0
20750,1
20751,0
20752,1
20753,4
20754,1
20755,1
20756,1
20757,1
20758,2
20759,0
20760,1
20761,1
20762,0
20763,3
20764,1
20765,5
20766,3
20767,1
20768,0
20769,1
20770,0
20771,4
20772,1
20773,1
20774,4
20775,0
20776,2
20777,0
20778,0
20779,0
20780,1
20781,1
20782,0
20783,1
20784,1
20785,3
20786,1
20787,0
20788,0
20789,4
20790,0
20791,4
20792,2
20793,5
20794,1
20795,2
20796,5
20797,0
20798,1
20799,2
20800,0
20801,0
20802,1
20803,3
20804,0
20805,1
20806,1
20807,3
20808,1
20809,4
20810,1
20811,1
20812,0
20813,3
20814,4
20815,3
20816,3
20817,0
20818,1
20819,1
20820,3
20821,1
20822,1
20823,0
20824,3
20825,0
20826,0
20827,1
20828,0
20829,3
20830,0
20831,2
20832,1
20833,1
20834,1
20835,0
20836,0
20837,1
20838,0
20839,1
20840,4
20841,0
20842,3
20843,1
20844,1
20845,0
20846,1
20847,3
20848,5
20849,1
20850,1
20851,1
20852,1
20853,4
20854,1
20855,0
20856,3
20857,5
20858,1
20859,0
20860,1
20861,1
20862,2
20863,2
20864,1
20865,1
20866,0
20867,0
20868,3
20869,4
20870,3
20871,1
20872,1
20873,0
20874,1
20875,0
20876,1
20877,1
20878,3
20879,1
20880,0
20881,0
20882,0
20883,0
20884,0
20885,1
20886,0
20887,0
20888,3
20889,0
20890,4
20891,0
20892,3
20893,1
20894,0
20895,3
20896,4
20897,3
20898,0
20899,0
20900,4
20901,1
20902,5
20903,1
20904,0
20905,1
20906,4
20907,0
20908,0
20909,3
20910,0
20911,1
20912,0
20913,1
20914,0
20915,1
20916,1
20917,0
20918,3
20919,0
20920,1
20921,1
20922,1
20923,3
20924,5
20925,1
20926,0
20927,1
20928,1
20929,1
20930,0
20931,1
20932,3
20933,2
20934,0
20935,1
20936,1
20937,3
20938,1
20939,1
20940,1
20941,1
20942,3
20943,0
20944,4
20945,1
20946,1
20947,4
20948,1
20949,2
20950,4
20951,1
20952,3
20953,0
20954,1
20955,1
20956,2
20957,0
20958,0
20959,4
20960,3
20961,1
20962,3
20963,0
20964,1
20965,1
20966,3
20967,3
20968,3
20969,0
20970,3
20971,1
20972,0
20973,4
20974,2
20975,1
20976,0
20977,0
20978,1
20979,1
20980,3
20981,3
20982,0
20983,0
20984,1
20985,1
20986,1
20987,0
20988,1
20989,0
20990,4
20991,1
20992,3
20993,3
20994,0
20995,0
20996,5
20997,5
20998,0
20999,0
21000,1
21001,1
21002,0
21003,1
21004,1
21005,3
21006,0
21007,1
21008,2
21009,1
21010,1
21011,1
21012,1
21013,2
21014,0
21015,1
21016,1
21017,1
21018,1
21019,1
21020,1
21021,4
21022,3
21023,1
21024,0
21025,0
21026,1
21027,5
21028,2
21029,1
21030,1
21031,0
21032,5
21033,3
21034,2
21035,1
21036,3
21037,0
21038,2
21039,0
21040,1
21041,3
21042,2
21043,1
21044,5
21045,0
21046,3
21047,3
21048,4
21049,3
21050,1
21051,4
21052,3
21053,3
21054,1
21055,3
21056,0
21057,2
21058,0
21059,4
21060,0
21061,0
21062,4
21063,3
21064,0
21065,0
21066,5
21067,1
21068,1
21069,0
21070,0
21071,2
21072,4
21073,3
21074,3
21075,1
21076,2
21077,0
21078,1
21079,2
21080,1
21081,0
21082,0
21083,1
21084,2
21085,3
21086,1
21087,1
21088,2
21089,1
21090,3
21091,1
21092,0
21093,4
21094,3
21095,1
21096,0
21097,3
21098,3
21099,1
21100,1
21101,0
21102,1
21103,3
21104,1
21105,3
21106,3
21107,2
21108,0
21109,0
21110,4
21111,3
21112,3
21113,1
21114,3
21115,2
21116,2
21117,1
21118,1
21119,0
21120,0
21121,0
21122,4
21123,1
21124,4
21125,0
21126,1
21127,0
21128,1
21129,1
21130,0
21131,4
21132,1
21133,1
21134,1
21135,1
21136,0
21137,3
21138,0
21139,3
21140,0
21141,0
21142,1
21143,1
21144,1
21145,2
21146,3
21147,2
21148,4
21149,5
21150,0
21151,1
21152,0
21153,4
21154,1
21155,0
21156,3
21157,4
21158,1
21159,1
21160,2
21161,0
21162,0
21163,0
21164,4
21165,4
21166,3
21167,2
21168,0
21169,3
21170,4
21171,1
21172,2
21173,1
21174,1
21175,0
21176,1
21177,0
21178,0
21179,3
21180,4
21181,1
21182,4
21183,0
21184,0
21185,0
21186,1
21187,3
21188,2
21189,4
21190,0
21191,1
21192,1
21193,2
21194,1
21195,3
21196,1
21197,3
21198,1
21199,1
21200,1
21201,1
21202,4
21203,0
21204,3
21205,0
21206,0
21207,1
21208,3
21209,3
21210,4
21211,1
21212,3
21213,0
21214,0
21215,1
21216,2
21217,2
21218,4
21219,3
21220,0
21221,1
21222,2
21223,0
21224,0
21225,5
21226,4
21227,1
21228,1
21229,2
21230,1
21231,0
21232,5
21233,0
21234,1
21235,1
21236,0
21237,4
21238,0
21239,2
21240,3
21241,2
21242,4
21243,2
21244,0
21245,4
21246,0
21247,1
21248,2
21249,3
21250,2
21251,3
21252,3
21253,0
21254,0
21255,1
21256,3
21257,1
21258,0
21259,0
21260,1
21261,1
21262,1
21263,3
21264,0
21265,1
21266,2
21267,1
21268,1
21269,0
21270,3
21271,3
21272,1
21273,1
21274,0
21275,1
21276,0
21277,1
21278,5
21279,1
21280,4
21281,5
21282,1
21283,3
21284,1
21285,0
21286,5
21287,3
21288,1
21289,3
21290,0
21291,0
21292,0
21293,4
21294,0
21295,0
21296,0
21297,0
21298,0
21299,1
21300,4
21301,2
21302,3
21303,1
21304,5
21305,1
21306,3
21307,0
21308,0
21309,0
21310,3
21311,0
21312,1
21313,0
21314,1
21315,2
21316,2
21317,4
21318,1
21319,0
21320,0
21321,3
21322,1
21323,4
21324,4
21325,2
21326,2
21327,1
21328,1
21329,2
21330,1
21331,1
21332,1
21333,1
21334,1
21335,4
21336,1
21337,0
21338,1
21339,1
21340,1
21341,3
21342,1
21343,4
21344,2
21345,3
21346,3
21347,0
21348,0
21349,1
21350,3
21351,1
21352,3
21353,1
21354,1
21355,1
21356,1
21357,1
21358,2
21359,0
21360,5
21361,4
21362,0
21363,0
21364,0
21365,3
21366,0
21367,0
21368,1
21369,0
21370,0
21371,1
21372,1
21373,3
21374,2
21375,3
21376,4
21377,1
21378,1
21379,1
21380,0
21381,3
21382,3
21383,0
21384,0
21385,0
21386,1
21387,1
21388,1
21389,3
21390,0
21391,0
21392,0
21393,3
21394,3
21395,4
21396,1
21397,1
21398,3
21399,0
21400,0
21401,3
21402,2
21403,0
21404,4
21405,4
21406,3
21407,4
21408,4
21409,3
21410,1
21411,1
21412,0
21413,3
21414,0
21415,0
21416,0
21417,4
21418,3
21419,3
21420,2
21421,1
21422,4
21423,0
21424,0
21425,1
21426,3
21427,3
21428,4
21429,4
21430,1
21431,0
21432,1
21433,2
21434,1
21435,0
21436,1
21437,1
21438,4
21439,0
21440,0
21441,3
21442,1
21443,4
21444,1
21445,0
21446,3
21447,3
21448,1
21449,1
21450,0
21451,0
21452,0
21453,1
21454,0
21455,3
21456,4
21457,0
21458,1
21459,0
21460,1
21461,0
21462,0
21463,4
21464,1
21465,1
21466,3
21467,0
21468,4
21469,1
21470,0
21471,1
21472,4
21473,4
21474,1
21475,4
21476,0
21477,1
21478,3
21479,4
21480,0
21481,1
21482,0
21483,3
21484,1
21485,0
21486,0
21487,1
21488,2
21489,0
21490,3
21491,0
21492,3
21493,1
21494,1
21495,1
21496,0
21497,0
21498,3
21499,4
21500,0
21501,3
21502,1
21503,3
21504,4
21505,1
21506,4
21507,0
21508,4
21509,1
21510,1
21511,0
21512,1
21513,0
21514,0
21515,1
21516,1
21517,0
21518,0
21519,1
21520,1
21521,3
21522,1
21523,1
21524,3
21525,5
21526,5
21527,1
21528,0
21529,1
21530,4
21531,2
21532,0
21533,3
21534,0
21535,1
21536,1
21537,1
21538,4
21539,1
21540,1
21541,1
21542,0
21543,4
21544,1
21545,3
21546,0
21547,0
21548,0
21549,2
21550,0
21551,2
21552,1
21553,4
21554,1
21555,0
21556,1
21557,0
21558,1
21559,0
21560,3
21561,1
21562,1
21563,1
21564,0
21565,3
21566,0
21567,1
21568,0
21569,1
21570,2
21571,0
21572,0
21573,3
21574,0
21575,5
21576,2
21577,3
21578,1
21579,4
21580,1
21581,1
21582,1
21583,1
21584,2
21585,3
21586,0
21587,1
21588,3
21589,1
21590,3
21591,0
21592,1
21593,1
21594,5
21595,1
21596,0
21597,0
21598,0
21599,1
21600,1
21601,1
21602,1
21603,1
21604,0
21605,1
21606,0
21607,1
21608,1
21609,0
21610,0
21611,1
21612,0
21613,4
21614,2
21615,0
21616,1
21617,5
21618,1
21619,2
21620,4
21621,2
21622,3
21623,3
21624,0
21625,4
21626,1
21627,0
21628,2
21629,3
21630,1
21631,1
21632,4
21633,0
21634,0
21635,0
21636,1
21637,1
21638,1
21639,1
21640,0
21641,0
21642,0
21643,1
21644,0
21645,1
21646,3
21647,0
21648,1
21649,1
21650,1
21651,1
21652,4
21653,0
21654,3
21655,3
21656,5
21657,1
21658,1
21659,1
21660,0
21661,3
21662,3
21663,5
21664,0
21665,4
21666,0
21667,3
21668,2
21669,1
21670,0
21671,1
21672,3
21673,0
21674,1
21675,0
21676,0
21677,0
21678,1
21679,4
21680,0
21681,1
21682,3
21683,1
21684,1
21685,1
21686,1
21687,2
21688,4
21689,1
21690,1
21691,1
21692,0
21693,0
21694,1
21695,0
21696,2
21697,1
21698,4
21699,0
21700,2
21701,0
21702,3
21703,4
21704,0
21705,1
21706,0
21707,0
21708,0
21709,0
21710,1
21711,0
21712,1
21713,0
21714,1
21715,0
21716,0
21717,0
21718,0
21719,3
21720,3
21721,4
21722,0
21723,1
21724,1
21725,2
21726,1
21727,5
21728,3
21729,1
21730,0
21731,4
21732,0
21733,1
21734,0
21735,1
21736,1
21737,2
21738,3
21739,1
21740,1
21741,0
21742,0
21743,3
21744,1
21745,0
21746,0
21747,3
21748,0
21749,4
21750,0
21751,3
21752,5
21753,4
21754,0
21755,1
21756,1
21757,1
21758,4
21759,5
21760,1
21761,1
21762,0
21763,2
21764,0
21765,0
21766,3
21767,1
21768,1
21769,3
21770,2
21771,1
21772,1
21773,0
21774,0
21775,2
21776,1
21777,1
21778,5
21779,1
21780,0
21781,5
21782,1
21783,1
21784,3
21785,5
21786,1
21787,1
21788,1
21789,0
21790,1
21791,1
21792,3
21793,0
21794,2
21795,1
21796,3
21797,1
21798,1
21799,1
21800,0
21801,1
21802,1
21803,1
21804,4
21805,0
21806,0
21807,1
21808,1
21809,3
21810,1
21811,0
21812,0
21813,3
21814,0
21815,1
21816,1
21817,3
21818,1
21819,1
21820,3
21821,3
21822,1
21823,2
21824,0
21825,0
21826,1
21827,0
21828,0
21829,5
21830,2
21831,4
21832,4
21833,3
21834,0
21835,0
21836,3
21837,0
21838,0
21839,3
21840,0
21841,3
21842,2
21843,4
21844,3
21845,4
21846,0
21847,4
21848,3
21849,1
21850,1
21851,0
21852,5
21853,1
21854,0
21855,0
21856,0
21857,0
21858,3
21859,1
21860,1
21861,0
21862,0
21863,3
21864,2
21865,1
21866,3
21867,1
21868,3
21869,1
21870,2
21871,1
21872,0
21873,0
21874,3
21875,2
21876,0
21877,3
21878,1
21879,1
21880,4
21881,4
21882,1
21883,0
21884,2
21885,1
21886,0
21887,4
21888,3
21889,1
21890,1
21891,1
21892,0
21893,1
21894,3
21895,3
21896,1
21897,1
21898,1
21899,0
21900,0
21901,4
21902,3
21903,0
21904,0
21905,0
21906,0
21907,0
21908,5
21909,1
21910,0
21911,3
21912,4
21913,3
21914,0
21915,3
21916,4
21917,1
21918,2
21919,1
21920,1
21921,1
21922,0
21923,0
21924,0
21925,0
21926,3
21927,1
21928,4
21929,5
21930,0
21931,3
21932,0
21933,1
21934,0
21935,3
21936,0
21937,1
21938,0
21939,1
21940,0
21941,3
21942,1
21943,0
21944,0
21945,3
21946,2
21947,1
21948,3
21949,1
21950,0
21951,0
21952,3
21953,3
21954,4
21955,1
21956,3
21957,1
21958,4
21959,4
21960,0
21961,2
21962,0
21963,3
21964,0
21965,1
21966,4
21967,4
21968,1
21969,4
21970,0
21971,0
21972,1
21973,1
21974,0
21975,1
21976,3
21977,3
21978,1
21979,3
21980,0
21981,0
21982,1
21983,0
21984,2
21985,1
21986,1
21987,2
21988,0
21989,0
21990,2
21991,1
21992,1
21993,3
21994,3
21995,4
21996,1
21997,3
21998,0
21999,1
22000,3
22001,1
22002,4
22003,1
22004,3
22005,1
22006,4
22007,3
22008,1
22009,0
22010,0
22011,0
22012,0
22013,1
22014,0
22015,2
22016,3
22017,1
22018,1
22019,3
22020,0
22021,3
22022,4
22023,1
22024,2
22025,2
22026,0
22027,0
22028,1
22029,0
22030,4
22031,5
22032,0
22033,3
22034,2
22035,1
22036,1
22037,1
22038,0
22039,0
22040,3
22041,1
22042,3
22043,0
22044,0
22045,1
22046,0
22047,0
22048,1
22049,0
22050,4
22051,1
22052,1
22053,0
22054,0
22055,1
22056,1
22057,3
22058,0
22059,0
22060,5
22061,4
22062,0
22063,1
22064,3
22065,2
22066,3
22067,5
22068,1
22069,0
22070,0
22071,0
22072,1
22073,3
22074,1
22075,1
22076,1
22077,0
22078,0
22079,3
22080,1
22081,4
22082,0
22083,1
22084,3
22085,1
22086,2
22087,1
22088,0
22089,2
22090,3
22091,1
22092,0
22093,1
22094,0
22095,1
22096,0
22097,1
22098,3
22099,1
22100,1
22101,0
22102,3
22103,0
22104,0
22105,1
22106,3
22107,4
22108,1
22109,0
22110,1
22111,3
22112,0
22113,3
22114,3
22115,1
22116,3
22117,1
22118,0
22119,1
22120,0
22121,0
22122,1
22123,3
22124,3
22125,0
22126,1
22127,4
22128,1
22129,0
22130,1
22131,0
22132,3
22133,1
22134,4
22135,1
22136,3
22137,0
22138,0
22139,0
22140,1
22141,2
22142,5
22143,4
22144,0
22145,0
22146,1
22147,3
22148,3
22149,0
22150,1
22151,1
22152,1
22153,3
22154,0
22155,3
22156,5
22157,3
22158,1
22159,0
22160,0
22161,0
22162,0
22163,0
22164,5
22165,4
22166,4
22167,1
22168,1
22169,1
22170,3
22171,4
22172,1
22173,1
22174,0
22175,0
22176,1
22177,1
22178,1
22179,4
22180,0
22181,1
22182,1
22183,1
22184,0
22185,3
22186,0
22187,1
22188,4
22189,0
22190,4
22191,3
22192,3
22193,3
22194,1
22195,1
22196,0
22197,1
22198,1
22199,0
22200,1
22201,0
22202,1
22203,1
22204,3
22205,1
22206,1
22207,4
22208,1
22209,3
22210,3
22211,4
22212,1
22213,0
22214,0
22215,3
22216,4
22217,1
22218,1
22219,0
22220,3
22221,3
22222,4
22223,0
22224,1
22225,3
22226,3
22227,1
22228,1
22229,0
22230,1
22231,1
22232,5
22233,0
22234,5
22235,1
22236,1
22237,0
22238,3
22239,3
22240,1
22241,0
22242,1
22243,1
22244,0
22245,0
22246,4
22247,4
22248,4
22249,3
22250,1
22251,1
22252,0
22253,0
22254,0
22255,4
22256,1
22257,1
22258,1
22259,2
22260,1
22261,1
22262,1
22263,2
22264,1
22265,1
22266,1
22267,1
22268,0
22269,1
22270,1
22271,1
22272,0
22273,4
22274,2
22275,4
22276,1
22277,3
22278,4
22279,4
22280,4
22281,4
22282,3
22283,4
22284,1
22285,0
22286,4
22287,2
22288,3
22289,1
22290,5
22291,1
22292,1
22293,3
22294,0
22295,3
22296,1
22297,0
22298,5
22299,1
22300,3
22301,1
22302,0
22303,1
22304,3
22305,4
22306,1
22307,3
22308,1
22309,3
22310,3
22311,1
22312,3
22313,1
22314,1
22315,1
22316,4
22317,1
22318,3
22319,0
22320,1
22321,0
22322,1
22323,0
22324,3
22325,1
22326,0
22327,1
22328,4
22329,3
22330,0
22331,1
22332,1
22333,2
22334,2
22335,0
22336,3
22337,3
22338,0
22339,4
22340,1
22341,0
22342,1
22343,1
22344,2
22345,4
22346,0
22347,2
22348,0
22349,0
22350,3
22351,0
22352,3
22353,3
22354,0
22355,3
22356,4
22357,1
22358,3
22359,0
22360,3
22361,0
22362,0
22363,4
22364,4
22365,0
22366,1
22367,3
22368,2
22369,3
22370,0
22371,0
22372,5
22373,1
22374,1
22375,2
22376,3
22377,1
22378,2
22379,1
22380,4
22381,1
22382,0
22383,0
22384,1
22385,2
22386,1
22387,3
22388,2
22389,2
22390,0
22391,3
22392,2
22393,3
22394,0
22395,3
22396,1
22397,0
22398,0
22399,1
22400,0
22401,1
22402,1
22403,4
22404,1
22405,0
22406,5
22407,3
22408,3
22409,4
22410,0
22411,0
22412,5
22413,1
22414,0
22415,4
22416,0
22417,1
22418,0
22419,1
22420,1
22421,4
22422,3
22423,1
22424,3
22425,0
22426,0
22427,1
22428,5
22429,1
22430,1
22431,5
22432,1
22433,1
22434,3
22435,2
22436,2
22437,2
22438,1
22439,0
22440,1
22441,1
22442,1
22443,0
22444,1
22445,3
22446,0
22447,3
22448,3
22449,3
22450,3
22451,2
22452,0
22453,0
22454,3
22455,1
22456,1
22457,3
22458,4
22459,4
22460,3
22461,2
22462,1
22463,0
22464,1
22465,0
22466,0
22467,3
22468,3
22469,1
22470,3
22471,1
22472,1
22473,0
22474,3
22475,0
22476,0
22477,0
22478,5
22479,1
22480,2
22481,1
22482,1
22483,0
22484,1
22485,1
22486,1
22487,2
22488,1
22489,0
22490,0
22491,2
22492,0
22493,1
22494,2
22495,0
22496,1
22497,2
22498,4
22499,1
22500,3
22501,0
22502,3
22503,0
22504,0
22505,1
22506,1
22507,2
22508,1
22509,3
22510,1
22511,1
22512,4
22513,3
22514,1
22515,0
22516,3
22517,1
22518,2
22519,3
22520,1
22521,1
22522,1
22523,0
22524,0
22525,1
22526,0
22527,1
22528,2
22529,1
22530,1
22531,1
22532,4
22533,0
22534,2
22535,1
22536,2
22537,0
22538,0
22539,3
22540,3
22541,1
22542,1
22543,1
22544,3
22545,0
22546,1
22547,0
22548,0
22549,0
22550,5
22551,1
22552,1
22553,1
22554,1
22555,0
22556,1
22557,0
22558,3
22559,0
22560,0
22561,2
22562,0
22563,5
22564,0
22565,5
22566,1
22567,0
22568,3
22569,0
22570,1
22571,0
22572,3
22573,4
22574,1
22575,3
22576,0
22577,3
22578,1
22579,2
22580,4
22581,0
22582,1
22583,4
22584,1
22585,4
22586,1
22587,0
22588,3
22589,2
22590,0
22591,1
22592,4
22593,0
22594,3
22595,1
22596,0
22597,2
22598,3
22599,3
22600,3
22601,3
22602,0
22603,1
22604,1
22605,0
22606,0
22607,0
22608,0
22609,3
22610,1
22611,0
22612,3
22613,0
22614,1
22615,1
22616,0
22617,1
22618,1
22619,0
22620,2
22621,0
22622,2
22623,3
22624,5
22625,2
22626,0
22627,1
22628,3
22629,3
22630,4
22631,2
22632,0
22633,1
22634,0
22635,2
22636,1
22637,4
22638,0
22639,1
22640,3
22641,1
22642,0
22643,2
22644,1
22645,0
22646,1
22647,5
22648,2
22649,0
22650,0
22651,0
22652,1
22653,1
22654,1
22655,1
22656,0
22657,0
22658,1
22659,3
22660,4
22661,1
22662,1
22663,1
22664,1
22665,1
22666,1
22667,0
22668,2
22669,0
22670,4
22671,0
22672,1
22673,1
22674,1
22675,0
22676,5
22677,3
22678,0
22679,3
22680,1
22681,1
22682,3
22683,2
22684,3
22685,0
22686,0
22687,4
22688,1
22689,0
22690,0
22691,3
22692,2
22693,0
22694,3
22695,0
22696,1
22697,0
22698,0
22699,5
22700,3
22701,4
22702,1
22703,0
22704,0
22705,3
22706,3
22707,0
22708,5
22709,0
22710,1
22711,0
22712,1
22713,4
22714,2
22715,3
22716,1
22717,1
22718,5
22719,1
22720,4
22721,1
22722,2
22723,1
22724,5
22725,4
22726,3
22727,1
22728,3
22729,4
22730,0
22731,0
22732,1
22733,1
22734,1
22735,1
22736,0
22737,2
22738,4
22739,3
22740,1
22741,4
22742,3
22743,3
22744,4
22745,0
22746,4
22747,0
22748,3
22749,3
22750,0
22751,3
22752,4
22753,1
22754,0
22755,2
22756,3
22757,2
22758,0
22759,0
22760,4
22761,1
22762,0
22763,3
22764,4
22765,1
22766,0
22767,0
22768,1
22769,0
22770,0
22771,3
22772,1
22773,1
22774,1
22775,1
22776,1
22777,4
22778,1
22779,0
22780,1
22781,1
22782,0
22783,1
22784,4
22785,1
22786,0
22787,3
22788,1
22789,1
22790,1
22791,0
22792,3
22793,1
22794,1
22795,2
22796,1
22797,3
22798,1
22799,4
22800,0
22801,1
22802,1
22803,4
22804,1
22805,1
22806,3
22807,0
22808,1
22809,4
22810,0
22811,1
22812,3
22813,3
22814,5
22815,4
22816,1
22817,4
22818,3
22819,0
22820,1
22821,3
22822,4
22823,4
22824,1
22825,1
22826,1
22827,0
22828,3
22829,0
22830,0
22831,1
22832,3
22833,1
22834,1
22835,0
22836,1
22837,0
22838,1
22839,3
22840,0
22841,0
22842,4
22843,1
22844,1
22845,3
22846,0
22847,1
22848,0
22849,3
22850,3
22851,1
22852,1
22853,0
22854,1
22855,0
22856,0
22857,3
22858,1
22859,0
22860,1
22861,2
22862,1
22863,0
22864,2
22865,3
22866,1
22867,0
22868,1
22869,1
22870,1
22871,0
22872,4
22873,1
22874,1
22875,0
22876,0
22877,4
22878,4
22879,1
22880,0
22881,0
22882,0
22883,0
22884,0
22885,0
22886,2
22887,1
22888,4
22889,1
22890,0
22891,1
22892,4
22893,1
22894,1
22895,3
22896,3
22897,0
22898,3
22899,3
22900,3
22901,5
22902,1
22903,1
22904,1
22905,0
22906,4
22907,0
22908,1
22909,3
22910,0
22911,1
22912,4
22913,1
22914,1
22915,1
22916,3
22917,1
22918,1
22919,1
22920,1
22921,0
22922,1
22923,0
22924,0
22925,1
22926,1
22927,0
22928,4
22929,1
22930,2
22931,4
22932,1
22933,0
22934,1
22935,2
22936,5
22937,0
22938,1
22939,0
22940,1
22941,2
22942,0
22943,4
22944,3
22945,5
22946,0
22947,0
22948,4
22949,1
22950,0
22951,0
22952,1
22953,1
22954,1
22955,0
22956,0
22957,1
22958,1
22959,3
22960,1
22961,1
22962,1
22963,1
22964,4
22965,3
22966,1
22967,0
22968,1
22969,1
22970,0
22971,0
22972,1
22973,0
22974,1
22975,4
22976,0
22977,0
22978,0
22979,0
22980,0
22981,0
22982,0
22983,0
22984,1
22985,0
22986,3
22987,1
22988,0
22989,0
22990,3
22991,0
22992,4
22993,0
22994,0
22995,0
22996,1
22997,0
22998,0
22999,3
23000,1
23001,3
23002,4
23003,1
23004,3
23005,4
23006,0
23007,1
23008,1
23009,3
23010,0
23011,4
23012,3
23013,3
23014,3
23015,1
23016,1
23017,0
23018,4
23019,0
23020,1
23021,1
23022,0
23023,0
23024,0
23025,3
23026,1
23027,1
23028,1
23029,1
23030,1
23031,1
23032,1
23033,4
23034,5
23035,3
23036,3
23037,1
23038,0
23039,1
23040,1
23041,1
23042,0
23043,2
23044,1
23045,1
23046,0
23047,1
23048,0
23049,2
23050,1
23051,0
23052,3
23053,1
23054,0
23055,1
23056,1
23057,1
23058,2
23059,4
23060,0
23061,1
23062,1
23063,1
23064,1
23065,3
23066,1
23067,1
23068,1
23069,0
23070,4
23071,0
23072,1
23073,0
23074,4
23075,1
23076,1
23077,4
23078,0
23079,1
23080,1
23081,0
23082,1
23083,1
23084,0
23085,0
23086,1
23087,1
23088,1
23089,1
23090,0
23091,0
23092,1
23093,0
23094,3
23095,0
23096,0
23097,1
23098,1
23099,1
23100,3
23101,0
23102,2
23103,1
23104,3
23105,0
23106,4
23107,1
23108,5
23109,1
23110,0
23111,1
23112,1
23113,1
23114,0
23115,5
23116,1
23117,0
23118,1
23119,0
23120,0
23121,0
23122,0
23123,5
23124,3
23125,1
23126,0
23127,2
23128,0
23129,3
23130,0
23131,0
23132,2
23133,4
23134,0
23135,1
23136,0
23137,3
23138,1
23139,0
23140,3
23141,0
23142,0
23143,4
23144,3
23145,1
23146,3
23147,2
23148,0
23149,4
23150,5
23151,0
23152,0
23153,0
23154,0
23155,3
23156,4
23157,1
23158,1
23159,0
23160,4
23161,4
23162,0
23163,1
23164,2
23165,0
23166,1
23167,4
23168,3
23169,3
23170,1
23171,1
23172,0
23173,2
23174,0
23175,0
23176,2
23177,3
23178,0
23179,0
23180,0
23181,1
23182,4
23183,3
23184,4
23185,1
23186,0
23187,0
23188,0
23189,1
23190,1
23191,3
23192,1
23193,0
23194,3
23195,0
23196,1
23197,0
23198,4
23199,1
23200,1
23201,1
23202,0
23203,0
23204,3
23205,0
23206,4
23207,0
23208,3
23209,0
23210,4
23211,4
23212,1
23213,1
23214,4
23215,0
23216,4
23217,1
23218,1
23219,0
23220,0
23221,1
23222,0
23223,3
23224,2
23225,3
23226,1
23227,3
23228,3
23229,0
23230,1
23231,3
23232,1
23233,1
23234,0
23235,0
23236,3
23237,1
23238,1
23239,1
23240,4
23241,1
23242,0
23243,2
23244,1
23245,4
23246,0
23247,3
23248,2
23249,0
23250,0
23251,0
23252,0
23253,4
23254,1
23255,0
23256,0
23257,1
23258,0
23259,3
23260,1
23261,1
23262,0
23263,5
23264,4
23265,3
23266,3
23267,3
23268,0
23269,1
23270,1
23271,0
23272,1
23273,3
23274,1
23275,4
23276,1
23277,4
23278,1
23279,4
23280,0
23281,2
23282,3
23283,1
23284,4
23285,1
23286,3
23287,1
23288,1
23289,3
23290,1
23291,3
23292,0
23293,0
23294,4
23295,0
23296,0
23297,3
23298,3
23299,0
23300,1
23301,1
23302,4
23303,0
23304,3
23305,3
23306,2
23307,4
23308,3
23309,0
23310,1
23311,1
23312,1
23313,0
23314,4
23315,3
23316,1
23317,1
23318,1
23319,1
23320,0
23321,0
23322,0
23323,4
23324,1
23325,1
23326,1
23327,1
23328,2
23329,1
23330,3
23331,1
23332,1
23333,3
23334,1
23335,0
23336,0
23337,3
23338,1
23339,1
23340,0
23341,0
23342,3
23343,3
23344,3
23345,1
23346,3
23347,2
23348,3
23349,2
23350,1
23351,0
23352,0
23353,4
23354,1
23355,1
23356,3
23357,3
23358,1
23359,1
23360,0
23361,3
23362,1
23363,1
23364,3
23365,0
23366,1
23367,1
23368,1
23369,0
23370,0
23371,4
23372,4
23373,1
23374,0
23375,3
23376,3
23377,1
23378,1
23379,0
23380,1
23381,3
23382,0
23383,1
23384,1
23385,0
23386,2
23387,1
23388,0
23389,2
23390,1
23391,1
23392,1
23393,0
23394,0
23395,3
23396,2
23397,1
23398,1
23399,4
23400,0
23401,1
23402,3
23403,1
23404,2
23405,1
23406,2
23407,2
23408,1
23409,0
23410,0
23411,1
23412,1
23413,1
23414,3
23415,2
23416,3
23417,2
23418,4
23419,2
23420,0
23421,4
23422,1
23423,1
23424,0
23425,1
23426,4
23427,3
23428,3
23429,1
23430,0
23431,2
23432,1
23433,3
23434,2
23435,1
23436,1
23437,1
23438,0
23439,0
23440,1
23441,0
23442,1
23443,1
23444,3
23445,1
23446,0
23447,0
23448,3
23449,5
23450,1
23451,2
23452,1
23453,2
23454,1
23455,0
23456,3
23457,1
23458,1
23459,1
23460,1
23461,0
23462,0
23463,1
23464,1
23465,0
23466,0
23467,1
23468,1
23469,0
23470,0
23471,1
23472,5
23473,5
23474,4
23475,4
23476,1
23477,1
23478,1
23479,2
23480,3
23481,4
23482,1
23483,3
23484,0
23485,3
23486,0
23487,1
23488,1
23489,4
23490,3
23491,2
23492,0
23493,1
23494,1
23495,0
23496,4
23497,1
23498,3
23499,1
23500,0
23501,1
23502,4
23503,1
23504,5
23505,0
23506,5
23507,3
23508,0
23509,0
23510,0
23511,1
23512,3
23513,4
23514,3
23515,1
23516,0
23517,2
23518,3
23519,1
23520,4
23521,4
23522,1
23523,0
23524,1
23525,0
23526,1
23527,4
23528,0
23529,2
23530,0
23531,1
23532,3
23533,1
23534,1
23535,0
23536,4
23537,1
23538,1
23539,1
23540,5
23541,1
23542,0
23543,1
23544,1
23545,2
23546,1
23547,1
23548,0
23549,0
23550,0
23551,5
23552,1
23553,4
23554,2
23555,4
23556,4
23557,1
23558,2
23559,1
23560,0
23561,4
23562,1
23563,0
23564,0
23565,0
23566,3
23567,3
23568,4
23569,3
23570,0
23571,1
23572,0
23573,1
23574,4
23575,1
23576,0
23577,1
23578,0
23579,4
23580,1
23581,4
23582,1
23583,1
23584,5
23585,0
23586,1
23587,4
23588,4
23589,4
23590,0
23591,3
23592,0
23593,1
23594,1
23595,1
23596,1
23597,1
23598,0
23599,1
23600,0
23601,3
23602,2
23603,1
23604,4
23605,1
23606,0
23607,3
23608,1
23609,0
23610,1
23611,1
23612,1
23613,3
23614,1
23615,0
23616,2
23617,4
23618,1
23619,3
23620,3
23621,1
23622,0
23623,0
23624,1
23625,1
23626,0
23627,0
23628,1
23629,0
23630,1
23631,0
23632,3
23633,1
23634,3
23635,3
23636,0
23637,0
23638,4
23639,3
23640,4
23641,4
23642,0
23643,0
23644,0
23645,1
23646,3
23647,3
23648,5
23649,0
23650,0
23651,1
23652,4
23653,1
23654,0
23655,0
23656,1
23657,3
23658,0
23659,5
23660,1
23661,2
23662,3
23663,2
23664,4
23665,1
23666,0
23667,1
23668,0
23669,2
23670,4
23671,1
23672,4
23673,1
23674,0
23675,3
23676,3
23677,0
23678,0
23679,2
23680,0
23681,0
23682,0
23683,0
23684,3
23685,0
23686,0
23687,1
23688,4
23689,3
23690,3
23691,1
23692,0
23693,0
23694,1
23695,3
23696,1
23697,1
23698,4
23699,3
23700,0
23701,1
23702,3
23703,1
23704,3
23705,1
23706,3
23707,1
23708,0
23709,3
23710,3
23711,0
23712,4
23713,1
23714,0
23715,1
23716,3
23717,0
23718,0
23719,1
23720,2
23721,1
23722,0
23723,4
23724,4
23725,0
23726,1
23727,1
23728,3
23729,1
23730,4
23731,3
23732,0
23733,1
23734,1
23735,4
23736,3
23737,4
23738,3
23739,1
23740,4
23741,1
23742,1
23743,0
23744,3
23745,1
23746,1
23747,0
23748,1
23749,1
23750,1
23751,0
23752,0
23753,0
23754,0
23755,0
23756,0
23757,4
23758,3
23759,1
23760,4
23761,0
23762,4
23763,1
23764,3
23765,4
23766,2
23767,2
23768,0
23769,3
23770,3
23771,0
23772,0
23773,0
23774,0
23775,3
23776,1
23777,1
23778,3
23779,4
23780,1
23781,1
23782,3
23783,0
23784,0
23785,1
23786,4
23787,3
23788,1
23789,3
23790,1
23791,1
23792,0
23793,1
23794,3
23795,1
23796,4
23797,0
23798,2
23799,1
23800,3
23801,5
23802,1
23803,2
23804,5
23805,0
23806,3
23807,1
23808,1
23809,0
23810,3
23811,1
23812,0
23813,2
23814,1
23815,0
23816,1
23817,1
23818,5
23819,3
23820,5
23821,3
23822,1
23823,1
23824,0
23825,0
23826,1
23827,1
23828,2
23829,0
23830,1
23831,0
23832,1
23833,0
23834,1
23835,1
23836,3
23837,3
23838,1
23839,1
23840,0
23841,0
23842,1
23843,3
23844,1
23845,0
23846,0
23847,3
23848,1
23849,0
23850,0
23851,4
23852,1
23853,1
23854,0
23855,4
23856,1
23857,3
23858,0
23859,1
23860,0
23861,3
23862,0
23863,3
23864,1
23865,2
23866,1
23867,3
23868,1
23869,1
23870,0
23871,0
23872,3
23873,0
23874,1
23875,0
23876,1
23877,3
23878,0
23879,1
23880,4
23881,5
23882,1
23883,3
23884,3
23885,1
23886,0
23887,4
23888,1
23889,3
23890,3
23891,4
23892,4
23893,4
23894,1
23895,0
23896,3
23897,0
23898,2
23899,1
23900,0
23901,2
23902,3
23903,0
23904,4
23905,3
23906,0
23907,1
23908,4
23909,1
23910,1
23911,0
23912,1
23913,0
23914,1
23915,1
23916,1
23917,0
23918,0
23919,4
23920,1
23921,4
23922,0
23923,0
23924,0
23925,1
23926,0
23927,1
23928,0
23929,1
23930,3
23931,0
23932,2
23933,4
23934,0
23935,1
23936,1
23937,4
23938,0
23939,3
23940,1
23941,0
23942,0
23943,3
23944,3
23945,3
23946,3
23947,0
23948,1
23949,3
23950,0
23951,2
23952,1
23953,3
23954,1
23955,4
23956,1
23957,4
23958,0
23959,0
23960,1
23961,2
23962,1
23963,1
23964,1
23965,0
23966,4
23967,1
23968,2
23969,1
23970,1
23971,3
23972,0
23973,0
23974,1
23975,4
23976,0
23977,0
23978,3
23979,0
23980,2
23981,1
23982,0
23983,1
23984,0
23985,1
23986,2
23987,1
23988,2
23989,0
23990,0
23991,4
23992,5
23993,0
23994,0
23995,4
23996,1
23997,4
23998,3
23999,1
24000,0
24001,1
24002,1
24003,5
24004,0
24005,5
24006,1
24007,2
24008,0
24009,5
24010,2
24011,5
24012,0
24013,3
24014,1
24015,0
24016,3
24017,1
24018,1
24019,0
24020,2
24021,1
24022,0
24023,0
24024,1
24025,3
24026,0
24027,4
24028,3
24029,0
24030,3
24031,0
24032,1
24033,5
24034,1
24035,0
24036,0
24037,3
24038,1
24039,0
24040,1
24041,0
24042,1
24043,3
24044,0
24045,1
24046,0
24047,1
24048,3
24049,1
24050,0
24051,1
24052,4
24053,1
24054,1
24055,0
24056,3
24057,1
24058,4
24059,1
24060,3
24061,0
24062,1
24063,2
24064,1
24065,1
24066,0
24067,0
24068,1
24069,0
24070,1
24071,0
24072,0
24073,1
24074,2
24075,0
24076,3
24077,0
24078,1
24079,1
24080,4
24081,0
24082,1
24083,4
24084,0
24085,2
24086,1
24087,0
24088,4
24089,1
24090,3
24091,1
24092,1
24093,3
24094,3
24095,0
24096,0
24097,1
24098,4
24099,4
24100,4
24101,0
24102,3
24103,1
24104,4
24105,1
24106,4
24107,0
24108,1
24109,0
24110,0
24111,5
24112,0
24113,0
24114,0
24115,1
24116,0
24117,1
24118,1
24119,1
24120,4
24121,0
24122,1
24123,0
24124,1
24125,1
24126,1
24127,3
24128,2
24129,1
24130,0
24131,1
24132,0
24133,3
24134,4
24135,1
24136,0
24137,0
24138,0
24139,1
24140,2
24141,0
24142,3
24143,4
24144,1
24145,1
24146,0
24147,0
24148,1
24149,1
24150,4
24151,0
24152,1
24153,2
24154,4
24155,0
24156,1
24157,4
24158,0
24159,2
24160,2
24161,3
24162,0
24163,3
24164,3
24165,0
24166,1
24167,0
24168,1
24169,0
24170,2
24171,0
24172,5
24173,4
24174,1
24175,3
24176,4
24177,4
24178,2
24179,1
24180,1
24181,2
24182,0
24183,0
24184,3
24185,0
24186,0
24187,3
24188,0
24189,3
24190,4
24191,3
24192,1
24193,1
24194,2
24195,3
24196,0
24197,5
24198,1
24199,0
24200,4
24201,2
24202,1
24203,1
24204,2
24205,5
24206,0
24207,5
24208,2
24209,1
24210,0
24211,5
24212,4
24213,0
24214,1
24215,3
24216,0
24217,1
24218,0
24219,0
24220,0
24221,0
24222,0
24223,1
24224,1
24225,0
24226,1
24227,2
24228,3
24229,4
24230,0
24231,2
24232,5
24233,0
24234,0
24235,1
24236,3
24237,3
24238,1
24239,1
24240,0
24241,0
24242,1
24243,0
24244,1
24245,4
24246,0
24247,1
24248,0
24249,1
24250,0
24251,4
24252,1
24253,3
24254,1
24255,0
24256,0
24257,0
24258,0
24259,0
24260,0
24261,0
24262,3
24263,3
24264,1
24265,4
24266,4
24267,4
24268,1
24269,3
24270,1
24271,3
24272,3
24273,1
24274,3
24275,4
24276,1
24277,1
24278,0
24279,0
24280,3
24281,1
24282,0
24283,1
24284,4
24285,2
24286,0
24287,0
24288,3
24289,0
24290,3
24291,0
24292,1
24293,3
24294,1
24295,1
24296,0
24297,0
24298,0
24299,0
24300,1
24301,0
24302,1
24303,3
24304,1
24305,2
24306,1
24307,1
24308,4
24309,0
24310,4
24311,4
24312,1
24313,4
24314,0
24315,3
24316,3
24317,1
24318,1
24319,1
24320,2
24321,1
24322,3
24323,5
24324,0
24325,4
24326,0
24327,0
24328,1
24329,1
24330,1
24331,2
24332,0
24333,2
24334,1
24335,1
24336,3
24337,3
24338,1
24339,0
24340,1
24341,0
24342,3
24343,3
24344,1
24345,0
24346,3
24347,3
24348,0
24349,3
24350,1
24351,3
24352,0
24353,0
24354,1
24355,5
24356,2
24357,0
24358,4
24359,1
24360,0
24361,0
24362,0
24363,4
24364,1
24365,3
24366,0
24367,1
24368,4
24369,0
24370,0
24371,1
24372,1
24373,1
24374,3
24375,1
24376,0
24377,3
24378,4
24379,3
24380,0
24381,4
24382,3
24383,1
24384,1
24385,1
24386,3
24387,1
24388,0
24389,2
24390,0
24391,0
24392,1
24393,0
24394,1
24395,1
24396,0
24397,0
24398,3
24399,0
24400,1
24401,0
24402,1
24403,1
24404,1
24405,3
24406,1
24407,2
24408,2
24409,3
24410,3
24411,3
24412,1
24413,0
24414,4
24415,1
24416,0
24417,4
24418,1
24419,2
24420,2
24421,2
24422,0
24423,3
24424,1
24425,1
24426,3
24427,0
24428,1
24429,0
24430,3
24431,1
24432,1
24433,1
24434,0
24435,1
24436,5
24437,1
24438,1
24439,0
24440,0
24441,2
24442,0
24443,0
24444,4
24445,2
24446,2
24447,4
24448,1
24449,2
24450,1
24451,1
24452,1
24453,0
24454,4
24455,4
24456,0
24457,0
24458,0
24459,0
24460,0
24461,4
24462,1
24463,4
24464,1
24465,1
24466,3
24467,5
24468,0
24469,1
24470,1
24471,4
24472,3
24473,3
24474,1
24475,0
24476,5
24477,1
24478,0
24479,1
24480,0
24481,4
24482,0
24483,3
24484,4
24485,0
24486,0
24487,2
24488,1
24489,0
24490,0
24491,4
24492,0
24493,4
24494,3
24495,0
24496,0
24497,1
24498,1
24499,1
24500,0
24501,0
24502,3
24503,3
24504,1
24505,0
24506,0
24507,1
24508,0
24509,3
24510,1
24511,2
24512,3
24513,1
24514,1
24515,1
24516,0
24517,1
24518,1
24519,0
24520,1
24521,0
24522,0
24523,2
24524,0
24525,3
24526,0
24527,4
24528,0
24529,2
24530,0
24531,0
24532,0
24533,1
24534,3
24535,4
24536,0
24537,1
24538,3
24539,1
24540,0
24541,1
24542,0
24543,0
24544,5
24545,3
24546,0
24547,0
24548,3
24549,1
24550,1
24551,0
24552,1
24553,1
24554,1
24555,1
24556,1
24557,0
24558,0
24559,0
24560,1
24561,0
24562,1
24563,0
24564,0
24565,0
24566,1
24567,1
24568,3
24569,0
24570,0
24571,1
24572,0
24573,2
24574,3
24575,0
24576,0
24577,1
24578,4
24579,1
24580,0
24581,4
24582,1
24583,3
24584,2
24585,3
24586,0
24587,1
24588,1
24589,0
24590,0
24591,0
24592,0
24593,0
24594,3
24595,1
24596,1
24597,2
24598,3
24599,3
24600,4
24601,4
24602,4
24603,1
24604,1
24605,1
24606,1
24607,0
24608,1
24609,1
24610,1
24611,0
24612,3
24613,0
24614,5
24615,1
24616,0
24617,0
24618,5
24619,1
24620,1
24621,1
24622,4
24623,1
24624,3
24625,2
24626,0
24627,0
24628,1
24629,4
24630,2
24631,1
24632,2
24633,1
24634,4
24635,1
24636,4
24637,2
24638,1
24639,0
24640,4
24641,0
24642,1
24643,0
24644,3
24645,1
24646,1
24647,4
24648,0
24649,3
24650,1
24651,3
24652,1
24653,2
24654,0
24655,0
24656,4
24657,1
24658,0
24659,3
24660,1
24661,5
24662,3
24663,1
24664,0
24665,1
24666,1
24667,3
24668,2
24669,3
24670,0
24671,3
24672,1
24673,0
24674,1
24675,5
24676,4
24677,1
24678,1
24679,4
24680,5
24681,4
24682,3
24683,0
24684,1
24685,0
24686,0
24687,1
24688,1
24689,4
24690,1
24691,1
24692,5
24693,2
24694,1
24695,0
24696,1
24697,0
24698,4
24699,1
24700,1
24701,1
24702,1
24703,1
24704,0
24705,4
24706,1
24707,0
24708,1
24709,0
24710,0
24711,3
24712,3
24713,0
24714,1
24715,2
24716,1
24717,1
24718,0
24719,1
24720,1
24721,1
24722,0
24723,1
24724,0
24725,0
24726,0
24727,1
24728,1
24729,1
24730,0
24731,1
24732,1
24733,3
24734,2
24735,0
24736,1
24737,0
24738,1
24739,3
24740,1
24741,3
24742,1
24743,0
24744,1
24745,0
24746,1
24747,2
24748,5
24749,3
24750,1
24751,3
24752,4
24753,0
24754,4
24755,1
24756,2
24757,1
24758,1
24759,0
24760,4
24761,3
24762,0
24763,0
24764,0
24765,1
24766,1
24767,0
24768,1
24769,4
24770,1
24771,0
24772,2
24773,1
24774,1
24775,1
24776,2
24777,0
24778,1
24779,3
24780,1
24781,3
24782,0
24783,0
24784,1
24785,1
24786,0
24787,1
24788,3
24789,1
24790,3
24791,1
24792,0
24793,4
24794,0
24795,0
24796,1
24797,3
24798,0
24799,1
24800,3
24801,0
24802,1
24803,1
24804,1
24805,2
24806,2
24807,1
24808,1
24809,1
24810,1
24811,3
24812,1
24813,1
24814,4
24815,3
24816,1
24817,3
24818,1
24819,0
24820,3
24821,1
24822,1
24823,0
24824,4
24825,0
24826,5
24827,1
24828,0
24829,5
24830,0
24831,5
24832,0
24833,1
24834,0
24835,1
24836,0
24837,0
24838,0
24839,0
24840,4
24841,0
24842,4
24843,3
24844,1
24845,0
24846,0
24847,3
24848,0
24849,1
24850,5
24851,2
24852,1
24853,5
24854,3
24855,1
24856,1
24857,0
24858,3
24859,3
24860,1
24861,3
24862,0
24863,0
24864,3
24865,3
24866,2
24867,1
24868,0
24869,1
24870,2
24871,3
24872,1
24873,0
24874,3
24875,0
24876,0
24877,0
24878,0
24879,2
24880,1
24881,4
24882,1
24883,1
24884,1
24885,0
24886,5
24887,1
24888,0
24889,1
24890,4
24891,2
24892,2
24893,3
24894,1
24895,2
24896,0
24897,1
24898,0
24899,3
24900,1
24901,1
24902,4
24903,0
24904,0
24905,3
24906,0
24907,2
24908,0
24909,3
24910,5
24911,0
24912,1
24913,0
24914,0
24915,1
24916,2
24917,1
24918,0
24919,0
24920,0
24921,1
24922,1
24923,1
24924,1
24925,3
24926,1
24927,0
24928,5
24929,4
24930,0
24931,0
24932,0
24933,1
24934,0
24935,3
24936,0
24937,0
24938,0
24939,2
24940,1
24941,1
24942,0
24943,3
24944,1
24945,0
24946,2
24947,0
24948,2
24949,4
24950,1
24951,0
24952,2
24953,1
24954,1
24955,1
24956,1
24957,1
24958,2
24959,1
24960,1
24961,0
24962,1
24963,1
24964,0
24965,4
24966,1
24967,1
24968,1
24969,1
24970,0
24971,0
24972,0
24973,2
24974,2
24975,4
24976,0
24977,0
24978,4
24979,4
24980,1
24981,1
24982,3
24983,1
24984,2
24985,3
24986,1
24987,2
24988,5
24989,2
24990,0
24991,1
24992,1
24993,1
24994,0
24995,1
24996,1
24997,1
24998,0
24999,0
25000,4
25001,4
25002,1
25003,1
25004,4
25005,1
25006,0
25007,1
25008,0
25009,1
25010,1
25011,1
25012,1
25013,1
25014,0
25015,1
25016,1
25017,0
25018,1
25019,1
25020,3
25021,1
25022,2
25023,4
25024,1
25025,2
25026,0
25027,1
25028,1
25029,1
25030,0
25031,1
25032,0
25033,1
25034,0
25035,0
25036,0
25037,0
25038,1
25039,3
25040,0
25041,1
25042,2
25043,1
25044,1
25045,3
25046,3
25047,1
25048,4
25049,0
25050,0
25051,3
25052,0
25053,2
25054,3
25055,0
25056,0
25057,2
25058,5
25059,1
25060,1
25061,0
25062,2
25063,1
25064,1
25065,0
25066,3
25067,3
25068,0
25069,2
25070,1
25071,3
25072,1
25073,5
25074,0
25075,1
25076,1
25077,3
25078,0
25079,0
25080,2
25081,1
25082,4
25083,1
25084,1
25085,0
25086,0
25087,1
25088,3
25089,1
25090,0
25091,0
25092,1
25093,0
25094,0
25095,1
25096,3
25097,3
25098,0
25099,1
25100,1
25101,3
25102,0
25103,1
25104,1
25105,1
25106,1
25107,0
25108,4
25109,3
25110,0
25111,1
25112,1
25113,0
25114,4
25115,0
25116,0
25117,0
25118,0
25119,3
25120,0
25121,3
25122,1
25123,2
25124,0
25125,0
25126,0
25127,0
25128,0
25129,1
25130,0
25131,0
25132,2
25133,4
25134,1
25135,0
25136,0
25137,1
25138,1
25139,4
25140,4
25141,1
25142,0
25143,1
25144,0
25145,0
25146,1
25147,5
25148,1
25149,1
25150,3
25151,0
25152,0
25153,4
25154,1
25155,0
25156,1
25157,3
25158,3
25159,1
25160,1
25161,1
25162,1
25163,3
25164,4
25165,1
25166,2
25167,3
25168,0
25169,3
25170,4
25171,1
25172,4
25173,0
25174,1
25175,3
25176,0
25177,0
25178,0
25179,0
25180,1
25181,0
25182,2
25183,5
25184,0
25185,0
25186,1
25187,0
25188,1
25189,1
25190,1
25191,0
25192,1
25193,3
25194,4
25195,1
25196,0
25197,0
25198,1
25199,3
25200,0
25201,3
25202,4
25203,4
25204,4
25205,4
25206,1
25207,1
25208,0
25209,1
25210,0
25211,2
25212,1
25213,0
25214,1
25215,0
25216,4
25217,1
25218,0
25219,5
25220,0
25221,1
25222,0
25223,0
25224,2
25225,0
25226,0
25227,1
25228,3
25229,0
25230,1
25231,1
25232,1
25233,4
25234,2
25235,3
25236,1
25237,4
25238,5
25239,0
25240,4
25241,1
25242,3
25243,1
25244,5
25245,3
25246,2
25247,1
25248,1
25249,3
25250,3
25251,1
25252,0
25253,1
25254,0
25255,5
25256,5
25257,1
25258,0
25259,0
25260,3
25261,1
25262,3
25263,0
25264,0
25265,0
25266,2
25267,0
25268,0
25269,1
25270,0
25271,1
25272,2
25273,1
25274,0
25275,0
25276,1
25277,1
25278,0
25279,1
25280,4
25281,0
25282,1
25283,3
25284,1
25285,0
25286,0
25287,3
25288,3
25289,3
25290,0
25291,0
25292,1
25293,0
25294,1
25295,0
25296,2
25297,1
25298,1
25299,4
25300,3
25301,0
25302,4
25303,1
25304,2
25305,1
25306,2
25307,0
25308,0
25309,1
25310,0
25311,1
25312,0
25313,1
25314,3
25315,0
25316,0
25317,0
25318,0
25319,1
25320,1
25321,0
25322,0
25323,5
25324,3
25325,1
25326,3
25327,1
25328,0
25329,0
25330,0
25331,0
25332,0
25333,1
25334,1
25335,1
25336,0
25337,3
25338,3
25339,1
25340,4
25341,4
25342,0
25343,3
25344,1
25345,0
25346,4
25347,0
25348,1
25349,0
25350,1
25351,4
25352,0
25353,4
25354,2
25355,1
25356,1
25357,3
25358,3
25359,0
25360,5
25361,0
25362,3
25363,1
25364,0
25365,3
25366,3
25367,1
25368,3
25369,1
25370,1
25371,0
25372,3
25373,1
25374,3
25375,0
25376,0
25377,0
25378,3
25379,1
25380,1
25381,1
25382,0
25383,1
25384,0
25385,5
25386,2
25387,1
25388,0
25389,0
25390,1
25391,1
25392,1
25393,1
25394,1
25395,1
25396,1
25397,1
25398,0
25399,4
25400,0
25401,0
25402,3
25403,3
25404,1
25405,1
25406,0
25407,1
25408,1
25409,1
25410,3
25411,0
25412,4
25413,1
25414,2
25415,3
25416,1
25417,2
25418,3
25419,1
25420,1
25421,0
25422,0
25423,5
25424,1
25425,0
25426,2
25427,3
25428,0
25429,4
25430,1
25431,0
25432,2
25433,4
25434,1
25435,1
25436,0
25437,3
25438,1
25439,3
25440,1
25441,1
25442,3
25443,1
25444,1
25445,1
25446,0
25447,0
25448,0
25449,1
25450,0
25451,1
25452,3
25453,1
25454,2
25455,2
25456,1
25457,3
25458,0
25459,0
25460,0
25461,3
25462,0
25463,3
25464,1
25465,1
25466,0
25467,1
25468,4
25469,0
25470,1
25471,4
25472,0
25473,3
25474,1
25475,4
25476,0
25477,1
25478,1
25479,1
25480,2
25481,1
25482,4
25483,3
25484,1
25485,1
25486,1
25487,3
25488,0
25489,3
25490,3
25491,1
25492,1
25493,1
25494,0
25495,2
25496,1
25497,1
25498,2
25499,1
25500,1
25501,1
25502,1
25503,1
25504,1
25505,1
25506,0
25507,0
25508,1
25509,4
25510,1
25511,0
25512,1
25513,2
25514,1
25515,1
25516,1
25517,0
25518,3
25519,4
25520,4
25521,0
25522,1
25523,4
25524,1
25525,3
25526,1
25527,0
25528,1
25529,3
25530,4
25531,0
25532,0
25533,3
25534,3
25535,0
25536,0
25537,4
25538,1
25539,1
25540,1
25541,0
25542,3
25543,1
25544,1
25545,0
25546,4
25547,1
25548,4
25549,3
25550,3
25551,1
25552,1
25553,0
25554,1
25555,1
25556,3
25557,5
25558,1
25559,1
25560,3
25561,5
25562,1
25563,0
25564,1
25565,2
25566,2
25567,1
25568,3
25569,1
25570,1
25571,0
25572,2
25573,0
25574,3
25575,0
25576,1
25577,1
25578,1
25579,0
25580,1
25581,0
25582,1
25583,0
25584,0
25585,0
25586,0
25587,4
25588,5
25589,4
25590,1
25591,3
25592,1
25593,1
25594,3
25595,1
25596,0
25597,3
25598,0
25599,4
25600,0
25601,1
25602,2
25603,3
25604,1
25605,4
25606,0
25607,5
25608,0
25609,0
25610,1
25611,3
25612,4
25613,0
25614,1
25615,0
25616,0
25617,1
25618,0
25619,1
25620,1
25621,0
25622,1
25623,1
25624,0
25625,0
25626,1
25627,3
25628,1
25629,1
25630,0
25631,1
25632,0
25633,1
25634,1
25635,1
25636,2
25637,1
25638,1
25639,1
25640,3
25641,3
25642,0
25643,1
25644,0
25645,1
25646,0
25647,0
25648,3
25649,4
25650,2
25651,0
25652,4
25653,3
25654,3
25655,3
25656,1
25657,3
25658,0
25659,3
25660,2
25661,1
25662,1
25663,1
25664,2
25665,4
25666,1
25667,0
25668,0
25669,3
25670,1
25671,0
25672,0
25673,0
25674,2
25675,2
25676,5
25677,1
25678,4
25679,0
25680,1
25681,1
25682,5
25683,0
25684,1
25685,3
25686,4
25687,0
25688,0
25689,2
25690,0
25691,3
25692,0
25693,0
25694,1
25695,1
25696,3
25697,3
25698,1
25699,4
25700,4
25701,1
25702,0
25703,1
25704,0
25705,1
25706,1
25707,0
25708,3
25709,0
25710,1
25711,1
25712,1
25713,1
25714,0
25715,0
25716,1
25717,0
25718,0
25719,3
25720,0
25721,0
25722,1
25723,1
25724,0
25725,3
25726,0
25727,4
25728,1
25729,1
25730,2
25731,0
25732,0
25733,0
25734,1
25735,0
25736,0
25737,5
25738,1
25739,0
25740,4
25741,3
25742,0
25743,1
25744,4
25745,1
25746,2
25747,1
25748,1
25749,2
25750,0
25751,4
25752,0
25753,4
25754,0
25755,0
25756,2
25757,1
25758,4
25759,2
25760,1
25761,1
25762,3
25763,0
25764,0
25765,0
25766,1
25767,0
25768,4
25769,0
25770,2
25771,3
25772,1
25773,1
25774,0
25775,0
25776,0
25777,1
25778,0
25779,4
25780,1
25781,0
25782,0
25783,0
25784,3
25785,1
25786,1
25787,0
25788,0
25789,3
25790,2
25791,0
25792,4
25793,1
25794,2
25795,4
25796,3
25797,1
25798,5
25799,1
25800,4
25801,0
25802,4
25803,1
25804,3
25805,1
25806,1
25807,4
25808,1
25809,2
25810,1
25811,3
25812,1
25813,1
25814,0
25815,2
25816,0
25817,3
25818,0
25819,1
25820,1
25821,0
25822,3
25823,1
25824,0
25825,3
25826,4
25827,0
25828,0
25829,1
25830,1
25831,3
25832,1
25833,0
25834,1
25835,0
25836,1
25837,4
25838,2
25839,0
25840,1
25841,3
25842,1
25843,0
25844,3
25845,1
25846,5
25847,0
25848,1
25849,0
25850,0
25851,5
25852,0
25853,1
25854,3
25855,1
25856,0
25857,1
25858,3
25859,4
25860,1
25861,3
25862,4
25863,2
25864,0
25865,4
25866,1
25867,1
25868,1
25869,5
25870,2
25871,1
25872,1
25873,3
25874,4
25875,4
25876,5
25877,1
25878,1
25879,0
25880,0
25881,4
25882,3
25883,0
25884,0
25885,0
25886,0
25887,1
25888,3
25889,3
25890,1
25891,0
25892,0
25893,5
25894,0
25895,0
25896,3
25897,0
25898,0
25899,1
25900,3
25901,0
25902,1
25903,1
25904,0
25905,2
25906,1
25907,1
25908,3
25909,3
25910,4
25911,3
25912,0
25913,0
25914,5
25915,1
25916,1
25917,1
25918,1
25919,1
25920,3
25921,1
25922,0
25923,4
25924,0
25925,5
25926,1
25927,0
25928,0
25929,3
25930,0
25931,1
25932,0
25933,0
25934,2
25935,1
25936,0
25937,1
25938,0
25939,3
25940,5
25941,2
25942,1
25943,3
25944,5
25945,3
25946,3
25947,1
25948,0
25949,1
25950,0
25951,5
25952,4
25953,1
25954,2
25955,1
25956,0
25957,0
25958,0
25959,0
25960,1
25961,2
25962,4
25963,0
25964,0
25965,0
25966,3
25967,1
25968,1
25969,1
25970,0
25971,0
25972,1
25973,0
25974,1
25975,1
25976,2
25977,0
25978,1
25979,0
25980,3
25981,1
25982,3
25983,1
25984,1
25985,0
25986,4
25987,1
25988,0
25989,3
25990,0
25991,1
25992,2
25993,0
25994,1
25995,4
25996,1
25997,4
25998,2
25999,4
26000,4
26001,1
26002,1
26003,0
26004,3
26005,4
26006,3
26007,0
26008,3
26009,1
26010,1
26011,1
26012,3
26013,1
26014,1
26015,1
26016,2
26017,4
26018,1
26019,1
26020,0
26021,1
26022,1
26023,4
26024,1
26025,0
26026,0
26027,1
26028,0
26029,0
26030,0
26031,1
26032,2
26033,2
26034,0
26035,3
26036,1
26037,2
26038,5
26039,5
26040,3
26041,0
26042,0
26043,0
26044,1
26045,0
26046,2
26047,1
26048,1
26049,1
26050,1
26051,1
26052,3
26053,0
26054,0
26055,3
26056,0
26057,5
26058,0
26059,1
26060,0
26061,1
26062,0
26063,4
26064,3
26065,1
26066,0
26067,1
26068,0
26069,3
26070,0
26071,3
26072,3
26073,4
26074,3
26075,0
26076,0
26077,0
26078,1
26079,1
26080,1
26081,1
26082,3
26083,0
26084,1
26085,3
26086,2
26087,0
26088,1
26089,1
26090,3
26091,1
26092,3
26093,1
26094,3
26095,1
26096,3
26097,0
26098,1
26099,5
26100,3
26101,3
26102,3
26103,1
26104,1
26105,1
26106,0
26107,1
26108,4
26109,0
26110,1
26111,4
26112,0
26113,1
26114,1
26115,4
26116,1
26117,3
26118,3
26119,1
26120,1
26121,0
26122,0
26123,1
26124,0
26125,1
26126,3
26127,1
26128,1
26129,1
26130,2
26131,0
26132,1
26133,4
26134,4
26135,0
26136,3
26137,1
26138,1
26139,3
26140,1
26141,3
26142,1
26143,1
26144,1
26145,2
26146,0
26147,4
26148,1
26149,3
26150,0
26151,2
26152,4
26153,0
26154,1
26155,5
26156,1
26157,5
26158,0
26159,0
26160,4
26161,3
26162,0
26163,3
26164,3
26165,0
26166,1
26167,1
26168,1
26169,4
26170,0
26171,4
26172,2
26173,1
26174,0
26175,3
26176,3
26177,4
26178,1
26179,0
26180,4
26181,3
26182,1
26183,0
26184,1
26185,1
26186,0
26187,0
26188,0
26189,1
26190,3
26191,1
26192,3
26193,1
26194,0
26195,0
26196,1
26197,4
26198,0
26199,3
26200,3
26201,2
26202,4
26203,1
26204,3
26205,2
26206,0
26207,1
26208,2
26209,1
26210,1
26211,0
26212,0
26213,0
26214,4
26215,4
26216,0
26217,1
26218,4
26219,0
26220,0
26221,0
26222,1
26223,0
26224,1
26225,3
26226,0
26227,0
26228,1
26229,3
26230,1
26231,1
26232,4
26233,0
26234,0
26235,3
26236,4
26237,1
26238,1
26239,4
26240,2
26241,0
26242,1
26243,1
26244,3
26245,2
26246,3
26247,0
26248,3
26249,1
26250,2
26251,4
26252,1
26253,1
26254,4
26255,0
26256,1
26257,2
26258,4
26259,0
26260,0
26261,4
26262,1
26263,3
26264,5
26265,1
26266,0
26267,0
26268,1
26269,1
26270,4
26271,0
26272,1
26273,0
26274,1
26275,1
26276,0
26277,3
26278,0
26279,3
26280,3
26281,1
26282,0
26283,1
26284,4
26285,1
26286,3
26287,4
26288,3
26289,3
26290,5
26291,1
26292,0
26293,2
26294,3
26295,3
26296,4
26297,1
26298,3
26299,0
26300,3
26301,0
26302,1
26303,1
26304,0
26305,4
26306,2
26307,3
26308,0
26309,4
26310,4
26311,3
26312,0
26313,0
26314,0
26315,1
26316,4
26317,0
26318,4
26319,4
26320,4
26321,1
26322,2
26323,0
26324,1
26325,3
26326,0
26327,3
26328,1
26329,0
26330,5
26331,1
26332,3
26333,4
26334,3
26335,2
26336,1
26337,1
26338,4
26339,4
26340,1
26341,1
26342,3
26343,0
26344,3
26345,0
26346,0
26347,0
26348,2
26349,2
26350,1
26351,4
26352,1
26353,0
26354,1
26355,1
26356,0
26357,4
26358,0
26359,0
26360,0
26361,1
26362,0
26363,3
26364,0
26365,3
26366,1
26367,1
26368,1
26369,1
26370,4
26371,1
26372,4
26373,0
26374,2
26375,1
26376,1
26377,0
26378,0
26379,1
26380,0
26381,3
26382,3
26383,0
26384,2
26385,3
26386,0
26387,0
26388,4
26389,3
26390,0
26391,1
26392,4
26393,4
26394,0
26395,2
26396,1
26397,3
26398,3
26399,0
26400,1
26401,1
26402,1
26403,0
26404,0
26405,0
26406,0
26407,2
26408,3
26409,3
26410,3
26411,3
26412,2
26413,1
26414,0
26415,2
26416,1
26417,1
26418,0
26419,0
26420,0
26421,0
26422,4
26423,1
26424,2
26425,0
26426,1
26427,1
26428,3
26429,1
26430,1
26431,1
26432,1
26433,0
26434,2
26435,1
26436,4
26437,0
26438,1
26439,3
26440,1
26441,1
26442,0
26443,1
26444,0
26445,0
26446,3
26447,1
26448,1
26449,0
26450,2
26451,1
26452,0
26453,0
26454,1
26455,0
26456,2
26457,1
26458,1
26459,3
26460,3
26461,0
26462,1
26463,3
26464,4
26465,0
26466,4
26467,1
26468,3
26469,1
26470,3
26471,1
26472,3
26473,3
26474,0
26475,4
26476,4
26477,4
26478,3
26479,3
26480,2
26481,3
26482,3
26483,1
26484,1
26485,0
26486,1
26487,1
26488,0
26489,1
26490,1
26491,1
26492,0
26493,3
26494,1
26495,1
26496,1
26497,1
26498,1
26499,3
26500,0
26501,1
26502,0
26503,0
26504,1
26505,1
26506,3
26507,3
26508,1
26509,1
26510,0
26511,0
26512,3
26513,1
26514,1
26515,4
26516,0
26517,2
26518,0
26519,4
26520,5
26521,0
26522,0
26523,1
26524,1
26525,3
26526,1
26527,4
26528,2
26529,3
26530,4
26531,2
26532,0
26533,1
26534,1
26535,1
26536,1
26537,1
26538,1
26539,0
26540,1
26541,3
26542,0
26543,0
26544,0
26545,1
26546,1
26547,0
26548,3
26549,1
26550,0
26551,0
26552,3
26553,0
26554,1
26555,0
26556,1
26557,0
26558,0
26559,0
26560,2
26561,0
26562,1
26563,2
26564,1
26565,1
26566,1
26567,0
26568,3
26569,1
26570,4
26571,0
26572,2
26573,3
26574,1
26575,0
26576,1
26577,0
26578,1
26579,0
26580,0
26581,1
26582,3
26583,0
26584,3
26585,1
26586,2
26587,3
26588,2
26589,0
26590,1
26591,1
26592,0
26593,3
26594,0
26595,0
26596,4
26597,3
26598,4
26599,1
26600,3
26601,4
26602,3
26603,0
26604,4
26605,0
26606,3
26607,0
26608,1
26609,1
26610,1
26611,4
26612,3
26613,3
26614,0
26615,1
26616,1
26617,1
26618,1
26619,1
26620,4
26621,3
26622,3
26623,4
26624,0
26625,3
26626,1
26627,0
26628,0
26629,3
26630,1
26631,3
26632,1
26633,1
26634,0
26635,1
26636,1
26637,1
26638,0
26639,1
26640,2
26641,3
26642,0
26643,4
26644,1
26645,3
26646,1
26647,4
26648,0
26649,0
26650,0
26651,0
26652,0
26653,3
26654,3
26655,0
26656,4
26657,4
26658,0
26659,4
26660,0
26661,3
26662,1
26663,2
26664,1
26665,0
26666,3
26667,0
26668,4
26669,1
26670,1
26671,0
26672,4
26673,0
26674,1
26675,0
26676,3
26677,1
26678,2
26679,0
26680,0
26681,0
26682,0
26683,3
26684,0
26685,1
26686,0
26687,5
26688,2
26689,4
26690,1
26691,0
26692,1
26693,4
26694,3
26695,0
26696,0
26697,3
26698,3
26699,1
26700,3
26701,1
26702,1
26703,2
26704,5
26705,1
26706,5
26707,0
26708,0
26709,0
26710,0
26711,4
26712,1
26713,3
26714,0
26715,1
26716,2
26717,0
26718,1
26719,1
26720,1
26721,1
26722,1
26723,0
26724,0
26725,1
26726,3
26727,0
26728,0
26729,3
26730,1
26731,3
26732,0
26733,4
26734,4
26735,1
26736,1
26737,0
26738,0
26739,1
26740,0
26741,1
26742,2
26743,1
26744,0
26745,2
26746,3
26747,0
26748,2
26749,1
26750,3
26751,1
26752,0
26753,1
26754,3
26755,1
26756,1
26757,0
26758,1
26759,2
26760,2
26761,0
26762,1
26763,0
26764,0
26765,3
26766,0
26767,0
26768,0
26769,1
26770,2
26771,1
26772,4
26773,0
26774,4
26775,1
26776,5
26777,3
26778,0
26779,0
26780,3
26781,3
26782,0
26783,3
26784,1
26785,1
26786,0
26787,1
26788,3
26789,0
26790,1
26791,1
26792,3
26793,1
26794,5
26795,1
26796,0
26797,1
26798,0
26799,1
26800,3
26801,3
26802,4
26803,1
26804,1
26805,1
26806,1
26807,5
26808,1
26809,2
26810,4
26811,0
26812,1
26813,0
26814,0
26815,0
26816,0
26817,4
26818,0
26819,3
26820,1
26821,4
26822,0
26823,1
26824,0
26825,1
26826,1
26827,2
26828,0
26829,4
26830,0
26831,0
26832,3
26833,1
26834,3
26835,0
26836,0
26837,3
26838,5
26839,2
26840,1
26841,0
26842,3
26843,0
26844,0
26845,1
26846,3
26847,1
26848,2
26849,3
26850,3
26851,4
26852,4
26853,0
26854,3
26855,3
26856,3
26857,1
26858,3
26859,1
26860,1
26861,0
26862,0
26863,0
26864,0
26865,0
26866,1
26867,1
26868,4
26869,1
26870,1
26871,0
26872,4
26873,1
26874,0
26875,1
26876,4
26877,1
26878,3
26879,1
26880,2
26881,3
26882,4
26883,0
26884,1
26885,1
26886,0
26887,1
26888,0
26889,4
26890,1
26891,0
26892,1
26893,1
26894,1
26895,3
26896,0
26897,2
26898,0
26899,3
26900,1
26901,3
26902,1
26903,0
26904,1
26905,2
26906,1
26907,3
26908,0
26909,1
26910,0
26911,1
26912,1
26913,3
26914,1
26915,3
26916,4
26917,0
26918,3
26919,0
26920,5
26921,1
26922,1
26923,3
26924,1
26925,3
26926,3
26927,0
26928,1
26929,5
26930,1
26931,0
26932,3
26933,1
26934,5
26935,1
26936,1
26937,1
26938,2
26939,3
26940,2
26941,1
26942,5
26943,1
26944,4
26945,0
26946,3
26947,1
26948,3
26949,3
26950,0
26951,0
26952,0
26953,3
26954,1
26955,0
26956,0
26957,0
26958,0
26959,0
26960,1
26961,1
26962,2
26963,0
26964,1
26965,3
26966,0
26967,0
26968,0
26969,0
26970,0
26971,2
26972,3
26973,1
26974,0
26975,3
26976,0
26977,3
26978,1
26979,1
26980,1
26981,4
26982,1
26983,2
26984,1
26985,3
26986,3
26987,1
26988,1
26989,0
26990,2
26991,1
26992,0
26993,3
26994,3
26995,4
26996,1
26997,1
26998,1
26999,1
27000,0
27001,1
27002,2
27003,5
27004,1
27005,0
27006,0
27007,1
27008,2
27009,0
27010,3
27011,0
27012,2
27013,1
27014,2
27015,5
27016,1
27017,2
27018,4
27019,0
27020,0
27021,1
27022,4
27023,1
27024,3
27025,0
27026,4
27027,4
27028,3
27029,0
27030,3
27031,0
27032,3
27033,1
27034,3
27035,2
27036,1
27037,1
27038,0
27039,0
27040,1
27041,3
27042,1
27043,1
27044,0
27045,1
27046,1
27047,1
27048,0
27049,0
27050,1
27051,0
27052,0
27053,0
27054,1
27055,0
27056,1
27057,1
27058,2
27059,3
27060,0
27061,0
27062,1
27063,2
27064,2
27065,0
27066,0
27067,3
27068,3
27069,0
27070,4
27071,1
27072,0
27073,4
27074,4
27075,0
27076,3
27077,0
27078,0
27079,1
27080,3
27081,1
27082,0
27083,1
27084,1
27085,1
27086,0
27087,0
27088,0
27089,1
27090,0
27091,0
27092,0
27093,1
27094,2
27095,1
27096,0
27097,0
27098,0
27099,3
27100,1
27101,0
27102,3
27103,1
27104,4
27105,3
27106,1
27107,1
27108,0
27109,0
27110,5
27111,1
27112,2
27113,0
27114,0
27115,2
27116,3
27117,2
27118,1
27119,3
27120,0
27121,1
27122,0
27123,0
27124,0
27125,1
27126,1
27127,0
27128,0
27129,3
27130,1
27131,1
27132,1
27133,1
27134,0
27135,0
27136,1
27137,0
27138,0
27139,4
27140,0
27141,4
27142,0
27143,0
27144,1
27145,1
27146,1
27147,1
27148,1
27149,4
27150,0
27151,0
27152,3
27153,3
27154,3
27155,1
27156,0
27157,0
27158,1
27159,2
27160,3
27161,1
27162,0
27163,5
27164,0
27165,1
27166,2
27167,4
27168,3
27169,0
27170,1
27171,5
27172,1
27173,0
27174,1
27175,1
27176,0
27177,1
27178,1
27179,2
27180,1
27181,3
27182,4
27183,1
27184,0
27185,3
27186,4
27187,0
27188,0
27189,3
27190,0
27191,0
27192,3
27193,0
27194,0
27195,0
27196,5
27197,0
27198,0
27199,4
27200,0
27201,1
27202,0
27203,0
27204,1
27205,0
27206,1
27207,4
27208,0
27209,1
27210,0
27211,1
27212,0
27213,0
27214,3
27215,2
27216,3
27217,0
27218,1
27219,2
27220,4
27221,0
27222,3
27223,3
27224,1
27225,0
27226,0
27227,0
27228,0
27229,1
27230,0
27231,1
27232,4
27233,1
27234,4
27235,1
27236,2
27237,3
27238,1
27239,0
27240,0
27241,3
27242,0
27243,5
27244,1
27245,0
27246,1
27247,0
27248,3
27249,1
27250,0
27251,1
27252,1
27253,3
27254,0
27255,0
27256,2
27257,4
27258,4
27259,1
27260,1
27261,1
27262,0
27263,3
27264,3
27265,5
27266,0
27267,1
27268,0
27269,4
27270,0
27271,3
27272,0
27273,4
27274,0
27275,3
27276,4
27277,0
27278,0
27279,0
27280,1
27281,3
27282,0
27283,1
27284,4
27285,0
27286,1
27287,0
27288,0
27289,2
27290,3
27291,1
27292,0
27293,1
27294,1
27295,0
27296,3
27297,0
27298,3
27299,0
27300,3
27301,0
27302,1
27303,3
27304,1
27305,0
27306,0
27307,1
27308,3
27309,3
27310,1
27311,3
27312,5
27313,1
27314,1
27315,2
27316,1
27317,4
27318,1
27319,1
27320,1
27321,1
27322,3
27323,1
27324,0
27325,0
27326,0
27327,0
27328,3
27329,0
27330,0
27331,3
27332,1
27333,3
27334,0
27335,1
27336,1
27337,5
27338,3
27339,4
27340,3
27341,3
27342,0
27343,1
27344,1
27345,1
27346,0
27347,4
27348,1
27349,3
27350,0
27351,3
27352,0
27353,0
27354,1
27355,1
27356,1
27357,3
27358,0
27359,0
27360,2
27361,1
27362,3
27363,1
27364,4
27365,0
27366,4
27367,0
27368,0
27369,0
27370,3
27371,0
27372,1
27373,1
27374,4
27375,3
27376,1
27377,0
27378,0
27379,3
27380,1
27381,1
27382,1
27383,0
27384,0
27385,0
27386,0
27387,0
27388,1
27389,1
27390,4
27391,4
27392,0
27393,0
27394,3
27395,3
27396,4
27397,1
27398,1
27399,3
27400,3
27401,3
27402,3
27403,0
27404,5
27405,4
27406,0
27407,1
27408,3
27409,1
27410,4
27411,0
27412,3
27413,1
27414,3
27415,5
27416,0
27417,0
27418,2
27419,0
27420,2
27421,1
27422,0
27423,1
27424,1
27425,1
27426,2
27427,1
27428,3
27429,0
27430,3
27431,0
27432,3
27433,2
27434,1
27435,1
27436,1
27437,0
27438,1
27439,3
27440,0
27441,0
27442,0
27443,0
27444,5
27445,0
27446,4
27447,1
27448,0
27449,3
27450,3
27451,0
27452,4
27453,1
27454,3
27455,0
27456,1
27457,2
27458,1
27459,1
27460,0
27461,1
27462,0
27463,5
27464,1
27465,1
27466,3
27467,0
27468,0
27469,0
27470,1
27471,1
27472,1
27473,0
27474,0
27475,1
27476,1
27477,0
27478,0
27479,1
27480,1
27481,0
27482,1
27483,3
27484,0
27485,1
27486,0
27487,0
27488,0
27489,2
27490,0
27491,1
27492,1
27493,3
27494,1
27495,4
27496,1
27497,3
27498,2
27499,1
27500,3
27501,1
27502,4
27503,2
27504,1
27505,0
27506,3
27507,1
27508,1
27509,0
27510,0
27511,0
27512,1
27513,1
27514,1
27515,0
27516,3
27517,1
27518,0
27519,1
27520,0
27521,4
27522,1
27523,4
27524,4
27525,3
27526,4
27527,1
27528,4
27529,0
27530,1
27531,1
27532,1
27533,1
27534,0
27535,2
27536,0
27537,1
27538,5
27539,4
27540,0
27541,1
27542,1
27543,1
27544,4
27545,1
27546,1
27547,1
27548,5
27549,4
27550,3
27551,1
27552,0
27553,3
27554,5
27555,1
27556,0
27557,0
27558,1
27559,1
27560,3
27561,1
27562,1
27563,1
27564,1
27565,3
27566,0
27567,4
27568,1
27569,0
27570,1
27571,1
27572,1
27573,5
27574,2
27575,4
27576,0
27577,0
27578,0
27579,1
27580,1
27581,0
27582,4
27583,0
27584,0
27585,1
27586,3
27587,0
27588,1
27589,5
27590,1
27591,1
27592,0
27593,0
27594,0
27595,1
27596,0
27597,3
27598,1
27599,3
27600,1
27601,4
27602,0
27603,2
27604,0
27605,0
27606,4
27607,1
27608,0
27609,2
27610,0
27611,2
27612,0
27613,1
27614,0
27615,0
27616,0
27617,1
27618,1
27619,2
27620,3
27621,0
27622,2
27623,1
27624,1
27625,1
27626,1
27627,2
27628,3
27629,1
27630,0
27631,2
27632,0
27633,3
27634,1
27635,1
27636,1
27637,1
27638,1
27639,4
27640,3
27641,1
27642,1
27643,1
27644,1
27645,3
27646,1
27647,1
27648,4
27649,3
27650,0
27651,1
27652,1
27653,0
27654,0
27655,2
27656,2
27657,1
27658,0
27659,0
27660,1
27661,3
27662,3
27663,2
27664,5
27665,3
27666,0
27667,0
27668,0
27669,0
27670,3
27671,0
27672,0
27673,3
27674,2
27675,0
27676,1
27677,0
27678,3
27679,0
27680,4
27681,1
27682,0
27683,5
27684,1
27685,0
27686,4
27687,0
27688,1
27689,1
27690,0
27691,0
27692,3
27693,1
27694,1
27695,2
27696,1
27697,1
27698,2
27699,0
27700,4
27701,1
27702,1
27703,3
27704,0
27705,2
27706,0
27707,5
27708,1
27709,0
27710,1
27711,0
27712,1
27713,1
27714,1
27715,3
27716,2
27717,1
27718,1
27719,4
27720,3
27721,2
27722,1
27723,1
27724,0
27725,0
27726,4
27727,5
27728,2
27729,3
27730,0
27731,4
27732,3
27733,0
27734,4
27735,0
27736,3
27737,0
27738,4
27739,1
27740,1
27741,5
27742,2
27743,3
27744,2
27745,1
27746,0
27747,4
27748,1
27749,1
27750,1
27751,4
27752,0
27753,3
27754,1
27755,0
27756,0
27757,3
27758,1
27759,0
27760,0
27761,0
27762,1
27763,3
27764,1
27765,0
27766,0
27767,0
27768,0
27769,0
27770,1
27771,0
27772,0
27773,0
27774,0
27775,3
27776,0
27777,1
27778,3
27779,3
27780,1
27781,3
27782,0
27783,3
27784,1
27785,1
27786,1
27787,1
27788,1
27789,3
27790,0
27791,0
27792,3
27793,1
27794,1
27795,3
27796,1
27797,0
27798,1
27799,3
27800,0
27801,0
27802,0
27803,2
27804,4
27805,0
27806,0
27807,1
27808,0
27809,3
27810,0
27811,1
27812,3
27813,0
27814,1
27815,0
27816,3
27817,1
27818,2
27819,1
27820,3
27821,1
27822,1
27823,3
27824,1
27825,0
27826,5
27827,0
27828,2
27829,0
27830,1
27831,0
27832,3
27833,1
27834,1
27835,4
27836,1
27837,2
27838,3
27839,3
27840,2
27841,0
27842,1
27843,1
27844,0
27845,5
27846,3
27847,2
27848,1
27849,4
27850,0
27851,1
27852,0
27853,1
27854,4
27855,1
27856,0
27857,1
27858,3
27859,1
27860,1
27861,1
27862,0
27863,4
27864,1
27865,4
27866,3
27867,3
27868,1
27869,1
27870,1
27871,1
27872,0
27873,1
27874,1
27875,0
27876,4
27877,0
27878,1
27879,1
27880,0
27881,0
27882,0
27883,1
27884,1
27885,4
27886,5
27887,5
27888,1
27889,0
27890,1
27891,0
27892,0
27893,0
27894,3
27895,1
27896,0
27897,1
27898,0
27899,1
27900,1
27901,1
27902,1
27903,1
27904,3
27905,1
27906,1
27907,2
27908,0
27909,1
27910,1
27911,3
27912,0
27913,2
27914,0
27915,5
27916,4
27917,1
27918,0
27919,3
27920,1
27921,0
27922,0
27923,1
27924,4
27925,3
27926,4
27927,1
27928,3
27929,1
27930,0
27931,0
27932,1
27933,0
27934,0
27935,1
27936,3
27937,1
27938,1
27939,3
27940,0
27941,0
27942,1
27943,1
27944,1
27945,1
27946,5
27947,2
27948,3
27949,4
27950,4
27951,4
27952,0
27953,3
27954,1
27955,4
27956,1
27957,1
27958,0
27959,1
27960,3
27961,1
27962,0
27963,1
27964,0
27965,2
27966,2
27967,0
27968,3
27969,0
27970,1
27971,3
27972,0
27973,1
27974,0
27975,0
27976,5
27977,1
27978,1
27979,0
27980,0
27981,1
27982,0
27983,3
27984,3
27985,2
27986,5
27987,3
27988,1
27989,4
27990,3
27991,1
27992,0
27993,1
27994,4
27995,3
27996,0
27997,1
27998,3
27999,1
28000,0
28001,5
28002,0
28003,1
28004,0
28005,1
28006,4
28007,1
28008,1
28009,1
28010,2
28011,4
28012,0
28013,0
28014,0
28015,1
28016,2
28017,1
28018,0
28019,1
28020,1
28021,1
28022,0
28023,3
28024,1
28025,0
28026,1
28027,0
28028,3
28029,1
28030,4
28031,0
28032,1
28033,3
28034,0
28035,3
28036,4
28037,3
28038,0
28039,0
28040,0
28041,0
28042,1
28043,0
28044,1
28045,1
28046,3
28047,3
28048,1
28049,3
28050,2
28051,0
28052,3
28053,3
28054,5
28055,1
28056,3
28057,1
28058,3
28059,1
28060,0
28061,1
28062,0
28063,0
28064,0
28065,0
28066,3
28067,3
28068,1
28069,1
28070,2
28071,0
28072,0
28073,4
28074,3
28075,3
28076,3
28077,1
28078,5
28079,1
28080,1
28081,0
28082,4
28083,1
28084,1
28085,3
28086,0
28087,4
28088,0
28089,0
28090,0
28091,0
28092,5
28093,5
28094,0
28095,1
28096,1
28097,3
28098,1
28099,4
28100,1
28101,3
28102,1
28103,1
28104,1
28105,5
28106,0
28107,3
28108,0
28109,1
28110,3
28111,0
28112,2
28113,0
28114,1
28115,3
28116,4
28117,3
28118,0
28119,1
28120,3
28121,0
28122,0
28123,1
28124,5
28125,0
28126,0
28127,0
28128,1
28129,4
28130,2
28131,1
28132,1
28133,1
28134,0
28135,1
28136,1
28137,4
28138,3
28139,2
28140,0
28141,1
28142,0
28143,1
28144,1
28145,3
28146,4
28147,2
28148,2
28149,0
28150,1
28151,0
28152,3
28153,1
28154,5
28155,3
28156,0
28157,1
28158,1
28159,1
28160,3
28161,1
28162,3
28163,4
28164,0
28165,1
28166,0
28167,1
28168,1
28169,1
28170,0
28171,4
28172,1
28173,0
28174,0
28175,1
28176,4
28177,0
28178,1
28179,1
28180,0
28181,1
28182,0
28183,0
28184,1
28185,0
28186,0
28187,0
28188,3
28189,1
28190,3
28191,1
28192,1
28193,3
28194,0
28195,0
28196,1
28197,0
28198,1
28199,0
28200,0
28201,2
28202,1
28203,4
28204,4
28205,0
28206,1
28207,1
28208,1
28209,0
28210,0
28211,0
28212,1
28213,2
28214,0
28215,1
28216,1
28217,1
28218,3
28219,0
28220,1
28221,1
28222,2
28223,3
28224,1
28225,4
28226,0
28227,3
28228,1
28229,1
28230,3
28231,1
28232,0
28233,3
28234,3
28235,0
28236,4
28237,1
28238,1
28239,1
28240,3
28241,4
28242,1
28243,3
28244,2
28245,0
28246,4
28247,3
28248,4
28249,4
28250,3
28251,0
28252,1
28253,1
28254,1
28255,3
28256,0
28257,0
28258,1
28259,3
28260,2
28261,1
28262,4
28263,1
28264,0
28265,1
28266,3
28267,0
28268,2
28269,0
28270,3
28271,4
28272,3
28273,5
28274,0
28275,1
28276,1
28277,0
28278,0
28279,2
28280,0
28281,1
28282,0
28283,0
28284,3
28285,2
28286,3
28287,1
28288,1
28289,0
28290,0
28291,1
28292,3
28293,1
28294,4
28295,5
28296,0
28297,2
28298,0
28299,3
28300,0
28301,0
28302,3
28303,0
28304,1
28305,0
28306,2
28307,4
28308,1
28309,1
28310,1
28311,4
28312,0
28313,1
28314,0
28315,0
28316,4
28317,1
28318,0
28319,0
28320,1
28321,0
28322,1
28323,0
28324,0
28325,1
28326,3
28327,2
28328,3
28329,3
28330,4
28331,0
28332,1
28333,0
28334,3
28335,3
28336,0
28337,3
28338,0
28339,0
28340,4
28341,2
28342,1
28343,0
28344,4
28345,3
28346,0
28347,0
28348,1
28349,4
28350,0
28351,1
28352,1
28353,0
28354,0
28355,1
28356,1
28357,3
28358,2
28359,1
28360,0
28361,0
28362,0
28363,1
28364,1
28365,0
28366,0
28367,3
28368,4
28369,2
28370,3
28371,4
28372,1
28373,0
28374,2
28375,4
28376,2
28377,0
28378,3
28379,1
28380,1
28381,0
28382,0
28383,4
28384,1
28385,1
28386,0
28387,1
28388,3
28389,0
28390,0
28391,0
28392,1
28393,0
28394,1
28395,4
28396,0
28397,0
28398,0
28399,3
28400,0
28401,1
28402,0
28403,1
28404,0
28405,0
28406,4
28407,1
28408,1
28409,2
28410,0
28411,0
28412,1
28413,0
28414,1
28415,2
28416,3
28417,1
28418,0
28419,1
28420,1
28421,0
28422,3
28423,2
28424,0
28425,1
28426,1
28427,0
28428,1
28429,0
28430,3
28431,1
28432,0
28433,4
28434,0
28435,0
28436,3
28437,1
28438,0
28439,1
28440,3
28441,0
28442,4
28443,3
28444,1
28445,1
28446,2
28447,0
28448,0
28449,0
28450,4
28451,0
28452,1
28453,3
28454,0
28455,0
28456,0
28457,5
28458,1
28459,5
28460,4
28461,3
28462,1
28463,0
28464,0
28465,0
28466,1
28467,5
28468,0
28469,1
28470,1
28471,0
28472,3
28473,4
28474,1
28475,0
28476,0
28477,0
28478,3
28479,1
28480,5
28481,3
28482,3
28483,0
28484,1
28485,3
28486,1
28487,1
28488,5
28489,1
28490,3
28491,3
28492,0
28493,0
28494,0
28495,3
28496,3
28497,4
28498,0
28499,1
28500,2
28501,3
28502,1
28503,0
28504,1
28505,1
28506,3
28507,1
28508,0
28509,1
28510,1
28511,4
28512,4
28513,3
28514,1
28515,0
28516,3
28517,0
28518,1
28519,0
28520,1
28521,0
28522,3
28523,0
28524,0
28525,1
28526,4
28527,5
28528,0
28529,3
28530,1
28531,5
28532,1
28533,2
28534,0
28535,1
28536,4
28537,0
28538,5
28539,3
28540,3
28541,1
28542,2
28543,3
28544,0
28545,2
28546,2
28547,1
28548,3
28549,3
28550,1
28551,0
28552,0
28553,0
28554,2
28555,1
28556,1
28557,1
28558,1
28559,0
28560,1
28561,1
28562,1
28563,4
28564,1
28565,0
28566,1
28567,1
28568,1
28569,1
28570,1
28571,1
28572,1
28573,1
28574,0
28575,1
28576,1
28577,0
28578,1
28579,1
28580,1
28581,3
28582,3
28583,0
28584,4
28585,1
28586,1
28587,0
28588,3
28589,0
28590,4
28591,0
28592,0
28593,0
28594,0
28595,1
28596,5
28597,1
28598,2
28599,3
28600,3
28601,3
28602,0
28603,1
28604,3
28605,0
28606,1
28607,2
28608,1
28609,0
28610,0
28611,1
28612,0
28613,1
28614,3
28615,0
28616,3
28617,1
28618,1
28619,2
28620,3
28621,1
28622,1
28623,4
28624,4
28625,0
28626,0
28627,1
28628,1
28629,1
28630,0
28631,0
28632,0
28633,1
28634,0
28635,3
28636,4
28637,1
28638,3
28639,1
28640,0
28641,0
28642,0
28643,0
28644,1
28645,1
28646,4
28647,2
28648,0
28649,3
28650,0
28651,4
28652,3
28653,1
28654,1
28655,3
28656,0
28657,0
28658,1
28659,1
28660,3
28661,1
28662,1
28663,0
28664,3
28665,0
28666,3
28667,1
28668,0
28669,1
28670,1
28671,4
28672,5
28673,2
28674,3
28675,3
28676,1
28677,1
28678,0
28679,1
28680,1
28681,3
28682,1
28683,2
28684,1
28685,4
28686,1
28687,1
28688,1
28689,1
28690,1
28691,0
28692,0
28693,0
28694,1
28695,3
28696,3
28697,4
28698,1
28699,2
28700,3
28701,1
28702,1
28703,4
28704,5
28705,1
28706,3
28707,1
28708,4
28709,4
28710,0
28711,3
28712,1
28713,0
28714,0
28715,0
28716,0
28717,0
28718,1
28719,0
28720,0
28721,0
28722,0
28723,1
28724,0
28725,4
28726,0
28727,1
28728,3
28729,0
28730,1
28731,0
28732,3
28733,3
28734,1
28735,1
28736,3
28737,0
28738,1
28739,1
28740,0
28741,3
28742,0
28743,1
28744,1
28745,1
28746,1
28747,1
28748,0
28749,3
28750,1
28751,1
28752,0
28753,1
28754,2
28755,3
28756,1
28757,0
28758,3
28759,0
28760,1
28761,0
28762,0
28763,4
28764,1
28765,1
28766,0
28767,3
28768,1
28769,1
28770,0
28771,4
28772,0
28773,3
28774,1
28775,1
28776,1
28777,1
28778,0
28779,0
28780,3
28781,0
28782,2
28783,1
28784,3
28785,1
28786,3
28787,2
28788,1
28789,1
28790,1
28791,3
28792,1
28793,3
28794,1
28795,1
28796,3
28797,4
28798,3
28799,1
28800,0
28801,1
28802,2
28803,5
28804,4
28805,4
28806,3
28807,3
28808,1
28809,3
28810,3
28811,1
28812,4
28813,1
28814,1
28815,1
28816,1
28817,1
28818,3
28819,0
28820,4
28821,0
28822,0
28823,0
28824,0
28825,3
28826,4
28827,3
28828,0
28829,0
28830,1
28831,0
28832,1
28833,3
28834,0
28835,0
28836,0
28837,3
28838,3
28839,1
28840,0
28841,0
28842,1
28843,0
28844,3
28845,4
28846,4
28847,1
28848,3
28849,1
28850,2
28851,0
28852,2
28853,1
28854,3
28855,3
28856,1
28857,1
28858,3
28859,0
28860,0
28861,1
28862,0
28863,1
28864,1
28865,2
28866,2
28867,0
28868,1
28869,1
28870,4
28871,0
28872,0
28873,3
28874,1
28875,1
28876,4
28877,1
28878,1
28879,3
28880,4
28881,2
28882,0
28883,3
28884,0
28885,1
28886,3
28887,0
28888,4
28889,4
28890,3
28891,1
28892,1
28893,0
28894,0
28895,1
28896,1
28897,1
28898,1
28899,0
28900,3
28901,3
28902,1
28903,1
28904,1
28905,1
28906,3
28907,0
28908,0
28909,5
28910,4
28911,5
28912,0
28913,3
28914,3
28915,1
28916,0
28917,1
28918,3
28919,1
28920,4
28921,2
28922,0
28923,2
28924,0
28925,1
28926,0
28927,1
28928,0
28929,0
28930,0
28931,1
28932,3
28933,4
28934,1
28935,1
28936,3
28937,3
28938,0
28939,3
28940,1
28941,0
28942,3
28943,1
28944,1
28945,4
28946,1
28947,1
28948,1
28949,0
28950,4
28951,1
28952,1
28953,0
28954,3
28955,1
28956,0
28957,3
28958,1
28959,1
28960,0
28961,1
28962,1
28963,0
28964,1
28965,1
28966,1
28967,3
28968,3
28969,1
28970,3
28971,1
28972,2
28973,1
28974,1
28975,3
28976,0
28977,4
28978,0
28979,0
28980,0
28981,1
28982,1
28983,0
28984,3
28985,1
28986,1
28987,0
28988,1
28989,1
28990,4
28991,0
28992,0
28993,3
28994,1
28995,0
28996,1
28997,1
28998,4
28999,4
29000,0
29001,1
29002,1
29003,1
29004,1
29005,1
29006,3
29007,2
29008,0
29009,1
29010,1
29011,0
29012,2
29013,0
29014,0
29015,1
29016,1
29017,0
29018,1
29019,0
29020,0
29021,2
29022,3
29023,5
29024,3
29025,1
29026,4
29027,0
29028,0
29029,4
29030,3
29031,3
29032,3
29033,0
29034,4
29035,0
29036,1
29037,1
29038,0
29039,1
29040,3
29041,1
29042,1
29043,1
29044,0
29045,0
29046,0
29047,0
29048,3
29049,1
29050,5
29051,0
29052,4
29053,0
29054,0
29055,1
29056,0
29057,0
29058,1
29059,1
29060,1
29061,0
29062,3
29063,0
29064,1
29065,1
29066,0
29067,3
29068,0
29069,0
29070,3
29071,4
29072,0
29073,0
29074,2
29075,1
29076,3
29077,1
29078,1
29079,5
29080,3
29081,0
29082,3
29083,3
29084,3
29085,4
29086,1
29087,0
29088,0
29089,1
29090,2
29091,1
29092,0
29093,4
29094,1
29095,1
29096,3
29097,1
29098,3
29099,3
29100,0
29101,1
29102,1
29103,2
29104,3
29105,1
29106,2
29107,0
29108,1
29109,1
29110,3
29111,2
29112,0
29113,1
29114,1
29115,5
29116,1
29117,1
29118,1
29119,0
29120,3
29121,1
29122,1
29123,1
29124,4
29125,2
29126,0
29127,0
29128,0
29129,0
29130,2
29131,3
29132,5
29133,0
29134,0
29135,0
29136,0
29137,1
29138,0
29139,3
29140,1
29141,1
29142,0
29143,1
29144,1
29145,1
29146,0
29147,0
29148,3
29149,0
29150,1
29151,3
29152,1
29153,1
29154,2
29155,2
29156,1
29157,1
29158,1
29159,1
29160,3
29161,3
29162,1
29163,4
29164,3
29165,0
29166,1
29167,0
29168,3
29169,4
29170,0
29171,0
29172,3
29173,3
29174,1
29175,1
29176,1
29177,1
29178,1
29179,1
29180,0
29181,5
29182,1
29183,0
29184,3
29185,1
29186,1
29187,0
29188,1
29189,1
29190,4
29191,1
29192,0
29193,1
29194,4
29195,3
29196,1
29197,0
29198,2
29199,1
29200,3
29201,3
29202,1
29203,1
29204,5
29205,1
29206,1
29207,0
29208,1
29209,1
29210,0
29211,0
29212,1
29213,2
29214,0
29215,2
29216,1
29217,1
29218,0
29219,2
29220,3
29221,0
29222,5
29223,4
29224,1
29225,0
29226,1
29227,1
29228,1
29229,3
29230,4
29231,5
29232,4
29233,0
29234,0
29235,2
29236,1
29237,4
29238,0
29239,1
29240,0
29241,4
29242,0
29243,0
29244,1
29245,0
29246,1
29247,1
29248,3
29249,0
29250,3
29251,2
29252,1
29253,2
29254,3
29255,4
29256,3
29257,0
29258,1
29259,1
29260,0
29261,0
29262,3
29263,3
29264,0
29265,0
29266,1
29267,0
29268,1
29269,3
29270,1
29271,0
29272,3
29273,1
29274,1
29275,2
29276,2
29277,0
29278,0
29279,0
29280,0
29281,1
29282,1
29283,1
29284,0
29285,1
29286,0
29287,0
29288,1
29289,4
29290,2
29291,0
29292,0
29293,1
29294,0
29295,1
29296,0
29297,5
29298,0
29299,0
29300,1
29301,3
29302,1
29303,3
29304,1
29305,1
29306,0
29307,0
29308,2
29309,0
29310,4
29311,1
29312,3
29313,1
29314,4
29315,3
29316,0
29317,1
29318,0
29319,1
29320,1
29321,3
29322,1
29323,3
29324,2
29325,0
29326,0
29327,0
29328,0
29329,1
29330,1
29331,0
29332,1
29333,0
29334,3
29335,1
29336,2
29337,0
29338,4
29339,1
29340,2
29341,0
29342,3
29343,3
29344,0
29345,2
29346,1
29347,1
29348,0
29349,1
29350,1
29351,0
29352,2
29353,1
29354,0
29355,1
29356,4
29357,0
29358,4
29359,4
29360,3
29361,1
29362,0
29363,5
29364,1
29365,3
29366,1
29367,0
29368,1
29369,3
29370,0
29371,1
29372,1
29373,1
29374,0
29375,1
29376,3
29377,3
29378,5
29379,1
29380,1
29381,0
29382,0
29383,4
29384,1
29385,4
29386,0
29387,0
29388,1
29389,1
29390,3
29391,0
29392,0
29393,3
29394,0
29395,0
29396,1
29397,1
29398,2
29399,3
29400,0
29401,1
29402,0
29403,3
29404,3
29405,4
29406,1
29407,0
29408,3
29409,1
29410,5
29411,1
29412,0
29413,0
29414,1
29415,0
29416,1
29417,4
29418,2
29419,1
29420,3
29421,1
29422,1
29423,4
29424,0
29425,0
29426,1
29427,0
29428,0
29429,0
29430,1
29431,1
29432,4
29433,3
29434,4
29435,1
29436,1
29437,1
29438,1
29439,3
29440,1
29441,1
29442,1
29443,1
29444,0
29445,3
29446,1
29447,4
29448,0
29449,0
29450,1
29451,4
29452,3
29453,0
29454,4
29455,1
29456,0
29457,3
29458,0
29459,0
29460,1
29461,1
29462,1
29463,1
29464,1
29465,1
29466,5
29467,5
29468,1
29469,0
29470,1
29471,3
29472,0
29473,0
29474,0
29475,1
29476,0
29477,2
29478,1
29479,0
29480,3
29481,0
29482,2
29483,4
29484,2
29485,1
29486,1
29487,3
29488,1
29489,1
29490,0
29491,1
29492,1
29493,1
29494,1
29495,1
29496,3
29497,1
29498,1
29499,1
29500,0
29501,2
29502,1
29503,1
29504,1
29505,0
29506,4
29507,0
29508,1
29509,1
29510,0
29511,1
29512,0
29513,1
29514,1
29515,1
29516,3
29517,3
29518,2
29519,0
29520,0
29521,1
29522,0
29523,1
29524,0
29525,3
29526,1
29527,1
29528,0
29529,0
29530,2
29531,1
29532,1
29533,2
29534,1
29535,1
29536,0
29537,0
29538,1
29539,3
29540,1
29541,0
29542,4
29543,1
29544,1
29545,3
29546,4
29547,1
29548,1
29549,0
29550,1
29551,3
29552,1
29553,1
29554,1
29555,3
29556,3
29557,3
29558,1
29559,1
29560,1
29561,1
29562,1
29563,2
29564,1
29565,4
29566,4
29567,3
29568,1
29569,1
29570,0
29571,0
29572,1
29573,3
29574,3
29575,0
29576,3
29577,1
29578,0
29579,1
29580,3
29581,0
29582,0
29583,1
29584,0
29585,0
29586,0
29587,0
29588,1
29589,1
29590,1
29591,4
29592,3
29593,0
29594,2
29595,0
29596,1
29597,0
29598,3
29599,4
29600,1
29601,0
29602,1
29603,1
29604,2
29605,4
29606,4
29607,0
29608,1
29609,3
29610,0
29611,1
29612,1
29613,0
29614,4
29615,1
29616,1
29617,0
29618,0
29619,3
29620,1
29621,4
29622,0
29623,0
29624,0
29625,3
29626,3
29627,4
29628,1
29629,3
29630,0
29631,1
29632,3
29633,1
29634,3
29635,0
29636,0
29637,3
29638,3
29639,0
29640,1
29641,0
29642,1
29643,4
29644,1
29645,1
29646,1
29647,1
29648,2
29649,5
29650,4
29651,4
29652,0
29653,0
29654,5
29655,0
29656,0
29657,1
29658,4
29659,0
29660,0
29661,3
29662,1
29663,3
29664,1
29665,0
29666,0
29667,0
29668,0
29669,2
29670,1
29671,0
29672,1
29673,1
29674,3
29675,3
29676,1
29677,0
29678,1
29679,1
29680,0
29681,0
29682,2
29683,1
29684,1
29685,0
29686,0
29687,0
29688,0
29689,2
29690,1
29691,1
29692,0
29693,0
29694,4
29695,0
29696,1
29697,1
29698,0
29699,1
29700,0
29701,1
29702,4
29703,4
29704,1
29705,0
29706,0
29707,5
29708,3
29709,2
29710,1
29711,1
29712,1
29713,2
29714,3
29715,0
29716,2
29717,1
29718,1
29719,3
29720,1
29721,0
29722,1
29723,3
29724,0
29725,3
29726,0
29727,3
29728,1
29729,4
29730,0
29731,0
29732,3
29733,3
29734,1
29735,3
29736,1
29737,3
29738,1
29739,3
29740,3
29741,0
29742,4
29743,1
29744,4
29745,0
29746,1
29747,4
29748,1
29749,0
29750,0
29751,0
29752,1
29753,2
29754,1
29755,4
29756,2
29757,4
29758,1
29759,1
29760,3
29761,0
29762,0
29763,1
29764,1
29765,0
29766,0
29767,0
29768,2
29769,0
29770,1
29771,0
29772,0
29773,3
29774,3
29775,5
29776,0
29777,0
29778,2
29779,2
29780,4
29781,1
29782,1
29783,1
29784,3
29785,1
29786,1
29787,5
29788,0
29789,3
29790,1
29791,3
29792,0
29793,1
29794,0
29795,4
29796,0
29797,1
29798,2
29799,3
29800,4
29801,1
29802,0
29803,0
29804,1
29805,1
29806,1
29807,3
29808,1
29809,2
29810,1
29811,3
29812,3
29813,3
29814,4
29815,1
29816,0
29817,0
29818,4
29819,1
29820,1
29821,2
29822,3
29823,0
29824,4
29825,1
29826,1
29827,1
29828,1
29829,1
29830,0
29831,3
29832,1
29833,3
29834,5
29835,2
29836,0
29837,2
29838,0
29839,3
29840,1
29841,3
29842,4
29843,2
29844,3
29845,1
29846,2
29847,3
29848,4
29849,5
29850,4
29851,0
29852,0
29853,2
29854,0
29855,1
29856,2
29857,5
29858,3
29859,3
29860,1
29861,0
29862,1
29863,4
29864,3
29865,3
29866,4
29867,1
29868,1
29869,4
29870,3
29871,1
29872,3
29873,0
29874,2
29875,1
29876,4
29877,1
29878,1
29879,1
29880,4
29881,1
29882,3
29883,1
29884,3
29885,0
29886,5
29887,1
29888,3
29889,1
29890,1
29891,1
29892,1
29893,4
29894,3
29895,0
29896,3
29897,5
29898,0
29899,2
29900,3
29901,1
29902,0
29903,1
29904,1
29905,3
29906,0
29907,4
29908,4
29909,3
29910,1
29911,1
29912,1
29913,0
29914,2
29915,1
29916,3
29917,1
29918,0
29919,1
29920,0
29921,3
29922,1
29923,0
29924,0
29925,1
29926,3
29927,3
29928,1
29929,1
29930,3
29931,1
29932,3
29933,3
29934,1
29935,0
29936,3
29937,1
29938,0
29939,1
29940,0
29941,2
29942,1
29943,1
29944,1
29945,1
29946,0
29947,1
29948,3
29949,1
29950,1
29951,0
29952,0
29953,0
29954,0
29955,3
29956,3
29957,0
29958,0
29959,1
29960,1
29961,1
29962,3
29963,1
29964,4
29965,3
29966,0
29967,5
29968,1
29969,0
29970,1
29971,0
29972,1
29973,1
29974,3
29975,1
29976,1
29977,1
29978,1
29979,1
29980,5
29981,2
29982,3
29983,4
29984,1
29985,0
29986,3
29987,1
29988,1
29989,4
29990,1
29991,0
29992,5
29993,2
29994,4
29995,1
29996,0
29997,0
29998,3
29999,3
