id,label
0,1
1,1
2,0
3,5
4,1
5,4
6,0
7,2
8,1
9,1
10,4
11,0
12,1
13,0
14,5
15,0
16,0
17,1
18,1
19,3
20,0
21,0
22,2
23,1
24,1
25,0
26,1
27,1
28,4
29,1
30,2
31,3
32,1
33,1
34,0
35,0
36,1
37,1
38,0
39,0
40,1
41,3
42,4
43,3
44,1
45,0
46,0
47,0
48,3
49,0
50,1
51,1
52,0
53,1
54,1
55,1
56,1
57,4
58,2
59,0
60,1
61,1
62,0
63,0
64,3
65,5
66,4
67,0
68,3
69,1
70,1
71,0
72,1
73,1
74,0
75,1
76,0
77,3
78,1
79,0
80,0
81,1
82,0
83,1
84,1
85,4
86,0
87,1
88,0
89,3
90,0
91,2
92,1
93,0
94,0
95,4
96,1
97,4
98,4
99,2
100,0
101,1
102,0
103,0
104,1
105,3
106,0
107,1
108,1
109,0
110,0
111,0
112,0
113,0
114,5
115,1
116,1
117,1
118,1
119,1
120,3
121,1
122,1
123,1
124,0
125,3
126,1
127,1
128,0
129,0
130,0
131,1
132,2
133,0
134,2
135,3
136,0
137,1
138,0
139,4
140,1
141,1
142,3
143,1
144,0
145,1
146,0
147,0
148,1
149,0
150,1
151,0
152,1
153,0
154,3
155,1
156,3
157,1
158,3
159,0
160,3
161,0
162,4
163,0
164,0
165,1
166,2
167,0
168,0
169,4
170,0
171,0
172,0
173,1
174,1
175,4
176,2
177,0
178,1
179,1
180,1
181,1
182,0
183,0
184,1
185,1
186,0
187,1
188,0
189,2
190,3
191,1
192,0
193,0
194,1
195,1
196,0
197,4
198,4
199,0
200,1
201,1
202,2
203,1
204,5
205,0
206,1
207,4
208,0
209,0
210,1
211,1
212,2
213,1
214,3
215,1
216,0
217,0
218,0
219,0
220,0
221,1
222,0
223,2
224,1
225,3
226,0
227,0
228,1
229,1
230,3
231,0
232,1
233,0
234,1
235,1
236,0
237,1
238,0
239,3
240,0
241,0
242,1
243,3
244,2
245,0
246,0
247,2
248,0
249,3
250,1
251,0
252,0
253,1
254,3
255,1
256,1
257,0
258,3
259,0
260,5
261,1
262,0
263,0
264,4
265,1
266,1
267,0
268,1
269,2
270,1
271,2
272,0
273,0
274,1
275,0
276,1
277,1
278,0
279,1
280,1
281,1
282,0
283,3
284,1
285,0
286,1
287,1
288,0
289,0
290,1
291,1
292,1
293,1
294,4
295,0
296,0
297,0
298,0
299,1
300,0
301,1
302,1
303,2
304,2
305,0
306,1
307,0
308,2
309,0
310,1
311,1
312,0
313,0
314,1
315,1
316,0
317,1
318,4
319,3
320,2
321,0
322,1
323,1
324,1
325,0
326,0
327,1
328,3
329,3
330,4
331,4
332,3
333,1
334,3
335,0
336,1
337,0
338,1
339,0
340,0
341,2
342,0
343,0
344,0
345,1
346,2
347,0
348,1
349,0
350,3
351,1
352,4
353,1
354,4
355,4
356,2
357,5
358,1
359,1
360,0
361,4
362,3
363,0
364,0
365,0
366,1
367,0
368,1
369,1
370,0
371,0
372,4
373,1
374,1
375,1
376,1
377,0
378,0
379,4
380,0
381,0
382,2
383,1
384,0
385,4
386,1
387,5
388,1
389,0
390,3
391,0
392,1
393,4
394,5
395,1
396,0
397,1
398,1
399,4
400,3
401,4
402,1
403,1
404,3
405,5
406,3
407,1
408,3
409,1
410,0
411,1
412,0
413,0
414,0
415,4
416,3
417,0
418,1
419,1
420,1
421,0
422,5
423,2
424,1
425,0
426,0
427,3
428,1
429,3
430,2
431,0
432,0
433,4
434,0
435,1
436,4
437,0
438,1
439,0
440,0
441,0
442,4
443,0
444,1
445,1
446,1
447,0
448,2
449,5
450,1
451,1
452,5
453,0
454,0
455,4
456,1
457,4
458,4
459,1
460,1
461,4
462,4
463,1
464,1
465,0
466,3
467,1
468,0
469,0
470,0
471,0
472,3
473,1
474,0
475,0
476,1
477,1
478,3
479,1
480,1
481,1
482,0
483,0
484,1
485,0
486,0
487,1
488,5
489,1
490,1
491,0
492,0
493,0
494,1
495,1
496,2
497,1
498,0
499,2
500,2
501,1
502,3
503,1
504,1
505,0
506,1
507,1
508,1
509,1
510,2
511,0
512,2
513,3
514,1
515,1
516,0
517,4
518,3
519,0
520,1
521,1
522,4
523,1
524,1
525,4
526,1
527,2
528,2
529,0
530,0
531,0
532,2
533,0
534,5
535,0
536,1
537,1
538,1
539,4
540,3
541,2
542,0
543,4
544,1
545,3
546,1
547,0
548,3
549,1
550,1
551,2
552,1
553,0
554,2
555,0
556,1
557,4
558,4
559,1
560,1
561,0
562,0
563,4
564,0
565,2
566,0
567,1
568,0
569,2
570,4
571,0
572,1
573,1
574,0
575,1
576,0
577,1
578,3
579,0
580,1
581,1
582,0
583,1
584,0
585,1
586,2
587,3
588,1
589,0
590,0
591,3
592,0
593,2
594,1
595,1
596,1
597,1
598,1
599,1
600,1
601,3
602,0
603,2
604,1
605,0
606,1
607,0
608,1
609,1
610,1
611,0
612,0
613,0
614,1
615,0
616,1
617,1
618,1
619,1
620,4
621,3
622,0
623,3
624,0
625,0
626,0
627,1
628,2
629,4
630,0
631,3
632,2
633,0
634,1
635,1
636,1
637,2
638,1
639,0
640,4
641,4
642,1
643,3
644,1
645,0
646,1
647,2
648,0
649,2
650,0
651,3
652,0
653,0
654,2
655,0
656,0
657,2
658,1
659,1
660,2
661,4
662,0
663,3
664,0
665,1
666,3
667,0
668,1
669,3
670,1
671,0
672,1
673,1
674,0
675,0
676,0
677,0
678,1
679,1
680,0
681,0
682,1
683,1
684,1
685,3
686,1
687,0
688,1
689,1
690,0
691,4
692,1
693,0
694,2
695,0
696,1
697,3
698,0
699,2
700,1
701,1
702,4
703,0
704,1
705,0
706,1
707,0
708,3
709,1
710,2
711,4
712,3
713,4
714,1
715,0
716,3
717,1
718,3
719,1
720,1
721,0
722,1
723,4
724,4
725,4
726,0
727,1
728,1
729,1
730,4
731,4
732,1
733,4
734,0
735,0
736,2
737,0
738,1
739,3
740,1
741,3
742,4
743,1
744,1
745,0
746,4
747,0
748,1
749,1
750,0
751,0
752,0
753,0
754,3
755,4
756,0
757,1
758,1
759,0
760,0
761,0
762,1
763,1
764,0
765,1
766,0
767,3
768,3
769,0
770,0
771,1
772,4
773,0
774,0
775,3
776,1
777,4
778,4
779,0
780,2
781,3
782,0
783,1
784,3
785,0
786,3
787,0
788,3
789,1
790,1
791,3
792,0
793,0
794,3
795,1
796,1
797,0
798,0
799,1
800,1
801,3
802,5
803,3
804,4
805,0
806,1
807,3
808,1
809,5
810,1
811,1
812,1
813,0
814,1
815,1
816,0
817,3
818,5
819,4
820,1
821,0
822,3
823,1
824,1
825,3
826,1
827,5
828,1
829,0
830,0
831,1
832,1
833,3
834,3
835,3
836,3
837,1
838,1
839,4
840,5
841,0
842,0
843,1
844,0
845,4
846,1
847,0
848,0
849,0
850,1
851,4
852,1
853,0
854,1
855,0
856,1
857,1
858,1
859,0
860,1
861,0
862,3
863,0
864,0
865,0
866,0
867,3
868,3
869,0
870,0
871,1
872,1
873,0
874,1
875,1
876,0
877,0
878,0
879,3
880,1
881,1
882,0
883,0
884,0
885,0
886,1
887,0
888,0
889,1
890,0
891,2
892,0
893,0
894,0
895,0
896,5
897,2
898,1
899,0
900,1
901,1
902,1
903,0
904,3
905,1
906,1
907,1
908,2
909,1
910,0
911,1
912,1
913,0
914,1
915,0
916,0
917,1
918,1
919,5
920,1
921,1
922,0
923,0
924,4
925,2
926,0
927,1
928,1
929,0
930,0
931,0
932,1
933,4
934,1
935,3
936,0
937,4
938,1
939,0
940,2
941,1
942,0
943,3
944,1
945,0
946,0
947,0
948,1
949,0
950,1
951,4
952,1
953,3
954,0
955,0
956,5
957,0
958,0
959,1
960,1
961,0
962,1
963,4
964,1
965,1
966,1
967,5
968,0
969,4
970,1
971,3
972,0
973,1
974,0
975,3
976,1
977,3
978,1
979,1
980,1
981,3
982,0
983,1
984,3
985,2
986,1
987,3
988,3
989,0
990,1
991,0
992,0
993,0
994,1
995,0
996,0
997,1
998,0
999,0
1000,0
1001,0
1002,3
1003,2
1004,0
1005,2
1006,0
1007,4
1008,1
1009,0
1010,4
1011,1
1012,0
1013,0
1014,1
1015,0
1016,4
1017,1
1018,1
1019,4
1020,1
1021,0
1022,0
1023,1
1024,3
1025,1
1026,1
1027,1
1028,1
1029,5
1030,0
1031,1
1032,4
1033,3
1034,5
1035,1
1036,1
1037,0
1038,0
1039,1
1040,1
1041,0
1042,1
1043,0
1044,1
1045,0
1046,3
1047,4
1048,1
1049,0
1050,2
1051,1
1052,3
1053,1
1054,1
1055,1
1056,1
1057,1
1058,1
1059,0
1060,0
1061,0
1062,4
1063,0
1064,0
1065,0
1066,4
1067,2
1068,1
1069,0
1070,1
1071,0
1072,1
1073,1
1074,1
1075,4
1076,1
1077,0
1078,1
1079,0
1080,1
1081,0
1082,4
1083,1
1084,0
1085,1
1086,3
1087,1
1088,2
1089,0
1090,1
1091,0
1092,2
1093,3
1094,1
1095,1
1096,1
1097,0
1098,0
1099,1
1100,1
1101,1
1102,1
1103,1
1104,1
1105,3
1106,1
1107,1
1108,1
1109,0
1110,2
1111,1
1112,0
1113,3
1114,3
1115,2
1116,2
1117,1
1118,1
1119,0
1120,1
1121,1
1122,1
1123,0
1124,1
1125,0
1126,1
1127,0
1128,3
1129,0
1130,3
1131,0
1132,5
1133,1
1134,1
1135,3
1136,1
1137,1
1138,2
1139,5
1140,0
1141,1
1142,1
1143,4
1144,1
1145,0
1146,1
1147,1
1148,4
1149,0
1150,0
1151,1
1152,1
1153,0
1154,0
1155,1
1156,0
1157,3
1158,0
1159,3
1160,1
1161,3
1162,0
1163,0
1164,0
1165,0
1166,0
1167,1
1168,1
1169,3
1170,1
1171,1
1172,0
1173,1
1174,1
1175,1
1176,1
1177,3
1178,1
1179,0
1180,1
1181,0
1182,0
1183,1
1184,1
1185,1
1186,0
1187,1
1188,0
1189,1
1190,0
1191,2
1192,1
1193,3
1194,0
1195,0
1196,1
1197,4
1198,0
1199,3
1200,4
1201,3
1202,1
1203,0
1204,4
1205,3
1206,3
1207,0
1208,1
1209,1
1210,0
1211,5
1212,5
1213,1
1214,4
1215,1
1216,0
1217,1
1218,1
1219,1
1220,1
1221,0
1222,4
1223,0
1224,0
1225,0
1226,1
1227,1
1228,1
1229,3
1230,1
1231,3
1232,1
1233,0
1234,2
1235,1
1236,1
1237,1
1238,0
1239,2
1240,0
1241,4
1242,0
1243,1
1244,1
1245,0
1246,2
1247,1
1248,1
1249,0
1250,0
1251,3
1252,3
1253,0
1254,1
1255,1
1256,1
1257,0
1258,5
1259,0
1260,1
1261,1
1262,1
1263,2
1264,4
1265,3
1266,2
1267,1
1268,1
1269,3
1270,1
1271,4
1272,1
1273,3
1274,0
1275,1
1276,0
1277,1
1278,0
1279,1
1280,0
1281,1
1282,1
1283,4
1284,1
1285,0
1286,3
1287,0
1288,1
1289,2
1290,0
1291,2
1292,1
1293,5
1294,0
1295,1
1296,0
1297,1
1298,2
1299,3
1300,1
1301,1
1302,1
1303,4
1304,0
1305,2
1306,4
1307,0
1308,5
1309,0
1310,0
1311,4
1312,0
1313,0
1314,0
1315,2
1316,0
1317,4
1318,0
1319,0
1320,0
1321,1
1322,2
1323,1
1324,0
1325,1
1326,0
1327,1
1328,1
1329,0
1330,1
1331,0
1332,0
1333,1
1334,1
1335,1
1336,3
1337,4
1338,1
1339,1
1340,3
1341,1
1342,0
1343,4
1344,1
1345,0
1346,1
1347,0
1348,0
1349,3
1350,4
1351,0
1352,1
1353,1
1354,5
1355,3
1356,4
1357,1
1358,1
1359,1
1360,0
1361,3
1362,0
1363,1
1364,3
1365,0
1366,0
1367,4
1368,0
1369,0
1370,3
1371,3
1372,3
1373,1
1374,2
1375,1
1376,0
1377,4
1378,1
1379,3
1380,1
1381,1
1382,3
1383,1
1384,0
1385,1
1386,0
1387,3
1388,1
1389,1
1390,4
1391,1
1392,0
1393,1
1394,3
1395,2
1396,0
1397,1
1398,1
1399,0
1400,3
1401,1
1402,3
1403,0
1404,3
1405,3
1406,0
1407,1
1408,1
1409,1
1410,1
1411,1
1412,1
1413,4
1414,0
1415,0
1416,2
1417,0
1418,1
1419,1
1420,0
1421,1
1422,1
1423,1
1424,3
1425,3
1426,1
1427,2
1428,1
1429,1
1430,1
1431,1
1432,1
1433,0
1434,1
1435,2
1436,4
1437,1
1438,0
1439,1
1440,1
1441,1
1442,2
1443,1
1444,1
1445,0
1446,0
1447,1
1448,3
1449,3
1450,3
1451,1
1452,0
1453,1
1454,0
1455,2
1456,4
1457,1
1458,0
1459,0
1460,0
1461,2
1462,3
1463,1
1464,0
1465,0
1466,0
1467,1
1468,0
1469,0
1470,4
1471,0
1472,1
1473,0
1474,1
1475,1
1476,0
1477,1
1478,1
1479,0
1480,1
1481,0
1482,0
1483,0
1484,2
1485,1
1486,4
1487,1
1488,1
1489,0
1490,1
1491,3
1492,1
1493,1
1494,3
1495,1
1496,1
1497,1
1498,0
1499,2
1500,3
1501,1
1502,1
1503,0
1504,0
1505,0
1506,0
1507,0
1508,1
1509,0
1510,1
1511,0
1512,4
1513,4
1514,0
1515,4
1516,0
1517,1
1518,1
1519,1
1520,1
1521,0
1522,1
1523,1
1524,2
1525,2
1526,1
1527,0
1528,1
1529,1
1530,1
1531,3
1532,2
1533,1
1534,4
1535,1
1536,1
1537,1
1538,0
1539,1
1540,4
1541,0
1542,0
1543,2
1544,0
1545,0
1546,2
1547,0
1548,0
1549,0
1550,1
1551,0
1552,1
1553,1
1554,0
1555,1
1556,1
1557,0
1558,1
1559,0
1560,0
1561,0
1562,1
1563,0
1564,0
1565,0
1566,1
1567,0
1568,1
1569,1
1570,0
1571,1
1572,0
1573,0
1574,3
1575,0
1576,0
1577,1
1578,2
1579,3
1580,1
1581,2
1582,0
1583,3
1584,5
1585,1
1586,3
1587,1
1588,1
1589,1
1590,1
1591,0
1592,4
1593,3
1594,0
1595,3
1596,1
1597,2
1598,1
1599,0
1600,0
1601,1
1602,4
1603,0
1604,1
1605,0
1606,0
1607,0
1608,0
1609,1
1610,0
1611,0
1612,0
1613,3
1614,0
1615,1
1616,1
1617,5
1618,4
1619,1
1620,1
1621,0
1622,0
1623,0
1624,0
1625,0
1626,0
1627,2
1628,0
1629,2
1630,1
1631,0
1632,1
1633,4
1634,1
1635,3
1636,3
1637,1
1638,3
1639,2
1640,4
1641,0
1642,3
1643,0
1644,1
1645,1
1646,1
1647,2
1648,0
1649,1
1650,3
1651,1
1652,1
1653,0
1654,1
1655,2
1656,3
1657,1
1658,3
1659,1
1660,1
1661,0
1662,3
1663,0
1664,0
1665,1
1666,1
1667,0
1668,0
1669,1
1670,0
1671,0
1672,2
1673,0
1674,0
1675,3
1676,4
1677,1
1678,1
1679,2
1680,1
1681,1
1682,2
1683,1
1684,4
1685,0
1686,3
1687,1
1688,0
1689,0
1690,5
1691,4
1692,4
1693,3
1694,0
1695,1
1696,1
1697,0
1698,1
1699,3
1700,3
1701,0
1702,1
1703,1
1704,3
1705,1
1706,1
1707,0
1708,3
1709,3
1710,1
1711,0
1712,2
1713,5
1714,1
1715,1
1716,1
1717,0
1718,1
1719,0
1720,0
1721,3
1722,2
1723,1
1724,0
1725,1
1726,0
1727,1
1728,2
1729,0
1730,1
1731,4
1732,1
1733,0
1734,0
1735,3
1736,2
1737,1
1738,1
1739,0
1740,1
1741,1
1742,3
1743,1
1744,4
1745,0
1746,1
1747,4
1748,5
1749,3
1750,0
1751,0
1752,1
1753,0
1754,1
1755,1
1756,0
1757,1
1758,2
1759,0
1760,2
1761,1
1762,0
1763,1
1764,4
1765,0
1766,1
1767,1
1768,0
1769,1
1770,0
1771,1
1772,4
1773,0
1774,4
1775,3
1776,1
1777,0
1778,1
1779,0
1780,3
1781,0
1782,0
1783,3
1784,4
1785,0
1786,1
1787,1
1788,1
1789,0
1790,1
1791,4
1792,1
1793,1
1794,0
1795,0
1796,1
1797,0
1798,0
1799,0
1800,4
1801,0
1802,0
1803,1
1804,0
1805,0
1806,0
1807,1
1808,0
1809,2
1810,1
1811,2
1812,3
1813,1
1814,0
1815,1
1816,3
1817,2
1818,3
1819,1
1820,5
1821,0
1822,0
1823,0
1824,0
1825,0
1826,0
1827,0
1828,4
1829,3
1830,1
1831,1
1832,1
1833,3
1834,0
1835,0
1836,1
1837,0
1838,1
1839,4
1840,4
1841,3
1842,3
1843,0
1844,0
1845,1
1846,2
1847,1
1848,1
1849,5
1850,1
1851,3
1852,0
1853,3
1854,0
1855,1
1856,3
1857,1
1858,3
1859,1
1860,1
1861,4
1862,3
1863,0
1864,1
1865,2
1866,1
1867,0
1868,1
1869,1
1870,0
1871,3
1872,4
1873,1
1874,1
1875,1
1876,1
1877,0
1878,0
1879,0
1880,0
1881,0
1882,1
1883,3
1884,1
1885,1
1886,1
1887,1
1888,0
1889,0
1890,4
1891,1
1892,2
1893,4
1894,1
1895,0
1896,1
1897,0
1898,2
1899,0
1900,1
1901,1
1902,1
1903,0
1904,1
1905,1
1906,1
1907,1
1908,2
1909,1
1910,1
1911,0
1912,1
1913,3
1914,1
1915,1
1916,1
1917,1
1918,1
1919,1
1920,4
1921,1
1922,1
1923,0
1924,0
1925,1
1926,4
1927,1
1928,4
1929,0
1930,0
1931,0
1932,4
1933,0
1934,5
1935,0
1936,4
1937,4
1938,0
1939,1
1940,3
1941,1
1942,3
1943,1
1944,0
1945,0
1946,4
1947,3
1948,0
1949,1
1950,1
1951,0
1952,1
1953,0
1954,1
1955,1
1956,3
1957,0
1958,4
1959,0
1960,3
1961,1
1962,0
1963,0
1964,3
1965,1
1966,1
1967,0
1968,1
1969,0
1970,3
1971,0
1972,0
1973,0
1974,1
1975,0
1976,3
1977,1
1978,1
1979,1
1980,1
1981,0
1982,1
1983,4
1984,5
1985,1
1986,1
1987,1
1988,3
1989,1
1990,0
1991,3
1992,1
1993,1
1994,3
1995,1
1996,0
1997,3
1998,0
1999,2
2000,1
2001,4
2002,0
2003,0
2004,0
2005,3
2006,2
2007,2
2008,1
2009,3
2010,5
2011,1
2012,3
2013,1
2014,1
2015,0
2016,1
2017,3
2018,0
2019,1
2020,0
2021,1
2022,4
2023,3
2024,1
2025,1
2026,0
2027,1
2028,0
2029,1
2030,3
2031,1
2032,1
2033,0
2034,0
2035,0
2036,4
2037,0
2038,0
2039,0
2040,0
2041,1
2042,0
2043,0
2044,1
2045,1
2046,2
2047,0
2048,3
2049,1
2050,0
2051,2
2052,2
2053,0
2054,1
2055,0
2056,1
2057,1
2058,4
2059,0
2060,1
2061,0
2062,1
2063,0
2064,0
2065,0
2066,0
2067,0
2068,0
2069,1
2070,1
2071,1
2072,1
2073,0
2074,0
2075,3
2076,0
2077,0
2078,4
2079,1
2080,4
2081,0
2082,3
2083,3
2084,0
2085,3
2086,2
2087,3
2088,1
2089,2
2090,1
2091,1
2092,0
2093,0
2094,5
2095,1
2096,0
2097,1
2098,1
2099,2
2100,1
2101,1
2102,3
2103,3
2104,0
2105,0
2106,3
2107,0
2108,0
2109,4
2110,1
2111,1
2112,3
2113,1
2114,0
2115,1
2116,2
2117,4
2118,0
2119,0
2120,0
2121,1
2122,3
2123,0
2124,1
2125,1
2126,0
2127,3
2128,1
2129,0
2130,1
2131,3
2132,0
2133,1
2134,1
2135,3
2136,3
2137,1
2138,2
2139,0
2140,1
2141,0
2142,0
2143,1
2144,4
2145,0
2146,1
2147,1
2148,1
2149,1
2150,0
2151,1
2152,0
2153,0
2154,1
2155,3
2156,0
2157,3
2158,1
2159,0
2160,1
2161,1
2162,0
2163,1
2164,0
2165,1
2166,0
2167,1
2168,1
2169,2
2170,2
2171,3
2172,2
2173,3
2174,1
2175,1
2176,0
2177,1
2178,4
2179,3
2180,1
2181,0
2182,1
2183,1
2184,0
2185,2
2186,0
2187,1
2188,1
2189,1
2190,1
2191,0
2192,0
2193,1
2194,3
2195,1
2196,1
2197,0
2198,5
2199,2
2200,3
2201,4
2202,4
2203,1
2204,1
2205,3
2206,1
2207,3
2208,3
2209,4
2210,0
2211,0
2212,1
2213,1
2214,1
2215,0
2216,0
2217,1
2218,1
2219,0
2220,1
2221,3
2222,0
2223,3
2224,1
2225,1
2226,1
2227,0
2228,1
2229,4
2230,1
2231,1
2232,1
2233,2
2234,0
2235,2
2236,1
2237,0
2238,3
2239,0
2240,1
2241,2
2242,0
2243,5
2244,1
2245,0
2246,1
2247,3
2248,2
2249,1
2250,1
2251,3
2252,0
2253,0
2254,0
2255,1
2256,3
2257,0
2258,2
2259,3
2260,0
2261,0
2262,3
2263,0
2264,0
2265,1
2266,1
2267,0
2268,2
2269,3
2270,1
2271,0
2272,3
2273,0
2274,3
2275,3
2276,1
2277,1
2278,3
2279,1
2280,1
2281,0
2282,1
2283,1
2284,3
2285,0
2286,1
2287,1
2288,1
2289,0
2290,1
2291,0
2292,1
2293,1
2294,3
2295,3
2296,1
2297,1
2298,1
2299,1
2300,1
2301,1
2302,1
2303,0
2304,0
2305,1
2306,1
2307,0
2308,4
2309,1
2310,0
2311,0
2312,0
2313,1
2314,0
2315,3
2316,0
2317,2
2318,1
2319,3
2320,0
2321,2
2322,0
2323,0
2324,2
2325,1
2326,1
2327,1
2328,0
2329,0
2330,0
2331,1
2332,0
2333,5
2334,0
2335,2
2336,3
2337,4
2338,0
2339,0
2340,1
2341,1
2342,2
2343,0
2344,5
2345,3
2346,0
2347,0
2348,1
2349,5
2350,3
2351,1
2352,0
2353,4
2354,0
2355,1
2356,4
2357,2
2358,0
2359,1
2360,1
2361,0
2362,0
2363,1
2364,1
2365,0
2366,0
2367,1
2368,0
2369,5
2370,1
2371,3
2372,3
2373,1
2374,3
2375,0
2376,0
2377,1
2378,0
2379,3
2380,1
2381,1
2382,3
2383,0
2384,4
2385,4
2386,3
2387,0
2388,0
2389,1
2390,1
2391,2
2392,3
2393,0
2394,0
2395,1
2396,5
2397,5
2398,3
2399,0
2400,4
2401,1
2402,2
2403,4
2404,0
2405,0
2406,0
2407,3
2408,5
2409,0
2410,1
2411,1
2412,4
2413,2
2414,0
2415,0
2416,1
2417,1
2418,4
2419,4
2420,0
2421,0
2422,0
2423,2
2424,0
2425,1
2426,2
2427,0
2428,0
2429,0
2430,1
2431,1
2432,5
2433,0
2434,1
2435,0
2436,1
2437,1
2438,0
2439,1
2440,0
2441,0
2442,0
2443,0
2444,0
2445,2
2446,1
2447,0
2448,3
2449,1
2450,3
2451,1
2452,1
2453,0
2454,3
2455,0
2456,1
2457,4
2458,0
2459,4
2460,1
2461,1
2462,1
2463,3
2464,0
2465,0
2466,2
2467,4
2468,0
2469,1
2470,1
2471,1
2472,1
2473,1
2474,1
2475,1
2476,1
2477,1
2478,0
2479,3
2480,0
2481,4
2482,1
2483,0
2484,1
2485,3
2486,0
2487,1
2488,0
2489,4
2490,3
2491,1
2492,1
2493,0
2494,0
2495,0
2496,0
2497,0
2498,0
2499,2
2500,1
2501,1
2502,0
2503,1
2504,0
2505,1
2506,0
2507,3
2508,1
2509,1
2510,0
2511,3
2512,1
2513,2
2514,0
2515,1
2516,1
2517,0
2518,0
2519,1
2520,0
2521,1
2522,4
2523,0
2524,1
2525,2
2526,2
2527,0
2528,5
2529,0
2530,0
2531,3
2532,0
2533,4
2534,4
2535,0
2536,0
2537,1
2538,1
2539,0
2540,0
2541,0
2542,1
2543,4
2544,1
2545,0
2546,1
2547,0
2548,2
2549,0
2550,0
2551,1
2552,0
2553,0
2554,0
2555,4
2556,0
2557,0
2558,1
2559,1
2560,0
2561,3
2562,3
2563,2
2564,1
2565,3
2566,1
2567,1
2568,0
2569,0
2570,1
2571,4
2572,3
2573,0
2574,1
2575,1
2576,1
2577,3
2578,0
2579,5
2580,1
2581,1
2582,0
2583,0
2584,3
2585,0
2586,5
2587,1
2588,1
2589,3
2590,0
2591,0
2592,0
2593,4
2594,3
2595,0
2596,0
2597,1
2598,0
2599,1
2600,0
2601,3
2602,1
2603,4
2604,0
2605,2
2606,5
2607,1
2608,0
2609,3
2610,1
2611,1
2612,1
2613,1
2614,2
2615,0
2616,1
2617,1
2618,3
2619,0
2620,0
2621,4
2622,0
2623,0
2624,2
2625,2
2626,1
2627,1
2628,0
2629,1
2630,1
2631,3
2632,1
2633,3
2634,1
2635,1
2636,0
2637,5
2638,1
2639,1
2640,1
2641,0
2642,4
2643,0
2644,4
2645,1
2646,3
2647,0
2648,1
2649,1
2650,0
2651,4
2652,0
2653,1
2654,3
2655,0
2656,1
2657,1
2658,1
2659,0
2660,1
2661,1
2662,2
2663,0
2664,1
2665,1
2666,0
2667,3
2668,1
2669,3
2670,1
2671,0
2672,0
2673,1
2674,3
2675,1
2676,1
2677,1
2678,0
2679,3
2680,4
2681,0
2682,1
2683,0
2684,0
2685,1
2686,1
2687,4
2688,1
2689,0
2690,1
2691,1
2692,1
2693,1
2694,4
2695,1
2696,0
2697,1
2698,4
2699,1
2700,0
2701,5
2702,2
2703,5
2704,3
2705,1
2706,0
2707,0
2708,0
2709,3
2710,1
2711,1
2712,1
2713,1
2714,0
2715,0
2716,1
2717,0
2718,1
2719,0
2720,1
2721,0
2722,0
2723,1
2724,1
2725,1
2726,1
2727,1
2728,1
2729,1
2730,1
2731,2
2732,4
2733,5
2734,1
2735,1
2736,1
2737,1
2738,3
2739,1
2740,0
2741,1
2742,0
2743,1
2744,1
2745,0
2746,0
2747,3
2748,1
2749,3
2750,0
2751,1
2752,2
2753,5
2754,1
2755,0
2756,4
2757,0
2758,1
2759,4
2760,1
2761,2
2762,1
2763,1
2764,0
2765,0
2766,1
2767,0
2768,0
2769,1
2770,1
2771,1
2772,4
2773,1
2774,1
2775,0
2776,1
2777,1
2778,0
2779,3
2780,1
2781,0
2782,1
2783,1
2784,1
2785,1
2786,0
2787,2
2788,1
2789,1
2790,0
2791,1
2792,1
2793,1
2794,3
2795,1
2796,1
2797,1
2798,3
2799,1
2800,1
2801,1
2802,3
2803,1
2804,1
2805,1
2806,1
2807,4
2808,1
2809,2
2810,0
2811,1
2812,0
2813,0
2814,1
2815,1
2816,1
2817,3
2818,1
2819,0
2820,1
2821,0
2822,3
2823,0
2824,0
2825,0
2826,0
2827,0
2828,1
2829,0
2830,0
2831,0
2832,1
2833,1
2834,4
2835,3
2836,1
2837,1
2838,0
2839,1
2840,0
2841,1
2842,3
2843,0
2844,0
2845,4
2846,0
2847,0
2848,0
2849,3
2850,1
2851,4
2852,1
2853,4
2854,0
2855,1
2856,1
2857,0
2858,1
2859,0
2860,1
2861,0
2862,1
2863,1
2864,0
2865,3
2866,1
2867,1
2868,4
2869,0
2870,0
2871,1
2872,3
2873,3
2874,0
2875,1
2876,4
2877,0
2878,1
2879,4
2880,0
2881,2
2882,0
2883,1
2884,4
2885,4
2886,0
2887,1
2888,0
2889,1
2890,0
2891,2
2892,0
2893,1
2894,0
2895,1
2896,1
2897,0
2898,4
2899,0
2900,1
2901,1
2902,3
2903,2
2904,1
2905,1
2906,0
2907,4
2908,1
2909,0
2910,0
2911,0
2912,1
2913,0
2914,1
2915,0
2916,0
2917,0
2918,4
2919,2
2920,0
2921,2
2922,3
2923,1
2924,1
2925,4
2926,1
2927,1
2928,1
2929,3
2930,3
2931,4
2932,4
2933,3
2934,1
2935,0
2936,0
2937,5
2938,0
2939,1
2940,0
2941,0
2942,0
2943,1
2944,0
2945,0
2946,0
2947,0
2948,1
2949,2
2950,1
2951,0
2952,1
2953,3
2954,1
2955,1
2956,1
2957,1
2958,4
2959,0
2960,4
2961,5
2962,0
2963,0
2964,3
2965,0
2966,1
2967,2
2968,1
2969,2
2970,3
2971,1
2972,0
2973,1
2974,3
2975,0
2976,4
2977,0
2978,4
2979,0
2980,5
2981,1
2982,1
2983,0
2984,0
2985,0
2986,0
2987,0
2988,1
2989,4
2990,0
2991,0
2992,1
2993,1
2994,0
2995,3
2996,1
2997,4
2998,1
2999,1
3000,3
3001,0
3002,0
3003,1
3004,1
3005,0
3006,3
3007,1
3008,1
3009,2
3010,1
3011,1
3012,0
3013,1
3014,4
3015,4
3016,5
3017,1
3018,1
3019,0
3020,0
3021,3
3022,0
3023,0
3024,0
3025,3
3026,3
3027,3
3028,4
3029,1
3030,0
3031,1
3032,0
3033,1
3034,1
3035,3
3036,3
3037,0
3038,1
3039,0
3040,1
3041,5
3042,0
3043,1
3044,1
3045,4
3046,0
3047,0
3048,3
3049,0
3050,4
3051,0
3052,1
3053,1
3054,1
3055,1
3056,0
3057,0
3058,3
3059,4
3060,1
3061,1
3062,1
3063,0
3064,1
3065,0
3066,0
3067,0
3068,1
3069,0
3070,1
3071,3
3072,1
3073,1
3074,1
3075,3
3076,1
3077,0
3078,1
3079,2
3080,1
3081,0
3082,0
3083,0
3084,0
3085,0
3086,0
3087,1
3088,1
3089,3
3090,1
3091,3
3092,0
3093,1
3094,0
3095,4
3096,3
3097,0
3098,4
3099,2
3100,0
3101,1
3102,1
3103,0
3104,0
3105,1
3106,4
3107,0
3108,4
3109,0
3110,0
3111,1
3112,3
3113,0
3114,1
3115,4
3116,5
3117,0
3118,3
3119,0
3120,0
3121,1
3122,4
3123,0
3124,3
3125,3
3126,4
3127,2
3128,4
3129,0
3130,2
3131,0
3132,1
3133,1
3134,1
3135,1
3136,4
3137,1
3138,0
3139,1
3140,3
3141,0
3142,2
3143,1
3144,1
3145,0
3146,0
3147,4
3148,0
3149,1
3150,0
3151,0
3152,1
3153,1
3154,4
3155,0
3156,2
3157,5
3158,4
3159,1
3160,2
3161,3
3162,1
3163,1
3164,0
3165,1
3166,1
3167,1
3168,1
3169,1
3170,1
3171,3
3172,3
3173,1
3174,1
3175,1
3176,1
3177,5
3178,5
3179,0
3180,3
3181,1
3182,2
3183,1
3184,0
3185,4
3186,5
3187,0
3188,3
3189,0
3190,0
3191,0
3192,0
3193,1
3194,3
3195,0
3196,2
3197,0
3198,0
3199,3
3200,1
3201,4
3202,1
3203,4
3204,0
3205,4
3206,0
3207,1
3208,0
3209,1
3210,0
3211,0
3212,1
3213,1
3214,3
3215,1
3216,4
3217,0
3218,1
3219,0
3220,0
3221,3
3222,3
3223,1
3224,3
3225,0
3226,4
3227,0
3228,0
3229,0
3230,0
3231,1
3232,3
3233,0
3234,0
3235,0
3236,4
3237,0
3238,1
3239,0
3240,1
3241,0
3242,1
3243,1
3244,3
3245,0
3246,1
3247,0
3248,0
3249,4
3250,0
3251,0
3252,0
3253,1
3254,1
3255,0
3256,5
3257,3
3258,1
3259,1
3260,1
3261,5
3262,1
3263,3
3264,0
3265,0
3266,1
3267,0
3268,1
3269,1
3270,0
3271,1
3272,0
3273,1
3274,4
3275,4
3276,0
3277,1
3278,1
3279,1
3280,1
3281,0
3282,0
3283,0
3284,0
3285,3
3286,3
3287,2
3288,4
3289,0
3290,2
3291,0
3292,1
3293,0
3294,2
3295,1
3296,1
3297,1
3298,3
3299,4
3300,1
3301,3
3302,1
3303,0
3304,3
3305,4
3306,0
3307,1
3308,4
3309,0
3310,0
3311,3
3312,0
3313,0
3314,0
3315,3
3316,5
3317,1
3318,0
3319,0
3320,0
3321,3
3322,1
3323,3
3324,4
3325,0
3326,0
3327,3
3328,1
3329,1
3330,0
3331,0
3332,1
3333,2
3334,1
3335,0
3336,1
3337,1
3338,4
3339,2
3340,0
3341,0
3342,4
3343,3
3344,3
3345,0
3346,4
3347,0
3348,4
3349,0
3350,1
3351,0
3352,4
3353,1
3354,0
3355,1
3356,0
3357,1
3358,5
3359,1
3360,1
3361,0
3362,0
3363,1
3364,4
3365,0
3366,0
3367,2
3368,3
3369,1
3370,3
3371,1
3372,1
3373,3
3374,4
3375,1
3376,0
3377,1
3378,0
3379,1
3380,3
3381,4
3382,1
3383,0
3384,5
3385,5
3386,2
3387,1
3388,1
3389,4
3390,3
3391,0
3392,0
3393,0
3394,4
3395,1
3396,0
3397,1
3398,1
3399,1
3400,4
3401,3
3402,1
3403,0
3404,3
3405,3
3406,0
3407,1
3408,0
3409,1
3410,1
3411,1
3412,2
3413,0
3414,1
3415,1
3416,2
3417,1
3418,1
3419,1
3420,1
3421,1
3422,0
3423,0
3424,1
3425,1
3426,0
3427,3
3428,4
3429,0
3430,5
3431,3
3432,0
3433,3
3434,1
3435,1
3436,0
3437,1
3438,0
3439,0
3440,4
3441,0
3442,1
3443,1
3444,0
3445,0
3446,1
3447,0
3448,1
3449,4
3450,4
3451,1
3452,1
3453,1
3454,0
3455,1
3456,0
3457,0
3458,4
3459,4
3460,4
3461,0
3462,4
3463,1
3464,3
3465,0
3466,0
3467,0
3468,0
3469,0
3470,3
3471,1
3472,0
3473,0
3474,3
3475,1
3476,1
3477,3
3478,1
3479,2
3480,0
3481,0
3482,0
3483,1
3484,2
3485,0
3486,0
3487,1
3488,3
3489,3
3490,1
3491,0
3492,3
3493,0
3494,1
3495,1
3496,0
3497,3
3498,2
3499,1
3500,4
3501,3
3502,0
3503,1
3504,0
3505,0
3506,0
3507,0
3508,1
3509,1
3510,0
3511,1
3512,1
3513,1
3514,1
3515,2
3516,4
3517,4
3518,1
3519,3
3520,4
3521,1
3522,3
3523,1
3524,1
3525,1
3526,0
3527,2
3528,3
3529,2
3530,4
3531,4
3532,1
3533,1
3534,1
3535,1
3536,0
3537,1
3538,1
3539,0
3540,1
3541,1
3542,1
3543,4
3544,0
3545,4
3546,1
3547,2
3548,1
3549,1
3550,1
3551,1
3552,2
3553,1
3554,1
3555,0
3556,4
3557,1
3558,1
3559,1
3560,1
3561,0
3562,1
3563,4
3564,1
3565,2
3566,4
3567,1
3568,0
3569,4
3570,0
3571,4
3572,2
3573,1
3574,1
3575,1
3576,0
3577,2
3578,2
3579,1
3580,0
3581,0
3582,1
3583,0
3584,1
3585,4
3586,1
3587,0
3588,2
3589,3
3590,0
3591,1
3592,1
3593,1
3594,0
3595,0
3596,1
3597,2
3598,4
3599,0
3600,1
3601,4
3602,3
3603,1
3604,3
3605,4
3606,0
3607,0
3608,1
3609,4
3610,0
3611,1
3612,1
3613,0
3614,1
3615,0
3616,4
3617,1
3618,1
3619,3
3620,1
3621,2
3622,0
3623,5
3624,2
3625,4
3626,0
3627,0
3628,0
3629,3
3630,1
3631,0
3632,4
3633,5
3634,1
3635,0
3636,4
3637,1
3638,3
3639,3
3640,5
3641,4
3642,0
3643,0
3644,0
3645,1
3646,3
3647,4
3648,0
3649,0
3650,0
3651,0
3652,1
3653,1
3654,3
3655,4
3656,1
3657,0
3658,0
3659,0
3660,0
3661,2
3662,1
3663,0
3664,2
3665,2
3666,3
3667,1
3668,0
3669,1
3670,1
3671,1
3672,1
3673,0
3674,0
3675,1
3676,2
3677,0
3678,1
3679,5
3680,1
3681,0
3682,0
3683,1
3684,0
3685,1
3686,5
3687,1
3688,0
3689,0
3690,1
3691,1
3692,1
3693,0
3694,0
3695,3
3696,1
3697,1
3698,4
3699,3
3700,5
3701,1
3702,0
3703,0
3704,0
3705,4
3706,4
3707,1
3708,1
3709,1
3710,5
3711,1
3712,1
3713,1
3714,1
3715,1
3716,1
3717,0
3718,1
3719,3
3720,0
3721,2
3722,0
3723,2
3724,1
3725,0
3726,0
3727,0
3728,0
3729,5
3730,0
3731,1
3732,1
3733,0
3734,0
3735,4
3736,1
3737,1
3738,2
3739,1
3740,3
3741,0
3742,0
3743,1
3744,0
3745,4
3746,0
3747,1
3748,2
3749,0
3750,1
3751,1
3752,3
3753,0
3754,1
3755,0
3756,2
3757,1
3758,1
3759,1
3760,2
3761,5
3762,1
3763,4
3764,1
3765,3
3766,1
3767,3
3768,5
3769,4
3770,0
3771,1
3772,1
3773,1
3774,1
3775,1
3776,3
3777,2
3778,4
3779,0
3780,1
3781,0
3782,0
3783,1
3784,0
3785,0
3786,1
3787,0
3788,5
3789,1
3790,1
3791,0
3792,2
3793,1
3794,4
3795,2
3796,0
3797,1
3798,2
3799,1
3800,3
3801,0
3802,1
3803,3
3804,4
3805,1
3806,1
3807,4
3808,2
3809,4
3810,3
3811,1
3812,1
3813,1
3814,0
3815,1
3816,1
3817,0
3818,1
3819,3
3820,1
3821,4
3822,1
3823,1
3824,1
3825,3
3826,1
3827,0
3828,0
3829,0
3830,1
3831,0
3832,0
3833,1
3834,0
3835,1
3836,1
3837,3
3838,0
3839,0
3840,0
3841,0
3842,0
3843,1
3844,1
3845,0
3846,1
3847,0
3848,1
3849,0
3850,1
3851,1
3852,1
3853,0
3854,1
3855,0
3856,4
3857,0
3858,0
3859,0
3860,0
3861,4
3862,4
3863,0
3864,1
3865,1
3866,1
3867,4
3868,0
3869,0
3870,1
3871,1
3872,1
3873,0
3874,0
3875,2
3876,1
3877,2
3878,1
3879,4
3880,1
3881,1
3882,1
3883,1
3884,1
3885,3
3886,4
3887,1
3888,1
3889,1
3890,1
3891,4
3892,0
3893,1
3894,0
3895,3
3896,1
3897,0
3898,0
3899,1
3900,0
3901,1
3902,4
3903,4
3904,0
3905,0
3906,3
3907,5
3908,1
3909,5
3910,0
3911,0
3912,2
3913,1
3914,1
3915,0
3916,4
3917,3
3918,1
3919,1
3920,1
3921,1
3922,0
3923,0
3924,0
3925,1
3926,0
3927,1
3928,1
3929,1
3930,0
3931,4
3932,0
3933,0
3934,1
3935,0
3936,1
3937,0
3938,1
3939,0
3940,1
3941,2
3942,1
3943,3
3944,1
3945,1
3946,1
3947,0
3948,0
3949,0
3950,2
3951,3
3952,0
3953,1
3954,1
3955,1
3956,1
3957,3
3958,1
3959,0
3960,1
3961,0
3962,1
3963,1
3964,1
3965,1
3966,0
3967,1
3968,1
3969,1
3970,0
3971,1
3972,2
3973,1
3974,0
3975,1
3976,1
3977,1
3978,1
3979,0
3980,0
3981,1
3982,0
3983,3
3984,1
3985,0
3986,1
3987,0
3988,1
3989,0
3990,1
3991,4
3992,4
3993,0
3994,0
3995,0
3996,0
3997,1
3998,0
3999,3
4000,1
4001,1
4002,1
4003,1
4004,1
4005,2
4006,0
4007,3
4008,3
4009,2
4010,1
4011,0
4012,5
4013,1
4014,1
4015,1
4016,1
4017,3
4018,4
4019,2
4020,3
4021,1
4022,1
4023,1
4024,1
4025,2
4026,0
4027,0
4028,0
4029,0
4030,1
4031,3
4032,1
4033,1
4034,1
4035,0
4036,1
4037,1
4038,1
4039,5
4040,0
4041,0
4042,3
4043,3
4044,0
4045,1
4046,1
4047,1
4048,1
4049,3
4050,2
4051,5
4052,1
4053,0
4054,1
4055,1
4056,2
4057,0
4058,3
4059,4
4060,1
4061,4
4062,4
4063,4
4064,1
4065,0
4066,1
4067,4
4068,1
4069,1
4070,0
4071,1
4072,1
4073,1
4074,3
4075,1
4076,0
4077,4
4078,3
4079,1
4080,1
4081,3
4082,0
4083,3
4084,0
4085,0
4086,1
4087,3
4088,1
4089,5
4090,1
4091,1
4092,4
4093,1
4094,1
4095,3
4096,1
4097,5
4098,2
4099,4
4100,1
4101,1
4102,3
4103,0
4104,4
4105,1
4106,1
4107,0
4108,1
4109,0
4110,0
4111,0
4112,1
4113,0
4114,1
4115,0
4116,1
4117,1
4118,4
4119,4
4120,1
4121,1
4122,3
4123,1
4124,0
4125,0
4126,0
4127,2
4128,1
4129,1
4130,0
4131,2
4132,0
4133,1
4134,3
4135,1
4136,0
4137,1
4138,2
4139,1
4140,0
4141,1
4142,0
4143,1
4144,1
4145,1
4146,4
4147,3
4148,0
4149,3
4150,0
4151,0
4152,0
4153,2
4154,0
4155,0
4156,1
4157,0
4158,5
4159,1
4160,1
4161,1
4162,4
4163,0
4164,3
4165,1
4166,3
4167,1
4168,0
4169,0
4170,1
4171,0
4172,4
4173,2
4174,0
4175,1
4176,0
4177,2
4178,1
4179,2
4180,1
4181,0
4182,1
4183,3
4184,0
4185,0
4186,0
4187,3
4188,1
4189,1
4190,1
4191,4
4192,4
4193,3
4194,0
4195,3
4196,1
4197,1
4198,1
4199,0
4200,5
4201,0
4202,5
4203,1
4204,0
4205,1
4206,3
4207,0
4208,1
4209,1
4210,3
4211,3
4212,4
4213,1
4214,1
4215,1
4216,0
4217,0
4218,2
4219,0
4220,0
4221,3
4222,3
4223,1
4224,2
4225,0
4226,1
4227,1
4228,1
4229,0
4230,0
4231,2
4232,1
4233,3
4234,0
4235,0
4236,0
4237,0
4238,1
4239,4
4240,3
4241,2
4242,1
4243,0
4244,0
4245,0
4246,5
4247,0
4248,2
4249,0
4250,1
4251,1
4252,3
4253,1
4254,3
4255,0
4256,1
4257,2
4258,0
4259,0
4260,3
4261,1
4262,3
4263,2
4264,1
4265,5
4266,1
4267,4
4268,0
4269,2
4270,0
4271,1
4272,1
4273,1
4274,0
4275,3
4276,1
4277,1
4278,1
4279,1
4280,1
4281,1
4282,3
4283,0
4284,1
4285,1
4286,0
4287,3
4288,0
4289,1
4290,1
4291,1
4292,3
4293,0
4294,1
4295,4
4296,3
4297,1
4298,1
4299,3
4300,2
4301,1
4302,0
4303,1
4304,1
4305,0
4306,1
4307,1
4308,1
4309,0
4310,0
4311,0
4312,1
4313,1
4314,1
4315,1
4316,1
4317,1
4318,0
4319,3
4320,0
4321,1
4322,0
4323,0
4324,1
4325,4
4326,0
4327,3
4328,0
4329,5
4330,1
4331,1
4332,3
4333,5
4334,4
4335,3
4336,1
4337,0
4338,3
4339,1
4340,3
4341,0
4342,1
4343,0
4344,2
4345,0
4346,3
4347,3
4348,0
4349,0
4350,1
4351,3
4352,0
4353,0
4354,3
4355,1
4356,1
4357,0
4358,1
4359,1
4360,1
4361,3
4362,1
4363,4
4364,2
4365,1
4366,0
4367,2
4368,0
4369,4
4370,1
4371,1
4372,0
4373,0
4374,1
4375,0
4376,1
4377,3
4378,0
4379,3
4380,1
4381,0
4382,0
4383,2
4384,0
4385,0
4386,0
4387,0
4388,1
4389,1
4390,0
4391,1
4392,4
4393,1
4394,1
4395,3
4396,1
4397,0
4398,1
4399,0
4400,1
4401,1
4402,0
4403,4
4404,3
4405,3
4406,0
4407,1
4408,1
4409,4
4410,1
4411,2
4412,1
4413,3
4414,0
4415,0
4416,1
4417,1
4418,3
4419,0
4420,1
4421,1
4422,1
4423,4
4424,3
4425,3
4426,0
4427,0
4428,3
4429,0
4430,1
4431,1
4432,0
4433,3
4434,1
4435,4
4436,1
4437,0
4438,1
4439,1
4440,0
4441,1
4442,0
4443,1
4444,0
4445,0
4446,1
4447,1
4448,1
4449,0
4450,1
4451,0
4452,1
4453,1
4454,0
4455,4
4456,0
4457,1
4458,0
4459,0
4460,3
4461,1
4462,1
4463,1
4464,4
4465,0
4466,0
4467,0
4468,0
4469,1
4470,2
4471,1
4472,0
4473,0
4474,0
4475,1
4476,0
4477,1
4478,0
4479,2
4480,0
4481,0
4482,0
4483,3
4484,1
4485,0
4486,0
4487,2
4488,0
4489,1
4490,1
4491,1
4492,1
4493,0
4494,1
4495,1
4496,1
4497,1
4498,1
4499,0
4500,3
4501,3
4502,1
4503,1
4504,3
4505,0
4506,1
4507,0
4508,1
4509,1
4510,4
4511,0
4512,3
4513,1
4514,4
4515,3
4516,1
4517,0
4518,0
4519,4
4520,0
4521,0
4522,1
4523,2
4524,4
4525,0
4526,0
4527,0
4528,0
4529,0
4530,1
4531,0
4532,0
4533,1
4534,1
4535,2
4536,1
4537,0
4538,0
4539,0
4540,2
4541,1
4542,0
4543,0
4544,3
4545,0
4546,1
4547,1
4548,0
4549,0
4550,0
4551,0
4552,1
4553,3
4554,5
4555,0
4556,0
4557,4
4558,1
4559,0
4560,4
4561,4
4562,1
4563,2
4564,1
4565,3
4566,2
4567,3
4568,1
4569,3
4570,2
4571,1
4572,1
4573,0
4574,4
4575,0
4576,4
4577,1
4578,1
4579,0
4580,0
4581,0
4582,1
4583,3
4584,3
4585,1
4586,1
4587,0
4588,0
4589,0
4590,0
4591,0
4592,3
4593,0
4594,0
4595,0
4596,4
4597,1
4598,1
4599,0
4600,1
4601,1
4602,1
4603,0
4604,0
4605,1
4606,1
4607,0
4608,0
4609,1
4610,1
4611,0
4612,3
4613,1
4614,1
4615,1
4616,1
4617,0
4618,0
4619,3
4620,1
4621,0
4622,0
4623,0
4624,3
4625,0
4626,1
4627,0
4628,1
4629,0
4630,0
4631,1
4632,0
4633,0
4634,1
4635,0
4636,5
4637,1
4638,0
4639,1
4640,1
4641,0
4642,0
4643,0
4644,2
4645,4
4646,0
4647,0
4648,0
4649,4
4650,4
4651,0
4652,2
4653,1
4654,0
4655,5
4656,3
4657,0
4658,1
4659,2
4660,0
4661,1
4662,1
4663,0
4664,1
4665,1
4666,1
4667,0
4668,1
4669,1
4670,1
4671,1
4672,0
4673,2
4674,1
4675,1
4676,1
4677,1
4678,1
4679,3
4680,3
4681,0
4682,1
4683,1
4684,1
4685,0
4686,1
4687,0
4688,1
4689,1
4690,3
4691,0
4692,4
4693,4
4694,0
4695,1
4696,1
4697,1
4698,3
4699,3
4700,0
4701,4
4702,0
4703,1
4704,0
4705,1
4706,1
4707,3
4708,1
4709,0
4710,1
4711,1
4712,1
4713,4
4714,1
4715,0
4716,1
4717,0
4718,1
4719,0
4720,0
4721,1
4722,3
4723,0
4724,0
4725,1
4726,3
4727,0
4728,1
4729,1
4730,1
4731,0
4732,1
4733,1
4734,0
4735,0
4736,2
4737,0
4738,1
4739,1
4740,1
4741,3
4742,3
4743,1
4744,3
4745,1
4746,3
4747,0
4748,0
4749,0
4750,0
4751,0
4752,1
4753,1
4754,1
4755,1
4756,0
4757,4
4758,0
4759,4
4760,2
4761,4
4762,1
4763,1
4764,1
4765,0
4766,5
4767,3
4768,0
4769,1
4770,1
4771,1
4772,5
4773,3
4774,3
4775,0
4776,0
4777,1
4778,1
4779,2
4780,1
4781,3
4782,3
4783,0
4784,0
4785,1
4786,1
4787,1
4788,1
4789,1
4790,3
4791,4
4792,0
4793,1
4794,0
4795,0
4796,0
4797,1
4798,0
4799,4
4800,0
4801,0
4802,0
4803,0
4804,0
4805,4
4806,1
4807,2
4808,1
4809,1
4810,0
4811,1
4812,3
4813,1
4814,3
4815,1
4816,2
4817,1
4818,1
4819,0
4820,0
4821,0
4822,0
4823,0
4824,0
4825,1
4826,0
4827,0
4828,4
4829,0
4830,0
4831,1
4832,3
4833,3
4834,3
4835,5
4836,1
4837,3
4838,0
4839,2
4840,3
4841,1
4842,0
4843,1
4844,0
4845,0
4846,3
4847,0
4848,1
4849,1
4850,1
4851,4
4852,1
4853,1
4854,0
4855,4
4856,3
4857,0
4858,1
4859,0
4860,0
4861,3
4862,3
4863,3
4864,1
4865,3
4866,0
4867,1
4868,3
4869,0
4870,0
4871,0
4872,0
4873,1
4874,1
4875,1
4876,0
4877,3
4878,1
4879,0
4880,1
4881,0
4882,2
4883,2
4884,1
4885,0
4886,0
4887,0
4888,0
4889,1
4890,1
4891,0
4892,5
4893,3
4894,0
4895,3
4896,0
4897,1
4898,1
4899,1
4900,1
4901,1
4902,0
4903,0
4904,1
4905,0
4906,0
4907,0
4908,1
4909,4
4910,3
4911,1
4912,1
4913,0
4914,1
4915,0
4916,0
4917,0
4918,2
4919,1
4920,1
4921,0
4922,0
4923,1
4924,1
4925,0
4926,2
4927,1
4928,0
4929,0
4930,0
4931,2
4932,3
4933,4
4934,3
4935,3
4936,1
4937,2
4938,1
4939,0
4940,1
4941,3
4942,1
4943,0
4944,3
4945,5
4946,0
4947,4
4948,1
4949,1
4950,3
4951,1
4952,1
4953,0
4954,0
4955,4
4956,0
4957,1
4958,1
4959,1
4960,0
4961,3
4962,1
4963,1
4964,0
4965,1
4966,2
4967,1
4968,0
4969,4
4970,1
4971,0
4972,1
4973,0
4974,0
4975,3
4976,1
4977,0
4978,1
4979,1
4980,2
4981,0
4982,0
4983,2
4984,3
4985,1
4986,2
4987,1
4988,1
4989,3
4990,0
4991,0
4992,0
4993,1
4994,3
4995,1
4996,4
4997,0
4998,1
4999,1
5000,3
5001,5
5002,3
5003,0
5004,1
5005,1
5006,2
5007,3
5008,0
5009,0
5010,3
5011,1
5012,1
5013,1
5014,1
5015,1
5016,1
5017,5
5018,0
5019,3
5020,3
5021,0
5022,0
5023,1
5024,1
5025,1
5026,4
5027,4
5028,1
5029,0
5030,1
5031,0
5032,1
5033,3
5034,2
5035,0
5036,1
5037,1
5038,1
5039,1
5040,1
5041,4
5042,0
5043,1
5044,1
5045,0
5046,0
5047,1
5048,1
5049,0
5050,1
5051,1
5052,3
5053,1
5054,1
5055,3
5056,1
5057,1
5058,1
5059,3
5060,0
5061,3
5062,4
5063,1
5064,0
5065,1
5066,3
5067,1
5068,0
5069,2
5070,4
5071,0
5072,0
5073,1
5074,1
5075,2
5076,3
5077,0
5078,4
5079,0
5080,3
5081,1
5082,0
5083,1
5084,3
5085,3
5086,0
5087,0
5088,1
5089,0
5090,0
5091,3
5092,1
5093,1
5094,0
5095,5
5096,1
5097,1
5098,0
5099,0
5100,1
5101,3
5102,4
5103,0
5104,0
5105,1
5106,1
5107,2
5108,1
5109,1
5110,1
5111,1
5112,2
5113,0
5114,1
5115,1
5116,0
5117,4
5118,0
5119,0
5120,0
5121,0
5122,3
5123,0
5124,4
5125,1
5126,0
5127,0
5128,1
5129,0
5130,0
5131,1
5132,1
5133,0
5134,0
5135,0
5136,1
5137,0
5138,4
5139,0
5140,1
5141,0
5142,1
5143,2
5144,1
5145,1
5146,1
5147,1
5148,1
5149,4
5150,4
5151,4
5152,4
5153,0
5154,4
5155,1
5156,0
5157,1
5158,1
5159,0
5160,3
5161,1
5162,1
5163,5
5164,4
5165,3
5166,3
5167,3
5168,0
5169,0
5170,0
5171,0
5172,1
5173,0
5174,0
5175,0
5176,4
5177,1
5178,1
5179,1
5180,3
5181,0
5182,1
5183,0
5184,1
5185,0
5186,0
5187,0
5188,0
5189,0
5190,1
5191,0
5192,0
5193,2
5194,0
5195,0
5196,0
5197,3
5198,4
5199,1
5200,5
5201,1
5202,0
5203,1
5204,3
5205,1
5206,1
5207,1
5208,0
5209,0
5210,0
5211,1
5212,1
5213,4
5214,1
5215,0
5216,1
5217,0
5218,1
5219,0
5220,0
5221,1
5222,1
5223,1
5224,1
5225,1
5226,0
5227,0
5228,0
5229,3
5230,0
5231,0
5232,4
5233,4
5234,3
5235,1
5236,1
5237,0
5238,1
5239,5
5240,0
5241,1
5242,2
5243,1
5244,2
5245,1
5246,0
5247,1
5248,0
5249,4
5250,1
5251,4
5252,1
5253,1
5254,1
5255,5
5256,0
5257,1
5258,2
5259,1
5260,4
5261,1
5262,1
5263,0
5264,0
5265,3
5266,3
5267,0
5268,3
5269,2
5270,1
5271,0
5272,1
5273,1
5274,5
5275,0
5276,2
5277,1
5278,4
5279,0
5280,3
5281,0
5282,0
5283,0
5284,1
5285,1
5286,1
5287,0
5288,1
5289,1
5290,3
5291,1
5292,5
5293,1
5294,3
5295,0
5296,0
5297,0
5298,0
5299,3
5300,1
5301,1
5302,1
5303,0
5304,3
5305,0
5306,1
5307,0
5308,1
5309,1
5310,0
5311,4
5312,0
5313,4
5314,4
5315,1
5316,0
5317,3
5318,0
5319,0
5320,2
5321,1
5322,3
5323,1
5324,4
5325,3
5326,1
5327,2
5328,1
5329,1
5330,0
5331,2
5332,1
5333,1
5334,1
5335,0
5336,1
5337,3
5338,0
5339,0
5340,2
5341,0
5342,0
5343,0
5344,0
5345,1
5346,2
5347,0
5348,1
5349,2
5350,1
5351,3
5352,0
5353,1
5354,1
5355,0
5356,1
5357,4
5358,2
5359,1
5360,1
5361,3
5362,0
5363,0
5364,0
5365,5
5366,4
5367,0
5368,0
5369,0
5370,1
5371,0
5372,0
5373,0
5374,4
5375,0
5376,1
5377,1
5378,0
5379,1
5380,0
5381,0
5382,2
5383,0
5384,0
5385,2
5386,1
5387,0
5388,1
5389,1
5390,1
5391,0
5392,2
5393,1
5394,0
5395,1
5396,0
5397,1
5398,0
5399,0
5400,1
5401,3
5402,0
5403,2
5404,0
5405,5
5406,0
5407,0
5408,1
5409,1
5410,0
5411,4
5412,4
5413,4
5414,0
5415,1
5416,0
5417,1
5418,1
5419,0
5420,1
5421,0
5422,2
5423,0
5424,0
5425,4
5426,1
5427,1
5428,0
5429,1
5430,4
5431,1
5432,1
5433,1
5434,0
5435,1
5436,1
5437,1
5438,1
5439,1
5440,3
5441,1
5442,0
5443,3
5444,0
5445,1
5446,3
5447,0
5448,1
5449,5
5450,1
5451,0
5452,5
5453,0
5454,1
5455,1
5456,4
5457,0
5458,1
5459,1
5460,1
5461,0
5462,0
5463,1
5464,1
5465,0
5466,1
5467,3
5468,2
5469,0
5470,3
5471,1
5472,0
5473,1
5474,1
5475,0
5476,0
5477,1
5478,4
5479,0
5480,0
5481,0
5482,3
5483,4
5484,1
5485,0
5486,1
5487,1
5488,1
5489,1
5490,0
5491,1
5492,0
5493,0
5494,0
5495,0
5496,2
5497,1
5498,1
5499,1
5500,1
5501,0
5502,1
5503,0
5504,1
5505,1
5506,0
5507,0
5508,0
5509,0
5510,1
5511,0
5512,1
5513,0
5514,1
5515,0
5516,1
5517,3
5518,3
5519,0
5520,1
5521,4
5522,4
5523,0
5524,1
5525,2
5526,1
5527,1
5528,0
5529,2
5530,1
5531,0
5532,2
5533,2
5534,3
5535,1
5536,0
5537,1
5538,2
5539,1
5540,1
5541,1
5542,2
5543,3
5544,0
5545,1
5546,0
5547,1
5548,1
5549,4
5550,0
5551,0
5552,1
5553,1
5554,4
5555,0
5556,1
5557,4
5558,1
5559,3
5560,3
5561,0
5562,0
5563,1
5564,1
5565,0
5566,1
5567,0
5568,3
5569,1
5570,3
5571,1
5572,1
5573,1
5574,0
5575,1
5576,1
5577,1
5578,3
5579,1
5580,3
5581,3
5582,1
5583,1
5584,0
5585,0
5586,1
5587,0
5588,3
5589,1
5590,1
5591,1
5592,1
5593,1
5594,0
5595,5
5596,0
5597,3
5598,0
5599,5
5600,1
5601,4
5602,1
5603,4
5604,0
5605,3
5606,0
5607,0
5608,1
5609,1
5610,1
5611,1
5612,4
5613,1
5614,3
5615,4
5616,0
5617,0
5618,4
5619,0
5620,1
5621,3
5622,0
5623,0
5624,3
5625,1
5626,1
5627,1
5628,4
5629,1
5630,0
5631,1
5632,4
5633,0
5634,1
5635,3
5636,0
5637,3
5638,1
5639,1
5640,1
5641,0
5642,0
5643,1
5644,1
5645,4
5646,0
5647,1
5648,0
5649,0
5650,1
5651,3
5652,3
5653,1
5654,2
5655,2
5656,4
5657,3
5658,5
5659,3
5660,0
5661,1
5662,1
5663,0
5664,1
5665,4
5666,0
5667,4
5668,0
5669,3
5670,5
5671,0
5672,0
5673,0
5674,1
5675,1
5676,2
5677,1
5678,5
5679,2
5680,2
5681,4
5682,3
5683,1
5684,0
5685,0
5686,0
5687,3
5688,0
5689,0
5690,4
5691,4
5692,3
5693,0
5694,0
5695,1
5696,0
5697,0
5698,1
5699,0
5700,1
5701,0
5702,3
5703,3
5704,0
5705,4
5706,1
5707,0
5708,0
5709,1
5710,1
5711,0
5712,0
5713,3
5714,1
5715,0
5716,2
5717,1
5718,1
5719,1
5720,0
5721,1
5722,1
5723,4
5724,1
5725,1
5726,2
5727,1
5728,1
5729,5
5730,1
5731,1
5732,4
5733,2
5734,5
5735,1
5736,1
5737,0
5738,1
5739,2
5740,1
5741,0
5742,2
5743,3
5744,0
5745,0
5746,0
5747,0
5748,0
5749,1
5750,1
5751,0
5752,0
5753,1
5754,1
5755,2
5756,0
5757,1
5758,1
5759,1
5760,0
5761,1
5762,1
5763,1
5764,0
5765,1
5766,3
5767,3
5768,2
5769,4
5770,0
5771,1
5772,0
5773,3
5774,4
5775,1
5776,0
5777,1
5778,1
5779,1
5780,2
5781,0
5782,0
5783,3
5784,0
5785,2
5786,0
5787,1
5788,3
5789,0
5790,1
5791,0
5792,1
5793,0
5794,1
5795,1
5796,0
5797,1
5798,4
5799,1
5800,0
5801,1
5802,1
5803,2
5804,2
5805,0
5806,2
5807,1
5808,1
5809,1
5810,2
5811,2
5812,1
5813,3
5814,3
5815,1
5816,0
5817,1
5818,1
5819,4
5820,1
5821,0
5822,2
5823,1
5824,1
5825,0
5826,1
5827,1
5828,2
5829,0
5830,1
5831,0
5832,1
5833,3
5834,1
5835,1
5836,2
5837,0
5838,0
5839,3
5840,0
5841,1
5842,0
5843,1
5844,2
5845,1
5846,0
5847,0
5848,0
5849,1
5850,0
5851,0
5852,1
5853,1
5854,4
5855,1
5856,0
5857,0
5858,5
5859,1
5860,1
5861,5
5862,1
5863,0
5864,1
5865,2
5866,1
5867,1
5868,0
5869,1
5870,4
5871,0
5872,1
5873,4
5874,1
5875,1
5876,0
5877,0
5878,0
5879,0
5880,1
5881,0
5882,3
5883,4
5884,3
5885,3
5886,3
5887,1
5888,1
5889,1
5890,0
5891,1
5892,4
5893,4
5894,0
5895,2
5896,4
5897,0
5898,0
5899,1
5900,4
5901,3
5902,4
5903,1
5904,4
5905,0
5906,1
5907,1
5908,1
5909,1
5910,4
5911,0
5912,0
5913,1
5914,0
5915,0
5916,0
5917,1
5918,3
5919,0
5920,1
5921,3
5922,0
5923,1
5924,3
5925,2
5926,1
5927,1
5928,2
5929,2
5930,1
5931,0
5932,1
5933,0
5934,1
5935,1
5936,0
5937,1
5938,1
5939,1
5940,3
5941,1
5942,1
5943,0
5944,0
5945,0
5946,2
5947,0
5948,1
5949,2
5950,1
5951,0
5952,0
5953,3
5954,0
5955,0
5956,0
5957,4
5958,1
5959,1
5960,1
5961,1
5962,0
5963,3
5964,0
5965,1
5966,1
5967,1
5968,0
5969,1
5970,1
5971,0
5972,0
5973,1
5974,1
5975,1
5976,0
5977,1
5978,0
5979,0
5980,5
5981,1
5982,0
5983,1
5984,3
5985,3
5986,0
5987,4
5988,1
5989,3
5990,0
5991,1
5992,1
5993,1
5994,1
5995,0
5996,4
5997,0
5998,0
5999,3
6000,4
6001,3
6002,0
6003,0
6004,0
6005,1
6006,4
6007,2
6008,0
6009,1
6010,4
6011,3
6012,0
6013,0
6014,3
6015,3
6016,1
6017,0
6018,1
6019,1
6020,0
6021,2
6022,0
6023,1
6024,1
6025,0
6026,2
6027,3
6028,0
6029,1
6030,0
6031,0
6032,1
6033,0
6034,0
6035,0
6036,1
6037,1
6038,1
6039,0
6040,4
6041,1
6042,0
6043,0
6044,0
6045,1
6046,1
6047,0
6048,0
6049,0
6050,0
6051,2
6052,0
6053,4
6054,5
6055,2
6056,0
6057,1
6058,0
6059,0
6060,1
6061,0
6062,5
6063,2
6064,3
6065,2
6066,0
6067,0
6068,3
6069,0
6070,0
6071,1
6072,0
6073,4
6074,2
6075,0
6076,1
6077,0
6078,1
6079,3
6080,2
6081,1
6082,1
6083,3
6084,1
6085,1
6086,1
6087,0
6088,0
6089,0
6090,1
6091,3
6092,0
6093,0
6094,1
6095,0
6096,3
6097,2
6098,1
6099,1
6100,0
6101,3
6102,1
6103,1
6104,0
6105,0
6106,1
6107,2
6108,1
6109,3
6110,0
6111,4
6112,4
6113,1
6114,0
6115,4
6116,1
6117,0
6118,1
6119,0
6120,1
6121,0
6122,4
6123,1
6124,4
6125,4
6126,2
6127,1
6128,0
6129,1
6130,0
6131,1
6132,0
6133,1
6134,1
6135,0
6136,1
6137,1
6138,0
6139,0
6140,0
6141,0
6142,0
6143,1
6144,0
6145,0
6146,0
6147,0
6148,3
6149,0
6150,1
6151,3
6152,0
6153,2
6154,2
6155,5
6156,1
6157,3
6158,1
6159,3
6160,1
6161,5
6162,0
6163,1
6164,1
6165,1
6166,1
6167,0
6168,0
6169,0
6170,1
6171,4
6172,0
6173,0
6174,2
6175,0
6176,1
6177,3
6178,0
6179,2
6180,0
6181,3
6182,1
6183,0
6184,0
6185,2
6186,0
6187,4
6188,1
6189,1
6190,0
6191,1
6192,1
6193,2
6194,4
6195,1
6196,0
6197,0
6198,2
6199,1
6200,1
6201,1
6202,3
6203,1
6204,1
6205,0
6206,1
6207,0
6208,1
6209,3
6210,0
6211,1
6212,2
6213,1
6214,0
6215,1
6216,2
6217,0
6218,3
6219,1
6220,3
6221,1
6222,4
6223,0
6224,2
6225,0
6226,1
6227,3
6228,1
6229,2
6230,0
6231,1
6232,3
6233,1
6234,0
6235,1
6236,0
6237,2
6238,0
6239,1
6240,0
6241,1
6242,1
6243,1
6244,0
6245,4
6246,4
6247,0
6248,0
6249,4
6250,0
6251,1
6252,3
6253,0
6254,0
6255,0
6256,0
6257,4
6258,2
6259,3
6260,1
6261,0
6262,3
6263,0
6264,4
6265,1
6266,0
6267,1
6268,1
6269,4
6270,3
6271,1
6272,4
6273,1
6274,4
6275,1
6276,0
6277,0
6278,2
6279,0
6280,0
6281,2
6282,0
6283,2
6284,2
6285,0
6286,0
6287,1
6288,1
6289,5
6290,0
6291,1
6292,0
6293,2
6294,1
6295,2
6296,4
6297,1
6298,3
6299,1
6300,1
6301,0
6302,1
6303,1
6304,5
6305,1
6306,0
6307,1
6308,4
6309,1
6310,1
6311,1
6312,3
6313,0
6314,2
6315,1
6316,0
6317,3
6318,1
6319,1
6320,1
6321,0
6322,1
6323,0
6324,0
6325,5
6326,4
6327,0
6328,3
6329,5
6330,1
6331,1
6332,0
6333,1
6334,0
6335,1
6336,1
6337,1
6338,1
6339,4
6340,4
6341,3
6342,0
6343,1
6344,1
6345,1
6346,0
6347,0
6348,0
6349,1
6350,3
6351,0
6352,1
6353,0
6354,4
6355,0
6356,1
6357,0
6358,2
6359,4
6360,0
6361,1
6362,0
6363,4
6364,0
6365,1
6366,3
6367,0
6368,1
6369,0
6370,0
6371,1
6372,3
6373,0
6374,4
6375,2
6376,0
6377,5
6378,0
6379,2
6380,1
6381,0
6382,3
6383,2
6384,3
6385,3
6386,0
6387,1
6388,2
6389,0
6390,0
6391,1
6392,0
6393,0
6394,1
6395,1
6396,3
6397,2
6398,3
6399,0
6400,1
6401,0
6402,3
6403,1
6404,1
6405,1
6406,1
6407,2
6408,1
6409,5
6410,0
6411,1
6412,2
6413,0
6414,2
6415,1
6416,0
6417,0
6418,1
6419,1
6420,1
6421,1
6422,5
6423,1
6424,1
6425,1
6426,1
6427,4
6428,1
6429,0
6430,3
6431,0
6432,0
6433,3
6434,2
6435,0
6436,1
6437,4
6438,0
6439,4
6440,0
6441,1
6442,2
6443,0
6444,0
6445,1
6446,0
6447,1
6448,1
6449,1
6450,1
6451,1
6452,1
6453,4
6454,1
6455,0
6456,1
6457,4
6458,1
6459,0
6460,4
6461,0
6462,0
6463,1
6464,1
6465,1
6466,0
6467,0
6468,4
6469,1
6470,0
6471,0
6472,0
6473,4
6474,0
6475,3
6476,1
6477,3
6478,5
6479,1
6480,1
6481,1
6482,4
6483,0
6484,1
6485,0
6486,1
6487,1
6488,1
6489,0
6490,0
6491,1
6492,2
6493,0
6494,2
6495,3
6496,3
6497,1
6498,4
6499,1
6500,2
6501,1
6502,1
6503,1
6504,3
6505,1
6506,0
6507,1
6508,4
6509,0
6510,3
6511,3
6512,3
6513,4
6514,1
6515,1
6516,0
6517,3
6518,1
6519,3
6520,1
6521,1
6522,0
6523,1
6524,1
6525,4
6526,0
6527,0
6528,1
6529,3
6530,1
6531,0
6532,1
6533,1
6534,0
6535,1
6536,1
6537,0
6538,1
6539,0
6540,1
6541,1
6542,4
6543,1
6544,0
6545,0
6546,0
6547,1
6548,1
6549,2
6550,1
6551,3
6552,1
6553,0
6554,2
6555,3
6556,0
6557,3
6558,1
6559,0
6560,1
6561,0
6562,1
6563,3
6564,1
6565,0
6566,0
6567,3
6568,1
6569,1
6570,4
6571,0
6572,1
6573,1
6574,1
6575,0
6576,1
6577,1
6578,1
6579,1
6580,1
6581,1
6582,0
6583,1
6584,0
6585,1
6586,0
6587,4
6588,1
6589,2
6590,0
6591,0
6592,0
6593,0
6594,0
6595,5
6596,0
6597,1
6598,0
6599,3
6600,4
6601,4
6602,1
6603,1
6604,4
6605,0
6606,2
6607,2
6608,1
6609,1
6610,1
6611,0
6612,2
6613,1
6614,0
6615,0
6616,0
6617,3
6618,4
6619,1
6620,3
6621,1
6622,1
6623,1
6624,1
6625,2
6626,1
6627,0
6628,3
6629,0
6630,0
6631,1
6632,0
6633,4
6634,2
6635,1
6636,3
6637,4
6638,1
6639,1
6640,1
6641,0
6642,1
6643,0
6644,1
6645,4
6646,4
6647,1
6648,1
6649,0
6650,3
6651,0
6652,1
6653,1
6654,0
6655,0
6656,0
6657,0
6658,0
6659,1
6660,0
6661,4
6662,0
6663,0
6664,4
6665,3
6666,2
6667,4
6668,1
6669,1
6670,0
6671,1
6672,1
6673,4
6674,2
6675,3
6676,0
6677,0
6678,1
6679,0
6680,2
6681,1
6682,0
6683,1
6684,3
6685,1
6686,0
6687,4
6688,1
6689,1
6690,1
6691,2
6692,1
6693,2
6694,0
6695,2
6696,0
6697,2
6698,1
6699,1
6700,1
6701,1
6702,5
6703,0
6704,0
6705,0
6706,0
6707,0
6708,3
6709,0
6710,3
6711,0
6712,0
6713,0
6714,1
6715,1
6716,1
6717,1
6718,1
6719,1
6720,3
6721,2
6722,0
6723,3
6724,0
6725,1
6726,1
6727,3
6728,3
6729,0
6730,0
6731,1
6732,1
6733,1
6734,4
6735,1
6736,1
6737,0
6738,4
6739,0
6740,2
6741,0
6742,0
6743,0
6744,0
6745,3
6746,3
6747,0
6748,4
6749,1
6750,3
6751,3
6752,2
6753,2
6754,1
6755,0
6756,1
6757,3
6758,3
6759,0
6760,1
6761,4
6762,3
6763,1
6764,0
6765,1
6766,1
6767,1
6768,4
6769,0
6770,0
6771,1
6772,0
6773,0
6774,0
6775,0
6776,0
6777,3
6778,0
6779,2
6780,0
6781,0
6782,0
6783,0
6784,1
6785,0
6786,1
6787,1
6788,2
6789,0
6790,0
6791,2
6792,1
6793,0
6794,0
6795,0
6796,0
6797,0
6798,4
6799,2
6800,1
6801,0
6802,1
6803,0
6804,0
6805,1
6806,1
6807,1
6808,1
6809,0
6810,4
6811,1
6812,0
6813,1
6814,1
6815,1
6816,0
6817,1
6818,1
6819,0
6820,4
6821,0
6822,0
6823,1
6824,0
6825,2
6826,0
6827,1
6828,1
6829,2
6830,1
6831,1
6832,0
6833,0
6834,1
6835,4
6836,3
6837,1
6838,0
6839,4
6840,0
6841,3
6842,1
6843,0
6844,1
6845,0
6846,0
6847,5
6848,1
6849,1
6850,0
6851,4
6852,0
6853,3
6854,0
6855,0
6856,1
6857,4
6858,0
6859,1
6860,0
6861,1
6862,1
6863,1
6864,1
6865,1
6866,1
6867,2
6868,1
6869,1
6870,1
6871,1
6872,0
6873,1
6874,1
6875,4
6876,0
6877,5
6878,1
6879,0
6880,1
6881,1
6882,1
6883,1
6884,1
6885,1
6886,3
6887,2
6888,1
6889,2
6890,1
6891,0
6892,1
6893,1
6894,0
6895,4
6896,1
6897,1
6898,4
6899,0
6900,0
6901,0
6902,1
6903,1
6904,0
6905,0
6906,0
6907,2
6908,1
6909,0
6910,5
6911,0
6912,1
6913,5
6914,1
6915,2
6916,1
6917,3
6918,1
6919,3
6920,3
6921,0
6922,0
6923,1
6924,1
6925,1
6926,2
6927,4
6928,1
6929,3
6930,4
6931,0
6932,1
6933,1
6934,1
6935,4
6936,1
6937,4
6938,0
6939,1
6940,3
6941,0
6942,3
6943,3
6944,5
6945,1
6946,0
6947,1
6948,0
6949,1
6950,0
6951,0
6952,3
6953,1
6954,1
6955,0
6956,4
6957,1
6958,3
6959,1
6960,1
6961,1
6962,0
6963,1
6964,0
6965,0
6966,1
6967,0
6968,4
6969,0
6970,1
6971,1
6972,3
6973,0
6974,0
6975,4
6976,1
6977,0
6978,0
6979,4
6980,2
6981,3
6982,0
6983,0
6984,1
6985,4
6986,1
6987,0
6988,0
6989,2
6990,4
6991,0
6992,0
6993,1
6994,3
6995,0
6996,0
6997,0
6998,0
6999,0
7000,0
7001,3
7002,1
7003,2
7004,0
7005,1
7006,0
7007,1
7008,0
7009,1
7010,1
7011,3
7012,1
7013,0
7014,1
7015,1
7016,1
7017,1
7018,1
7019,1
7020,0
7021,1
7022,0
7023,1
7024,1
7025,2
7026,1
7027,2
7028,2
7029,1
7030,2
7031,3
7032,0
7033,0
7034,4
7035,0
7036,1
7037,4
7038,3
7039,0
7040,1
7041,2
7042,1
7043,1
7044,3
7045,1
7046,1
7047,3
7048,1
7049,3
7050,4
7051,1
7052,0
7053,1
7054,2
7055,0
7056,1
7057,1
7058,1
7059,4
7060,5
7061,1
7062,2
7063,2
7064,0
7065,0
7066,1
7067,1
7068,5
7069,1
7070,2
7071,4
7072,1
7073,0
7074,1
7075,5
7076,1
7077,4
7078,3
7079,1
7080,1
7081,0
7082,0
7083,1
7084,1
7085,1
7086,1
7087,0
7088,3
7089,0
7090,0
7091,1
7092,3
7093,3
7094,3
7095,5
7096,0
7097,0
7098,0
7099,4
7100,0
7101,1
7102,0
7103,0
7104,0
7105,4
7106,4
7107,1
7108,4
7109,1
7110,1
7111,1
7112,2
7113,1
7114,0
7115,0
7116,1
7117,1
7118,1
7119,0
7120,1
7121,4
7122,0
7123,1
7124,2
7125,2
7126,1
7127,1
7128,1
7129,1
7130,3
7131,0
7132,0
7133,1
7134,1
7135,0
7136,0
7137,1
7138,3
7139,0
7140,0
7141,1
7142,1
7143,1
7144,5
7145,1
7146,0
7147,1
7148,3
7149,2
7150,1
7151,0
7152,0
7153,1
7154,0
7155,1
7156,0
7157,1
7158,0
7159,4
7160,1
7161,3
7162,4
7163,0
7164,0
7165,1
7166,0
7167,1
7168,0
7169,1
7170,1
7171,1
7172,1
7173,1
7174,1
7175,2
7176,1
7177,1
7178,1
7179,1
7180,1
7181,1
7182,2
7183,1
7184,0
7185,0
7186,1
7187,1
7188,0
7189,1
7190,4
7191,0
7192,2
7193,0
7194,0
7195,3
7196,3
7197,1
7198,3
7199,3
7200,0
7201,1
7202,0
7203,4
7204,3
7205,0
7206,1
7207,0
7208,1
7209,1
7210,1
7211,0
7212,3
7213,0
7214,0
7215,0
7216,1
7217,0
7218,0
7219,0
7220,1
7221,1
7222,0
7223,0
7224,1
7225,0
7226,3
7227,1
7228,1
7229,1
7230,1
7231,3
7232,1
7233,1
7234,1
7235,0
7236,0
7237,0
7238,1
7239,0
7240,0
7241,1
7242,0
7243,4
7244,1
7245,1
7246,1
7247,0
7248,1
7249,0
7250,0
7251,5
7252,3
7253,1
7254,1
7255,3
7256,1
7257,1
7258,2
7259,0
7260,0
7261,0
7262,1
7263,3
7264,0
7265,1
7266,1
7267,2
7268,1
7269,1
7270,3
7271,0
7272,1
7273,3
7274,0
7275,1
7276,3
7277,1
7278,4
7279,0
7280,1
7281,1
7282,1
7283,1
7284,1
7285,3
7286,0
7287,1
7288,4
7289,1
7290,1
7291,0
7292,0
7293,1
7294,0
7295,0
7296,0
7297,1
7298,1
7299,0
7300,1
7301,1
7302,1
7303,1
7304,2
7305,1
7306,2
7307,0
7308,0
7309,1
7310,4
7311,5
7312,0
7313,4
7314,1
7315,1
7316,1
7317,1
7318,2
7319,0
7320,2
7321,0
7322,4
7323,0
7324,1
7325,0
7326,1
7327,0
7328,0
7329,1
7330,0
7331,1
7332,1
7333,0
7334,3
7335,1
7336,0
7337,3
7338,1
7339,1
7340,0
7341,1
7342,3
7343,2
7344,0
7345,1
7346,0
7347,1
7348,1
7349,1
7350,3
7351,1
7352,1
7353,1
7354,1
7355,1
7356,1
7357,1
7358,0
7359,3
7360,0
7361,0
7362,1
7363,0
7364,1
7365,0
7366,1
7367,2
7368,4
7369,2
7370,1
7371,4
7372,2
7373,4
7374,3
7375,0
7376,1
7377,1
7378,3
7379,1
7380,0
7381,2
7382,1
7383,1
7384,1
7385,0
7386,2
7387,1
7388,1
7389,4
7390,1
7391,1
7392,2
7393,4
7394,0
7395,1
7396,0
7397,3
7398,1
7399,1
7400,4
7401,2
7402,1
7403,1
7404,1
7405,1
7406,1
7407,1
7408,2
7409,1
7410,3
7411,1
7412,0
7413,1
7414,3
7415,0
7416,2
7417,1
7418,1
7419,1
7420,0
7421,3
7422,4
7423,1
7424,0
7425,1
7426,1
7427,1
7428,0
7429,2
7430,1
7431,3
7432,0
7433,0
7434,0
7435,0
7436,3
7437,0
7438,1
7439,0
7440,1
7441,2
7442,1
7443,0
7444,1
7445,1
7446,0
7447,2
7448,1
7449,1
7450,1
7451,0
7452,2
7453,5
7454,2
7455,0
7456,3
7457,0
7458,0
7459,1
7460,1
7461,0
7462,0
7463,1
7464,3
7465,0
7466,0
7467,1
7468,0
7469,0
7470,0
7471,0
7472,0
7473,0
7474,1
7475,0
7476,2
7477,3
7478,1
7479,0
7480,1
7481,4
7482,4
7483,0
7484,0
7485,1
7486,0
7487,1
7488,1
7489,1
7490,0
7491,1
7492,0
7493,1
7494,1
7495,0
7496,0
7497,2
7498,0
7499,1
7500,2
7501,0
7502,4
7503,0
7504,1
7505,1
7506,0
7507,4
7508,1
7509,1
7510,1
7511,3
7512,0
7513,0
7514,0
7515,2
7516,0
7517,1
7518,1
7519,0
7520,1
7521,1
7522,5
7523,1
7524,1
7525,0
7526,1
7527,0
7528,1
7529,1
7530,3
7531,1
7532,3
7533,2
7534,1
7535,0
7536,0
7537,1
7538,0
7539,0
7540,3
7541,0
7542,1
7543,0
7544,1
7545,0
7546,3
7547,1
7548,0
7549,5
7550,1
7551,1
7552,3
7553,0
7554,1
7555,0
7556,2
7557,3
7558,0
7559,5
7560,1
7561,1
7562,1
7563,0
7564,1
7565,1
7566,4
7567,3
7568,1
7569,1
7570,0
7571,3
7572,4
7573,0
7574,0
7575,3
7576,4
7577,0
7578,3
7579,0
7580,3
7581,2
7582,0
7583,2
7584,0
7585,3
7586,0
7587,3
7588,0
7589,1
7590,3
7591,2
7592,3
7593,0
7594,1
7595,0
7596,0
7597,1
7598,0
7599,0
7600,3
7601,1
7602,1
7603,1
7604,0
7605,1
7606,1
7607,0
7608,2
7609,1
7610,1
7611,0
7612,1
7613,0
7614,3
7615,1
7616,1
7617,1
7618,0
7619,1
7620,1
7621,0
7622,1
7623,5
7624,1
7625,0
7626,0
7627,1
7628,1
7629,1
7630,5
7631,1
7632,1
7633,0
7634,0
7635,4
7636,1
7637,1
7638,0
7639,4
7640,1
7641,0
7642,1
7643,0
7644,2
7645,2
7646,3
7647,0
7648,3
7649,0
7650,1
7651,1
7652,0
7653,0
7654,0
7655,1
7656,1
7657,1
7658,1
7659,0
7660,3
7661,1
7662,4
7663,4
7664,1
7665,1
7666,3
7667,4
7668,1
7669,2
7670,1
7671,1
7672,0
7673,4
7674,3
7675,1
7676,0
7677,1
7678,0
7679,1
7680,0
7681,0
7682,0
7683,0
7684,1
7685,4
7686,0
7687,2
7688,2
7689,0
7690,5
7691,3
7692,2
7693,0
7694,0
7695,1
7696,0
7697,1
7698,0
7699,4
7700,0
7701,3
7702,0
7703,1
7704,1
7705,0
7706,1
7707,0
7708,1
7709,4
7710,1
7711,0
7712,1
7713,0
7714,1
7715,4
7716,1
7717,1
7718,1
7719,0
7720,1
7721,0
7722,1
7723,1
7724,5
7725,3
7726,1
7727,1
7728,4
7729,0
7730,1
7731,2
7732,3
7733,0
7734,0
7735,4
7736,1
7737,1
7738,4
7739,0
7740,4
7741,5
7742,4
7743,0
7744,1
7745,0
7746,1
7747,1
7748,0
7749,0
7750,1
7751,1
7752,4
7753,1
7754,0
7755,1
7756,4
7757,2
7758,1
7759,0
7760,4
7761,3
7762,1
7763,5
7764,1
7765,1
7766,1
7767,0
7768,0
7769,0
7770,2
7771,4
7772,1
7773,0
7774,2
7775,1
7776,0
7777,1
7778,0
7779,0
7780,0
7781,0
7782,0
7783,0
7784,1
7785,4
7786,1
7787,3
7788,1
7789,1
7790,0
7791,1
7792,1
7793,1
7794,1
7795,0
7796,4
7797,1
7798,1
7799,1
7800,1
7801,1
7802,0
7803,1
7804,0
7805,1
7806,2
7807,1
7808,0
7809,1
7810,2
7811,0
7812,1
7813,0
7814,1
7815,2
7816,3
7817,4
7818,1
7819,0
7820,1
7821,1
7822,4
7823,4
7824,1
7825,0
7826,3
7827,0
7828,0
7829,0
7830,0
7831,0
7832,0
7833,2
7834,1
7835,0
7836,2
7837,0
7838,4
7839,1
7840,0
7841,2
7842,1
7843,3
7844,1
7845,0
7846,1
7847,1
7848,1
7849,0
7850,2
7851,0
7852,1
7853,0
7854,1
7855,3
7856,4
7857,1
7858,0
7859,1
7860,0
7861,0
7862,1
7863,0
7864,1
7865,2
7866,3
7867,0
7868,1
7869,1
7870,0
7871,0
7872,0
7873,3
7874,1
7875,2
7876,2
7877,3
7878,1
7879,1
7880,1
7881,1
7882,0
7883,2
7884,1
7885,1
7886,1
7887,2
7888,1
7889,1
7890,3
7891,0
7892,1
7893,3
7894,0
7895,0
7896,1
7897,1
7898,0
7899,0
7900,2
7901,3
7902,1
7903,1
7904,2
7905,0
7906,1
7907,0
7908,3
7909,5
7910,0
7911,0
7912,4
7913,0
7914,4
7915,1
7916,0
7917,2
7918,1
7919,3
7920,1
7921,1
7922,3
7923,0
7924,0
7925,1
7926,3
7927,0
7928,1
7929,0
7930,1
7931,3
7932,1
7933,1
7934,0
7935,0
7936,4
7937,1
7938,1
7939,0
7940,4
7941,1
7942,0
7943,3
7944,0
7945,1
7946,3
7947,0
7948,1
7949,0
7950,0
7951,3
7952,1
7953,1
7954,0
7955,4
7956,2
7957,0
7958,0
7959,1
7960,0
7961,4
7962,5
7963,1
7964,0
7965,0
7966,3
7967,3
7968,1
7969,3
7970,0
7971,3
7972,1
7973,0
7974,2
7975,3
7976,1
7977,2
7978,0
7979,0
7980,1
7981,0
7982,1
7983,1
7984,4
7985,2
7986,2
7987,3
7988,0
7989,0
7990,1
7991,0
7992,0
7993,1
7994,2
7995,0
7996,4
7997,1
7998,2
7999,2
8000,5
8001,0
8002,0
8003,1
8004,0
8005,4
8006,2
8007,1
8008,0
8009,1
8010,0
8011,1
8012,4
8013,4
8014,0
8015,0
8016,1
8017,4
8018,1
8019,4
8020,2
8021,4
8022,3
8023,1
8024,5
8025,0
8026,0
8027,0
8028,0
8029,1
8030,0
8031,4
8032,4
8033,2
8034,1
8035,0
8036,1
8037,0
8038,0
8039,0
8040,1
8041,3
8042,1
8043,1
8044,1
8045,3
8046,3
8047,3
8048,0
8049,3
8050,0
8051,0
8052,1
8053,1
8054,3
8055,0
8056,1
8057,1
8058,4
8059,1
8060,0
8061,1
8062,1
8063,0
8064,0
8065,3
8066,3
8067,4
8068,1
8069,2
8070,0
8071,3
8072,0
8073,3
8074,1
8075,3
8076,3
8077,1
8078,0
8079,1
8080,1
8081,1
8082,1
8083,4
8084,4
8085,0
8086,2
8087,0
8088,0
8089,1
8090,1
8091,1
8092,1
8093,1
8094,1
8095,5
8096,1
8097,1
8098,1
8099,2
8100,1
8101,5
8102,3
8103,3
8104,1
8105,0
8106,0
8107,1
8108,1
8109,0
8110,1
8111,0
8112,4
8113,1
8114,1
8115,1
8116,0
8117,0
8118,5
8119,1
8120,0
8121,0
8122,0
8123,0
8124,4
8125,3
8126,1
8127,3
8128,0
8129,1
8130,3
8131,1
8132,1
8133,1
8134,1
8135,0
8136,3
8137,1
8138,0
8139,0
8140,1
8141,1
8142,4
8143,0
8144,0
8145,0
8146,1
8147,1
8148,0
8149,1
8150,0
8151,0
8152,1
8153,1
8154,1
8155,1
8156,0
8157,0
8158,0
8159,2
8160,1
8161,0
8162,0
8163,2
8164,1
8165,0
8166,1
8167,1
8168,1
8169,3
8170,0
8171,0
8172,1
8173,1
8174,1
8175,1
8176,0
8177,0
8178,0
8179,1
8180,0
8181,1
8182,3
8183,2
8184,0
8185,1
8186,0
8187,0
8188,3
8189,1
8190,3
8191,2
8192,1
8193,1
8194,1
8195,1
8196,1
8197,0
8198,1
8199,1
8200,1
8201,1
8202,4
8203,1
8204,1
8205,3
8206,0
8207,1
8208,3
8209,1
8210,0
8211,1
8212,0
8213,1
8214,0
8215,0
8216,0
8217,1
8218,1
8219,4
8220,1
8221,1
8222,1
8223,1
8224,0
8225,1
8226,1
8227,1
8228,4
8229,0
8230,3
8231,1
8232,0
8233,1
8234,1
8235,1
8236,1
8237,0
8238,1
8239,3
8240,1
8241,1
8242,1
8243,0
8244,3
8245,0
8246,1
8247,4
8248,1
8249,0
8250,0
8251,1
8252,4
8253,0
8254,1
8255,0
8256,1
8257,3
8258,0
8259,1
8260,0
8261,5
8262,1
8263,1
8264,1
8265,1
8266,0
8267,1
8268,3
8269,1
8270,3
8271,4
8272,3
8273,2
8274,0
8275,1
8276,0
8277,0
8278,0
8279,3
8280,1
8281,0
8282,1
8283,1
8284,5
8285,0
8286,3
8287,0
8288,1
8289,0
8290,3
8291,0
8292,1
8293,0
8294,0
8295,0
8296,1
8297,1
8298,1
8299,2
8300,4
8301,0
8302,0
8303,1
8304,1
8305,4
8306,0
8307,0
8308,1
8309,0
8310,0
8311,1
8312,0
8313,0
8314,2
8315,3
8316,4
8317,1
8318,5
8319,3
8320,1
8321,1
8322,3
8323,1
8324,0
8325,0
8326,0
8327,0
8328,0
8329,1
8330,1
8331,4
8332,1
8333,0
8334,1
8335,0
8336,0
8337,1
8338,0
8339,0
8340,1
8341,1
8342,4
8343,0
8344,3
8345,1
8346,3
8347,1
8348,1
8349,1
8350,1
8351,0
8352,3
8353,0
8354,1
8355,1
8356,0
8357,1
8358,1
8359,0
8360,1
8361,1
8362,1
8363,1
8364,1
8365,1
8366,0
8367,3
8368,0
8369,3
8370,0
8371,0
8372,1
8373,0
8374,3
8375,0
8376,4
8377,0
8378,0
8379,1
8380,2
8381,0
8382,5
8383,4
8384,1
8385,1
8386,3
8387,1
8388,1
8389,3
8390,2
8391,0
8392,4
8393,0
8394,3
8395,0
8396,2
8397,0
8398,4
8399,1
8400,0
8401,1
8402,1
8403,3
8404,0
8405,1
8406,1
8407,0
8408,3
8409,1
8410,1
8411,0
8412,0
8413,1
8414,4
8415,4
8416,0
8417,5
8418,0
8419,1
8420,0
8421,1
8422,3
8423,1
8424,1
8425,0
8426,1
8427,3
8428,1
8429,1
8430,0
8431,0
8432,1
8433,3
8434,1
8435,1
8436,3
8437,0
8438,1
8439,2
8440,2
8441,0
8442,0
8443,1
8444,3
8445,4
8446,3
8447,1
8448,1
8449,3
8450,1
8451,0
8452,3
8453,1
8454,2
8455,4
8456,3
8457,1
8458,1
8459,5
8460,3
8461,0
8462,1
8463,1
8464,4
8465,1
8466,0
8467,0
8468,0
8469,0
8470,4
8471,0
8472,0
8473,3
8474,0
8475,3
8476,0
8477,0
8478,2
8479,0
8480,1
8481,2
8482,1
8483,0
8484,0
8485,0
8486,1
8487,2
8488,1
8489,0
8490,0
8491,0
8492,0
8493,0
8494,4
8495,0
8496,1
8497,1
8498,1
8499,3
8500,1
8501,1
8502,1
8503,1
8504,1
8505,0
8506,4
8507,0
8508,5
8509,1
8510,2
8511,0
8512,0
8513,1
8514,0
8515,0
8516,1
8517,1
8518,2
8519,0
8520,0
8521,1
8522,1
8523,0
8524,1
8525,1
8526,1
8527,0
8528,4
8529,4
8530,1
8531,1
8532,1
8533,0
8534,0
8535,4
8536,0
8537,1
8538,1
8539,3
8540,1
8541,3
8542,1
8543,0
8544,1
8545,0
8546,1
8547,0
8548,0
8549,1
8550,3
8551,2
8552,2
8553,0
8554,5
8555,0
8556,5
8557,1
8558,1
8559,3
8560,3
8561,0
8562,0
8563,0
8564,3
8565,0
8566,0
8567,0
8568,2
8569,0
8570,1
8571,1
8572,0
8573,5
8574,3
8575,4
8576,0
8577,3
8578,0
8579,1
8580,1
8581,0
8582,2
8583,0
8584,4
8585,1
8586,0
8587,5
8588,1
8589,1
8590,1
8591,0
8592,1
8593,1
8594,0
8595,3
8596,2
8597,0
8598,1
8599,1
8600,2
8601,1
8602,0
8603,0
8604,1
8605,0
8606,0
8607,0
8608,3
8609,0
8610,1
8611,0
8612,3
8613,1
8614,5
8615,0
8616,0
8617,1
8618,4
8619,4
8620,3
8621,0
8622,1
8623,0
8624,1
8625,1
8626,1
8627,1
8628,2
8629,4
8630,1
8631,0
8632,3
8633,3
8634,1
8635,1
8636,0
8637,1
8638,1
8639,1
8640,1
8641,4
8642,2
8643,1
8644,2
8645,3
8646,3
8647,0
8648,0
8649,1
8650,1
8651,1
8652,3
8653,3
8654,0
8655,1
8656,1
8657,4
8658,0
8659,2
8660,4
8661,1
8662,0
8663,3
8664,3
8665,3
8666,3
8667,4
8668,4
8669,1
8670,1
8671,1
8672,0
8673,3
8674,1
8675,1
8676,1
8677,1
8678,0
8679,1
8680,4
8681,0
8682,1
8683,0
8684,0
8685,0
8686,4
8687,4
8688,4
8689,0
8690,2
8691,1
8692,0
8693,1
8694,2
8695,1
8696,3
8697,0
8698,4
8699,0
8700,1
8701,1
8702,0
8703,1
8704,3
8705,0
8706,3
8707,0
8708,1
8709,1
8710,1
8711,1
8712,0
8713,0
8714,3
8715,2
8716,3
8717,0
8718,2
8719,0
8720,0
8721,0
8722,0
8723,0
8724,0
8725,1
8726,0
8727,4
8728,1
8729,1
8730,2
8731,1
8732,1
8733,1
8734,1
8735,3
8736,0
8737,0
8738,1
8739,0
8740,0
8741,0
8742,0
8743,0
8744,0
8745,1
8746,1
8747,1
8748,2
8749,1
8750,1
8751,0
8752,4
8753,4
8754,1
8755,1
8756,1
8757,3
8758,1
8759,0
8760,1
8761,0
8762,4
8763,1
8764,1
8765,1
8766,0
8767,1
8768,5
8769,1
8770,0
8771,1
8772,0
8773,1
8774,0
8775,3
8776,1
8777,0
8778,1
8779,1
8780,1
8781,3
8782,3
8783,4
8784,0
8785,1
8786,1
8787,1
8788,0
8789,1
8790,0
8791,0
8792,1
8793,1
8794,1
8795,1
8796,0
8797,2
8798,1
8799,0
8800,4
8801,0
8802,0
8803,1
8804,0
8805,0
8806,0
8807,1
8808,4
8809,1
8810,1
8811,1
8812,3
8813,2
8814,3
8815,0
8816,2
8817,3
8818,3
8819,1
8820,0
8821,1
8822,0
8823,1
8824,1
8825,1
8826,1
8827,3
8828,3
8829,1
8830,4
8831,0
8832,1
8833,2
8834,0
8835,0
8836,1
8837,3
8838,1
8839,0
8840,4
8841,2
8842,0
8843,1
8844,1
8845,1
8846,0
8847,1
8848,1
8849,2
8850,4
8851,1
8852,4
8853,4
8854,4
8855,0
8856,0
8857,3
8858,0
8859,0
8860,1
8861,0
8862,1
8863,0
8864,1
8865,0
8866,0
8867,1
8868,3
8869,1
8870,1
8871,2
8872,1
8873,0
8874,3
8875,4
8876,3
8877,2
8878,0
8879,0
8880,0
8881,0
8882,0
8883,3
8884,0
8885,1
8886,1
8887,2
8888,3
8889,0
8890,4
8891,0
8892,3
8893,5
8894,4
8895,1
8896,0
8897,1
8898,4
8899,3
8900,1
8901,1
8902,1
8903,1
8904,1
8905,0
8906,4
8907,0
8908,0
8909,3
8910,0
8911,1
8912,0
8913,1
8914,4
8915,0
8916,0
8917,0
8918,0
8919,2
8920,4
8921,0
8922,0
8923,1
8924,1
8925,1
8926,1
8927,1
8928,1
8929,0
8930,1
8931,0
8932,3
8933,1
8934,1
8935,1
8936,0
8937,1
8938,2
8939,3
8940,1
8941,1
8942,2
8943,2
8944,2
8945,3
8946,0
8947,2
8948,1
8949,1
8950,3
8951,2
8952,4
8953,1
8954,0
8955,1
8956,1
8957,0
8958,3
8959,1
8960,1
8961,0
8962,1
8963,1
8964,1
8965,0
8966,1
8967,0
8968,1
8969,0
8970,1
8971,1
8972,5
8973,0
8974,5
8975,0
8976,1
8977,0
8978,0
8979,1
8980,4
8981,3
8982,3
8983,4
8984,0
8985,0
8986,1
8987,0
8988,0
8989,1
8990,1
8991,4
8992,3
8993,1
8994,4
8995,0
8996,4
8997,1
8998,3
8999,1
9000,0
9001,1
9002,0
9003,1
9004,1
9005,1
9006,3
9007,0
9008,3
9009,4
9010,1
9011,2
9012,1
9013,4
9014,1
9015,2
9016,1
9017,0
9018,1
9019,0
9020,0
9021,0
9022,1
9023,4
9024,4
9025,2
9026,1
9027,0
9028,1
9029,4
9030,0
9031,0
9032,4
9033,0
9034,1
9035,0
9036,0
9037,0
9038,1
9039,4
9040,0
9041,1
9042,0
9043,0
9044,1
9045,1
9046,1
9047,0
9048,1
9049,1
9050,1
9051,1
9052,0
9053,0
9054,0
9055,1
9056,1
9057,0
9058,1
9059,0
9060,0
9061,0
9062,2
9063,1
9064,0
9065,1
9066,1
9067,0
9068,1
9069,0
9070,5
9071,3
9072,0
9073,2
9074,1
9075,2
9076,1
9077,1
9078,3
9079,1
9080,1
9081,1
9082,3
9083,1
9084,3
9085,1
9086,1
9087,3
9088,2
9089,1
9090,0
9091,3
9092,1
9093,0
9094,0
9095,2
9096,0
9097,4
9098,1
9099,0
9100,1
9101,4
9102,1
9103,1
9104,3
9105,1
9106,0
9107,1
9108,1
9109,1
9110,0
9111,1
9112,2
9113,1
9114,0
9115,1
9116,4
9117,0
9118,3
9119,3
9120,0
9121,1
9122,1
9123,0
9124,1
9125,1
9126,5
9127,0
9128,1
9129,0
9130,1
9131,2
9132,1
9133,3
9134,1
9135,1
9136,0
9137,0
9138,0
9139,4
9140,3
9141,0
9142,1
9143,1
9144,1
9145,2
9146,0
9147,4
9148,0
9149,3
9150,3
9151,1
9152,1
9153,0
9154,0
9155,1
9156,0
9157,1
9158,1
9159,5
9160,3
9161,1
9162,1
9163,1
9164,0
9165,0
9166,1
9167,1
9168,3
9169,0
9170,1
9171,0
9172,3
9173,3
9174,1
9175,0
9176,1
9177,0
9178,2
9179,0
9180,4
9181,0
9182,4
9183,2
9184,0
9185,2
9186,0
9187,3
9188,1
9189,0
9190,3
9191,1
9192,1
9193,1
9194,0
9195,1
9196,1
9197,1
9198,1
9199,0
9200,0
9201,0
9202,3
9203,1
9204,5
9205,0
9206,0
9207,2
9208,4
9209,0
9210,1
9211,0
9212,5
9213,1
9214,2
9215,3
9216,1
9217,1
9218,3
9219,1
9220,0
9221,5
9222,0
9223,1
9224,5
9225,1
9226,2
9227,1
9228,0
9229,0
9230,0
9231,1
9232,5
9233,3
9234,2
9235,4
9236,1
9237,0
9238,1
9239,0
9240,0
9241,3
9242,1
9243,4
9244,1
9245,0
9246,0
9247,2
9248,0
9249,1
9250,1
9251,3
9252,0
9253,3
9254,4
9255,4
9256,1
9257,1
9258,2
9259,0
9260,3
9261,0
9262,4
9263,1
9264,0
9265,0
9266,0
9267,0
9268,3
9269,0
9270,1
9271,1
9272,1
9273,0
9274,1
9275,0
9276,4
9277,1
9278,1
9279,1
9280,1
9281,3
9282,1
9283,4
9284,0
9285,1
9286,1
9287,1
9288,1
9289,0
9290,1
9291,0
9292,0
9293,3
9294,0
9295,0
9296,0
9297,3
9298,1
9299,0
9300,1
9301,0
9302,0
9303,1
9304,3
9305,0
9306,4
9307,0
9308,0
9309,1
9310,0
9311,0
9312,1
9313,0
9314,0
9315,0
9316,0
9317,4
9318,1
9319,0
9320,1
9321,2
9322,4
9323,3
9324,5
9325,0
9326,1
9327,0
9328,0
9329,2
9330,2
9331,1
9332,4
9333,1
9334,0
9335,0
9336,3
9337,0
9338,0
9339,1
9340,1
9341,3
9342,0
9343,0
9344,1
9345,1
9346,1
9347,1
9348,1
9349,1
9350,3
9351,4
9352,1
9353,4
9354,0
9355,2
9356,3
9357,1
9358,0
9359,1
9360,1
9361,1
9362,1
9363,0
9364,1
9365,1
9366,1
9367,4
9368,0
9369,1
9370,1
9371,0
9372,0
9373,1
9374,0
9375,3
9376,0
9377,0
9378,3
9379,0
9380,1
9381,2
9382,1
9383,1
9384,1
9385,0
9386,1
9387,0
9388,1
9389,1
9390,0
9391,0
9392,0
9393,1
9394,0
9395,1
9396,1
9397,4
9398,1
9399,0
9400,0
9401,0
9402,0
9403,0
9404,0
9405,0
9406,5
9407,0
9408,1
9409,1
9410,3
9411,1
9412,0
9413,0
9414,3
9415,0
9416,1
9417,0
9418,4
9419,5
9420,1
9421,1
9422,0
9423,4
9424,1
9425,2
9426,1
9427,3
9428,1
9429,0
9430,0
9431,1
9432,1
9433,2
9434,1
9435,4
9436,5
9437,5
9438,1
9439,3
9440,1
9441,3
9442,0
9443,3
9444,1
9445,1
9446,0
9447,0
9448,0
9449,0
9450,0
9451,0
9452,1
9453,4
9454,0
9455,1
9456,1
9457,1
9458,0
9459,0
9460,3
9461,0
9462,3
9463,0
9464,1
9465,2
9466,1
9467,1
9468,0
9469,1
9470,1
9471,2
9472,2
9473,4
9474,1
9475,2
9476,0
9477,0
9478,4
9479,0
9480,1
9481,1
9482,1
9483,1
9484,1
9485,3
9486,0
9487,1
9488,1
9489,1
9490,0
9491,1
9492,1
9493,0
9494,1
9495,1
9496,1
9497,3
9498,0
9499,1
9500,3
9501,0
9502,0
9503,1
9504,1
9505,0
9506,1
9507,0
9508,4
9509,1
9510,0
9511,4
9512,2
9513,3
9514,2
9515,0
9516,1
9517,1
9518,0
9519,0
9520,3
9521,0
9522,4
9523,5
9524,1
9525,1
9526,0
9527,1
9528,1
9529,2
9530,2
9531,1
9532,1
9533,1
9534,1
9535,1
9536,1
9537,1
9538,0
9539,0
9540,0
9541,1
9542,1
9543,1
9544,0
9545,1
9546,3
9547,1
9548,4
9549,0
9550,1
9551,0
9552,1
9553,3
9554,0
9555,4
9556,3
9557,0
9558,1
9559,1
9560,0
9561,1
9562,2
9563,1
9564,0
9565,3
9566,0
9567,0
9568,0
9569,1
9570,0
9571,0
9572,0
9573,1
9574,1
9575,1
9576,1
9577,0
9578,0
9579,1
9580,0
9581,0
9582,1
9583,4
9584,4
9585,4
9586,1
9587,0
9588,1
9589,0
9590,1
9591,1
9592,0
9593,4
9594,0
9595,0
9596,0
9597,1
9598,2
9599,3
9600,1
9601,1
9602,1
9603,0
9604,1
9605,0
9606,1
9607,1
9608,0
9609,0
9610,0
9611,2
9612,1
9613,0
9614,1
9615,1
9616,1
9617,4
9618,1
9619,1
9620,2
9621,1
9622,1
9623,3
9624,0
9625,0
9626,1
9627,4
9628,1
9629,2
9630,1
9631,4
9632,1
9633,2
9634,1
9635,1
9636,4
9637,4
9638,0
9639,0
9640,3
9641,0
9642,1
9643,2
9644,0
9645,1
9646,4
9647,1
9648,0
9649,1
9650,1
9651,3
9652,1
9653,0
9654,1
9655,0
9656,2
9657,4
9658,1
9659,3
9660,1
9661,5
9662,1
9663,1
9664,0
9665,0
9666,1
9667,1
9668,1
9669,1
9670,4
9671,0
9672,2
9673,1
9674,3
9675,4
9676,1
9677,0
9678,3
9679,0
9680,0
9681,1
9682,1
9683,1
9684,1
9685,0
9686,2
9687,0
9688,0
9689,0
9690,0
9691,1
9692,0
9693,1
9694,1
9695,0
9696,1
9697,1
9698,2
9699,1
9700,1
9701,3
9702,0
9703,2
9704,0
9705,0
9706,1
9707,2
9708,5
9709,0
9710,0
9711,1
9712,0
9713,1
9714,0
9715,0
9716,0
9717,3
9718,2
9719,0
9720,1
9721,1
9722,1
9723,1
9724,1
9725,0
9726,1
9727,3
9728,2
9729,1
9730,1
9731,0
9732,1
9733,1
9734,1
9735,0
9736,1
9737,0
9738,1
9739,0
9740,1
9741,1
9742,5
9743,2
9744,3
9745,3
9746,1
9747,0
9748,1
9749,3
9750,0
9751,1
9752,1
9753,2
9754,1
9755,1
9756,0
9757,3
9758,2
9759,1
9760,4
9761,0
9762,4
9763,0
9764,1
9765,1
9766,3
9767,0
9768,0
9769,1
9770,1
9771,0
9772,1
9773,1
9774,0
9775,0
9776,1
9777,0
9778,1
9779,1
9780,2
9781,1
9782,1
9783,3
9784,0
9785,1
9786,0
9787,2
9788,4
9789,1
9790,1
9791,1
9792,0
9793,3
9794,0
9795,0
9796,0
9797,2
9798,1
9799,1
9800,0
9801,0
9802,0
9803,1
9804,2
9805,3
9806,5
9807,1
9808,3
9809,1
9810,1
9811,2
9812,3
9813,0
9814,1
9815,1
9816,0
9817,1
9818,3
9819,1
9820,0
9821,1
9822,0
9823,0
9824,0
9825,5
9826,0
9827,0
9828,0
9829,1
9830,3
9831,1
9832,0
9833,1
9834,0
9835,3
9836,3
9837,3
9838,1
9839,1
9840,1
9841,1
9842,3
9843,0
9844,4
9845,0
9846,1
9847,1
9848,3
9849,4
9850,1
9851,0
9852,0
9853,1
9854,5
9855,2
9856,1
9857,0
9858,0
9859,0
9860,1
9861,1
9862,0
9863,3
9864,1
9865,0
9866,2
9867,3
9868,3
9869,1
9870,3
9871,0
9872,4
9873,1
9874,1
9875,0
9876,1
9877,1
9878,0
9879,0
9880,0
9881,2
9882,1
9883,4
9884,4
9885,0
9886,4
9887,0
9888,0
9889,2
9890,1
9891,1
9892,3
9893,0
9894,1
9895,1
9896,1
9897,0
9898,5
9899,2
9900,2
9901,1
9902,0
9903,5
9904,3
9905,0
9906,4
9907,4
9908,0
9909,1
9910,1
9911,3
9912,4
9913,1
9914,1
9915,3
9916,0
9917,0
9918,2
9919,1
9920,1
9921,1
9922,1
9923,1
9924,1
9925,0
9926,0
9927,5
9928,2
9929,1
9930,0
9931,0
9932,0
9933,3
9934,1
9935,3
9936,1
9937,1
9938,1
9939,0
9940,4
9941,1
9942,0
9943,0
9944,1
9945,0
9946,1
9947,1
9948,1
9949,2
9950,5
9951,4
9952,0
9953,0
9954,1
9955,0
9956,3
9957,1
9958,1
9959,0
9960,4
9961,1
9962,3
9963,2
9964,3
9965,0
9966,0
9967,0
9968,1
9969,1
9970,0
9971,1
9972,3
9973,0
9974,0
9975,4
9976,0
9977,1
9978,0
9979,4
9980,0
9981,0
9982,1
9983,3
9984,1
9985,1
9986,3
9987,1
9988,5
9989,1
9990,2
9991,3
9992,1
9993,1
9994,3
9995,1
9996,4
9997,5
9998,1
9999,0
10000,1
10001,3
10002,1
10003,1
10004,1
10005,0
10006,1
10007,3
10008,0
10009,0
10010,1
10011,4
10012,2
10013,1
10014,5
10015,2
10016,1
10017,1
10018,3
10019,1
10020,3
10021,1
10022,1
10023,3
10024,1
10025,1
10026,1
10027,0
10028,1
10029,2
10030,3
10031,0
10032,2
10033,2
10034,0
10035,1
10036,3
10037,1
10038,1
10039,1
10040,1
10041,1
10042,1
10043,1
10044,5
10045,2
10046,1
10047,4
10048,0
10049,1
10050,3
10051,1
10052,2
10053,0
10054,0
10055,1
10056,2
10057,0
10058,4
10059,4
10060,1
10061,4
10062,0
10063,5
10064,1
10065,1
10066,0
10067,1
10068,0
10069,1
10070,1
10071,0
10072,1
10073,3
10074,1
10075,0
10076,3
10077,0
10078,0
10079,1
10080,1
10081,0
10082,0
10083,1
10084,0
10085,1
10086,4
10087,0
10088,1
10089,1
10090,0
10091,1
10092,1
10093,1
10094,5
10095,1
10096,0
10097,1
10098,0
10099,0
10100,1
10101,4
10102,1
10103,0
10104,1
10105,1
10106,1
10107,0
10108,0
10109,2
10110,2
10111,0
10112,3
10113,4
10114,1
10115,0
10116,1
10117,2
10118,0
10119,4
10120,1
10121,0
10122,0
10123,1
10124,1
10125,1
10126,1
10127,3
10128,0
10129,0
10130,1
10131,1
10132,1
10133,0
10134,1
10135,4
10136,1
10137,1
10138,3
10139,0
10140,2
10141,0
10142,1
10143,4
10144,0
10145,2
10146,0
10147,1
10148,0
10149,1
10150,1
10151,3
10152,1
10153,1
10154,3
10155,2
10156,1
10157,0
10158,1
10159,0
10160,1
10161,1
10162,1
10163,0
10164,3
10165,1
10166,1
10167,2
10168,0
10169,1
10170,4
10171,3
10172,1
10173,1
10174,1
10175,1
10176,0
10177,0
10178,4
10179,2
10180,4
10181,0
10182,0
10183,0
10184,3
10185,2
10186,1
10187,2
10188,0
10189,0
10190,0
10191,0
10192,1
10193,0
10194,0
10195,4
10196,1
10197,2
10198,1
10199,0
10200,2
10201,3
10202,0
10203,0
10204,0
10205,0
10206,1
10207,4
10208,1
10209,3
10210,1
10211,0
10212,1
10213,1
10214,1
10215,2
10216,0
10217,0
10218,1
10219,0
10220,1
10221,1
10222,0
10223,1
10224,1
10225,1
10226,1
10227,0
10228,1
10229,0
10230,0
10231,0
10232,1
10233,1
10234,5
10235,3
10236,1
10237,4
10238,1
10239,1
10240,0
10241,0
10242,3
10243,3
10244,1
10245,1
10246,1
10247,3
10248,0
10249,0
10250,1
10251,0
10252,1
10253,3
10254,0
10255,0
10256,0
10257,0
10258,1
10259,1
10260,2
10261,2
10262,1
10263,4
10264,1
10265,2
10266,1
10267,0
10268,0
10269,0
10270,1
10271,1
10272,4
10273,1
10274,0
10275,1
10276,0
10277,0
10278,0
10279,1
10280,0
10281,0
10282,4
10283,1
10284,0
10285,0
10286,2
10287,1
10288,1
10289,1
10290,2
10291,0
10292,0
10293,3
10294,0
10295,3
10296,0
10297,0
10298,1
10299,2
10300,0
10301,1
10302,3
10303,0
10304,0
10305,1
10306,0
10307,1
10308,1
10309,0
10310,1
10311,0
10312,0
10313,5
10314,2
10315,3
10316,1
10317,0
10318,2
10319,1
10320,0
10321,1
10322,1
10323,0
10324,0
10325,0
10326,1
10327,1
10328,0
10329,3
10330,3
10331,1
10332,1
10333,4
10334,4
10335,1
10336,3
10337,4
10338,0
10339,1
10340,0
10341,1
10342,1
10343,0
10344,3
10345,0
10346,4
10347,4
10348,1
10349,0
10350,1
10351,1
10352,1
10353,2
10354,2
10355,2
10356,1
10357,1
10358,0
10359,2
10360,0
10361,2
10362,1
10363,4
10364,4
10365,3
10366,1
10367,1
10368,0
10369,1
10370,3
10371,3
10372,2
10373,0
10374,2
10375,0
10376,0
10377,1
10378,1
10379,1
10380,1
10381,0
10382,1
10383,1
10384,1
10385,3
10386,4
10387,0
10388,1
10389,5
10390,1
10391,0
10392,0
10393,0
10394,0
10395,0
10396,1
10397,0
10398,4
10399,0
10400,1
10401,0
10402,4
10403,1
10404,0
10405,1
10406,5
10407,0
10408,1
10409,1
10410,1
10411,1
10412,4
10413,1
10414,1
10415,1
10416,0
10417,2
10418,1
10419,2
10420,1
10421,0
10422,0
10423,1
10424,0
10425,1
10426,1
10427,1
10428,1
10429,4
10430,0
10431,1
10432,0
10433,4
10434,1
10435,0
10436,2
10437,0
10438,1
10439,5
10440,0
10441,0
10442,1
10443,0
10444,4
10445,4
10446,0
10447,2
10448,3
10449,0
10450,1
10451,1
10452,0
10453,1
10454,0
10455,1
10456,0
10457,0
10458,4
10459,0
10460,0
10461,0
10462,1
10463,1
10464,1
10465,1
10466,1
10467,4
10468,1
10469,4
10470,0
10471,1
10472,0
10473,1
10474,2
10475,0
10476,1
10477,1
10478,0
10479,1
10480,1
10481,0
10482,0
10483,0
10484,0
10485,1
10486,1
10487,0
10488,1
10489,1
10490,0
10491,0
10492,4
10493,2
10494,0
10495,4
10496,0
10497,4
10498,4
10499,0
10500,1
10501,1
10502,4
10503,1
10504,1
10505,1
10506,1
10507,1
10508,1
10509,2
10510,1
10511,0
10512,0
10513,1
10514,3
10515,1
10516,0
10517,4
10518,1
10519,1
10520,1
10521,3
10522,1
10523,0
10524,1
10525,5
10526,3
10527,1
10528,0
10529,1
10530,1
10531,1
10532,0
10533,1
10534,1
10535,3
10536,1
10537,4
10538,2
10539,0
10540,0
10541,3
10542,1
10543,1
10544,1
10545,1
10546,0
10547,0
10548,1
10549,4
10550,1
10551,1
10552,3
10553,0
10554,3
10555,1
10556,2
10557,0
10558,3
10559,1
10560,0
10561,0
10562,2
10563,2
10564,1
10565,1
10566,4
10567,3
10568,1
10569,2
10570,5
10571,5
10572,1
10573,1
10574,0
10575,1
10576,1
10577,0
10578,3
10579,3
10580,5
10581,0
10582,0
10583,0
10584,1
10585,1
10586,0
10587,0
10588,3
10589,1
10590,1
10591,5
10592,1
10593,0
10594,1
10595,4
10596,0
10597,0
10598,1
10599,5
10600,1
10601,0
10602,1
10603,0
10604,0
10605,0
10606,1
10607,1
10608,1
10609,0
10610,2
10611,1
10612,0
10613,4
10614,1
10615,0
10616,0
10617,3
10618,1
10619,0
10620,1
10621,1
10622,0
10623,4
10624,1
10625,1
10626,2
10627,1
10628,4
10629,1
10630,0
10631,0
10632,0
10633,0
10634,0
10635,0
10636,4
10637,2
10638,1
10639,1
10640,1
10641,1
10642,1
10643,0
10644,0
10645,1
10646,1
10647,0
10648,1
10649,5
10650,3
10651,4
10652,4
10653,1
10654,0
10655,3
10656,0
10657,2
10658,1
10659,1
10660,1
10661,0
10662,0
10663,1
10664,1
10665,0
10666,1
10667,3
10668,0
10669,5
10670,1
10671,1
10672,1
10673,5
10674,2
10675,0
10676,0
10677,0
10678,0
10679,1
10680,1
10681,1
10682,5
10683,1
10684,0
10685,4
10686,4
10687,1
10688,1
10689,0
10690,1
10691,1
10692,0
10693,0
10694,0
10695,0
10696,2
10697,0
10698,1
10699,0
10700,0
10701,4
10702,0
10703,1
10704,3
10705,1
10706,3
10707,0
10708,0
10709,1
10710,1
10711,0
10712,3
10713,1
10714,5
10715,1
10716,2
10717,4
10718,0
10719,0
10720,1
10721,0
10722,2
10723,2
10724,1
10725,0
10726,4
10727,1
10728,4
10729,0
10730,2
10731,3
10732,1
10733,2
10734,4
10735,1
10736,1
10737,4
10738,0
10739,4
10740,1
10741,1
10742,1
10743,1
10744,1
10745,0
10746,3
10747,1
10748,3
10749,1
10750,4
10751,1
10752,1
10753,0
10754,1
10755,0
10756,1
10757,1
10758,1
10759,0
10760,2
10761,0
10762,1
10763,4
10764,0
10765,0
10766,1
10767,1
10768,0
10769,1
10770,3
10771,1
10772,0
10773,1
10774,5
10775,3
10776,2
10777,1
10778,1
10779,3
10780,0
10781,1
10782,1
10783,0
10784,1
10785,0
10786,1
10787,1
10788,1
10789,3
10790,1
10791,1
10792,4
10793,1
10794,1
10795,1
10796,0
10797,5
10798,1
10799,4
10800,1
10801,1
10802,0
10803,1
10804,1
10805,4
10806,4
10807,0
10808,0
10809,3
10810,1
10811,0
10812,0
10813,3
10814,0
10815,3
10816,0
10817,0
10818,3
10819,1
10820,0
10821,2
10822,0
10823,1
10824,1
10825,1
10826,1
10827,2
10828,3
10829,1
10830,0
10831,2
10832,0
10833,0
10834,1
10835,1
10836,4
10837,0
10838,1
10839,3
10840,4
10841,0
10842,4
10843,0
10844,0
10845,1
10846,1
10847,4
10848,1
10849,1
10850,1
10851,1
10852,0
10853,1
10854,0
10855,2
10856,2
10857,1
10858,0
10859,1
10860,1
10861,3
10862,0
10863,1
10864,0
10865,0
10866,1
10867,1
10868,0
10869,5
10870,2
10871,4
10872,5
10873,1
10874,4
10875,1
10876,0
10877,1
10878,0
10879,4
10880,1
10881,1
10882,1
10883,0
10884,1
10885,1
10886,3
10887,0
10888,4
10889,1
10890,3
10891,1
10892,3
10893,1
10894,0
10895,1
10896,1
10897,1
10898,1
10899,0
10900,3
10901,0
10902,0
10903,0
10904,0
10905,0
10906,0
10907,0
10908,1
10909,1
10910,5
10911,1
10912,1
10913,0
10914,1
10915,4
10916,3
10917,0
10918,5
10919,0
10920,1
10921,0
10922,0
10923,0
10924,4
10925,3
10926,1
10927,1
10928,0
10929,1
10930,1
10931,1
10932,0
10933,1
10934,1
10935,0
10936,1
10937,2
10938,2
10939,1
10940,0
10941,0
10942,4
10943,3
10944,1
10945,1
10946,1
10947,0
10948,2
10949,3
10950,1
10951,0
10952,5
10953,1
10954,0
10955,1
10956,0
10957,0
10958,2
10959,1
10960,1
10961,1
10962,0
10963,1
10964,1
10965,0
10966,0
10967,0
10968,0
10969,4
10970,1
10971,0
10972,1
10973,1
10974,0
10975,3
10976,2
10977,0
10978,0
10979,0
10980,0
10981,1
10982,0
10983,0
10984,1
10985,0
10986,0
10987,0
10988,1
10989,0
10990,3
10991,0
10992,0
10993,3
10994,1
10995,0
10996,1
10997,3
10998,4
10999,0
11000,1
11001,0
11002,1
11003,3
11004,1
11005,3
11006,2
11007,0
11008,2
11009,5
11010,3
11011,1
11012,3
11013,2
11014,0
11015,4
11016,0
11017,1
11018,1
11019,2
11020,4
11021,1
11022,0
11023,0
11024,0
11025,3
11026,3
11027,1
11028,1
11029,1
11030,3
11031,1
11032,4
11033,0
11034,1
11035,3
11036,0
11037,3
11038,5
11039,1
11040,3
11041,1
11042,0
11043,3
11044,1
11045,4
11046,1
11047,1
11048,0
11049,2
11050,5
11051,1
11052,0
11053,0
11054,1
11055,3
11056,4
11057,1
11058,1
11059,0
11060,0
11061,0
11062,1
11063,4
11064,5
11065,0
11066,4
11067,3
11068,1
11069,1
11070,0
11071,0
11072,3
11073,3
11074,0
11075,1
11076,1
11077,1
11078,0
11079,1
11080,1
11081,1
11082,1
11083,0
11084,1
11085,0
11086,0
11087,3
11088,3
11089,0
11090,0
11091,0
11092,1
11093,0
11094,0
11095,1
11096,2
11097,0
11098,1
11099,3
11100,0
11101,0
11102,0
11103,1
11104,0
11105,1
11106,0
11107,2
11108,1
11109,0
11110,1
11111,3
11112,0
11113,3
11114,3
11115,1
11116,1
11117,0
11118,3
11119,4
11120,0
11121,1
11122,3
11123,0
11124,4
11125,1
11126,2
11127,0
11128,2
11129,1
11130,1
11131,1
11132,4
11133,3
11134,1
11135,1
11136,1
11137,0
11138,1
11139,0
11140,0
11141,1
11142,1
11143,4
11144,1
11145,1
11146,0
11147,2
11148,1
11149,0
11150,3
11151,1
11152,2
11153,0
11154,1
11155,1
11156,0
11157,1
11158,0
11159,0
11160,1
11161,5
11162,1
11163,4
11164,2
11165,0
11166,1
11167,0
11168,1
11169,0
11170,1
11171,1
11172,1
11173,1
11174,3
11175,0
11176,1
11177,1
11178,0
11179,1
11180,0
11181,1
11182,0
11183,1
11184,0
11185,2
11186,3
11187,1
11188,1
11189,0
11190,1
11191,1
11192,1
11193,0
11194,1
11195,1
11196,0
11197,1
11198,3
11199,1
11200,1
11201,1
11202,0
11203,0
11204,3
11205,0
11206,0
11207,0
11208,1
11209,1
11210,0
11211,0
11212,3
11213,5
11214,3
11215,2
11216,1
11217,5
11218,2
11219,0
11220,1
11221,1
11222,1
11223,1
11224,0
11225,3
11226,1
11227,0
11228,0
11229,0
11230,0
11231,0
11232,4
11233,1
11234,1
11235,2
11236,1
11237,1
11238,0
11239,3
11240,0
11241,1
11242,0
11243,1
11244,0
11245,0
11246,0
11247,0
11248,2
11249,0
11250,3
11251,1
11252,0
11253,1
11254,1
11255,1
11256,0
11257,1
11258,2
11259,1
11260,0
11261,0
11262,1
11263,1
11264,2
11265,1
11266,0
11267,3
11268,0
11269,3
11270,1
11271,0
11272,1
11273,0
11274,3
11275,0
11276,0
11277,4
11278,1
11279,0
11280,1
11281,3
11282,1
11283,0
11284,0
11285,1
11286,3
11287,1
11288,0
11289,4
11290,1
11291,0
11292,1
11293,4
11294,5
11295,1
11296,0
11297,0
11298,0
11299,2
11300,4
11301,4
11302,4
11303,1
11304,0
11305,3
11306,1
11307,1
11308,1
11309,0
11310,2
11311,4
11312,4
11313,4
11314,1
11315,1
11316,1
11317,4
11318,0
11319,0
11320,0
11321,1
11322,1
11323,2
11324,1
11325,5
11326,1
11327,1
11328,0
11329,1
11330,0
11331,1
11332,4
11333,0
11334,3
11335,5
11336,3
11337,3
11338,2
11339,0
11340,0
11341,4
11342,0
11343,0
11344,0
11345,1
11346,3
11347,1
11348,5
11349,3
11350,4
11351,1
11352,4
11353,1
11354,0
11355,2
11356,0
11357,3
11358,3
11359,4
11360,0
11361,0
11362,1
11363,3
11364,1
11365,1
11366,1
11367,0
11368,0
11369,3
11370,1
11371,0
11372,4
11373,2
11374,3
11375,0
11376,0
11377,0
11378,1
11379,4
11380,1
11381,3
11382,1
11383,0
11384,1
11385,1
11386,2
11387,2
11388,1
11389,4
11390,1
11391,2
11392,0
11393,5
11394,2
11395,1
11396,2
11397,3
11398,1
11399,0
11400,1
11401,3
11402,3
11403,0
11404,1
11405,1
11406,0
11407,2
11408,0
11409,1
11410,0
11411,2
11412,0
11413,0
11414,2
11415,1
11416,1
11417,0
11418,1
11419,3
11420,5
11421,5
11422,1
11423,0
11424,4
11425,1
11426,1
11427,0
11428,2
11429,0
11430,1
11431,0
11432,1
11433,1
11434,1
11435,0
11436,3
11437,0
11438,4
11439,0
11440,1
11441,4
11442,1
11443,0
11444,0
11445,1
11446,0
11447,1
11448,3
11449,2
11450,1
11451,0
11452,1
11453,1
11454,4
11455,0
11456,2
11457,0
11458,1
11459,3
11460,3
11461,1
11462,2
11463,1
11464,1
11465,1
11466,0
11467,1
11468,0
11469,1
11470,0
11471,3
11472,1
11473,4
11474,2
11475,0
11476,1
11477,1
11478,0
11479,3
11480,1
11481,1
11482,4
11483,0
11484,2
11485,0
11486,5
11487,1
11488,1
11489,1
11490,0
11491,1
11492,0
11493,3
11494,0
11495,1
11496,1
11497,0
11498,2
11499,1
11500,1
11501,1
11502,1
11503,0
11504,3
11505,1
11506,1
11507,2
11508,1
11509,1
11510,0
11511,0
11512,2
11513,0
11514,0
11515,0
11516,0
11517,1
11518,1
11519,3
11520,1
11521,1
11522,0
11523,2
11524,0
11525,1
11526,0
11527,1
11528,0
11529,0
11530,3
11531,1
11532,1
11533,0
11534,3
11535,3
11536,1
11537,0
11538,4
11539,0
11540,1
11541,0
11542,4
11543,5
11544,4
11545,4
11546,0
11547,1
11548,0
11549,0
11550,1
11551,2
11552,0
11553,0
11554,0
11555,1
11556,1
11557,0
11558,0
11559,1
11560,1
11561,1
11562,2
11563,0
11564,1
11565,0
11566,1
11567,1
11568,0
11569,1
11570,0
11571,1
11572,0
11573,1
11574,0
11575,0
11576,1
11577,1
11578,3
11579,0
11580,1
11581,1
11582,1
11583,1
11584,4
11585,0
11586,1
11587,1
11588,0
11589,0
11590,0
11591,1
11592,1
11593,1
11594,3
11595,4
11596,0
11597,1
11598,0
11599,0
11600,1
11601,1
11602,1
11603,0
11604,1
11605,0
11606,3
11607,1
11608,3
11609,1
11610,1
11611,3
11612,4
11613,2
11614,0
11615,1
11616,0
11617,1
11618,1
11619,0
11620,4
11621,1
11622,0
11623,1
11624,4
11625,0
11626,3
11627,0
11628,1
11629,2
11630,4
11631,1
11632,1
11633,4
11634,3
11635,2
11636,0
11637,1
11638,0
11639,1
11640,1
11641,0
11642,1
11643,3
11644,1
11645,1
11646,3
11647,1
11648,2
11649,1
11650,1
11651,0
11652,1
11653,0
11654,0
11655,3
11656,5
11657,0
11658,1
11659,1
11660,1
11661,0
11662,1
11663,1
11664,1
11665,0
11666,1
11667,1
11668,0
11669,0
11670,2
11671,5
11672,2
11673,3
11674,0
11675,1
11676,0
11677,1
11678,4
11679,4
11680,3
11681,4
11682,3
11683,2
11684,1
11685,1
11686,1
11687,0
11688,1
11689,0
11690,3
11691,0
11692,1
11693,1
11694,1
11695,1
11696,1
11697,0
11698,1
11699,0
11700,3
11701,1
11702,0
11703,0
11704,0
11705,1
11706,1
11707,0
11708,1
11709,2
11710,4
11711,3
11712,0
11713,0
11714,1
11715,1
11716,4
11717,0
11718,1
11719,0
11720,1
11721,4
11722,1
11723,0
11724,3
11725,4
11726,1
11727,0
11728,3
11729,4
11730,1
11731,1
11732,3
11733,0
11734,1
11735,5
11736,1
11737,1
11738,1
11739,1
11740,2
11741,0
11742,4
11743,1
11744,1
11745,0
11746,0
11747,1
11748,1
11749,2
11750,1
11751,1
11752,3
11753,1
11754,3
11755,1
11756,1
11757,0
11758,3
11759,0
11760,1
11761,1
11762,0
11763,1
11764,1
11765,1
11766,1
11767,2
11768,0
11769,0
11770,3
11771,3
11772,0
11773,1
11774,3
11775,0
11776,0
11777,2
11778,4
11779,1
11780,1
11781,0
11782,0
11783,4
11784,1
11785,1
11786,1
11787,0
11788,1
11789,1
11790,0
11791,1
11792,3
11793,4
11794,1
11795,4
11796,4
11797,3
11798,1
11799,1
11800,0
11801,0
11802,1
11803,0
11804,1
11805,1
11806,0
11807,3
11808,0
11809,0
11810,4
11811,1
11812,1
11813,0
11814,0
11815,2
11816,2
11817,1
11818,1
11819,3
11820,1
11821,0
11822,1
11823,1
11824,0
11825,0
11826,0
11827,0
11828,2
11829,0
11830,3
11831,1
11832,1
11833,1
11834,1
11835,0
11836,1
11837,4
11838,0
11839,0
11840,0
11841,1
11842,0
11843,0
11844,0
11845,2
11846,1
11847,1
11848,4
11849,1
11850,0
11851,1
11852,4
11853,0
11854,1
11855,1
11856,1
11857,1
11858,1
11859,5
11860,0
11861,0
11862,1
11863,3
11864,1
11865,0
11866,1
11867,1
11868,4
11869,1
11870,1
11871,4
11872,1
11873,1
11874,4
11875,1
11876,1
11877,1
11878,0
11879,0
11880,1
11881,3
11882,0
11883,0
11884,1
11885,1
11886,4
11887,1
11888,1
11889,1
11890,2
11891,1
11892,5
11893,0
11894,0
11895,1
11896,3
11897,1
11898,1
11899,1
11900,2
11901,1
11902,3
11903,1
11904,0
11905,1
11906,1
11907,1
11908,1
11909,1
11910,1
11911,1
11912,1
11913,1
11914,0
11915,4
11916,3
11917,0
11918,0
11919,2
11920,1
11921,0
11922,0
11923,1
11924,1
11925,3
11926,1
11927,0
11928,3
11929,1
11930,1
11931,1
11932,1
11933,0
11934,1
11935,2
11936,1
11937,1
11938,0
11939,0
11940,2
11941,0
11942,0
11943,1
11944,0
11945,0
11946,5
11947,2
11948,1
11949,0
11950,1
11951,1
11952,1
11953,0
11954,3
11955,0
11956,0
11957,1
11958,1
11959,1
11960,2
11961,4
11962,1
11963,1
11964,1
11965,2
11966,0
11967,4
11968,4
11969,2
11970,3
11971,1
11972,0
11973,1
11974,5
11975,1
11976,1
11977,0
11978,0
11979,0
11980,3
11981,1
11982,0
11983,0
11984,0
11985,5
11986,2
11987,0
11988,0
11989,0
11990,0
11991,0
11992,2
11993,1
11994,1
11995,3
11996,2
11997,0
11998,1
11999,1
12000,1
12001,1
12002,2
12003,3
12004,5
12005,4
12006,1
12007,1
12008,0
12009,0
12010,1
12011,1
12012,1
12013,1
12014,1
12015,1
12016,1
12017,1
12018,1
12019,0
12020,0
12021,0
12022,0
12023,0
12024,0
12025,1
12026,0
12027,5
12028,1
12029,0
12030,3
12031,1
12032,0
12033,0
12034,4
12035,0
12036,2
12037,0
12038,1
12039,1
12040,3
12041,1
12042,1
12043,1
12044,0
12045,0
12046,1
12047,3
12048,3
12049,0
12050,0
12051,1
12052,1
12053,0
12054,0
12055,1
12056,1
12057,4
12058,1
12059,4
12060,1
12061,0
12062,1
12063,2
12064,0
12065,0
12066,1
12067,0
12068,0
12069,3
12070,1
12071,1
12072,5
12073,0
12074,1
12075,0
12076,1
12077,4
12078,0
12079,0
12080,1
12081,1
12082,1
12083,0
12084,0
12085,2
12086,2
12087,1
12088,0
12089,0
12090,3
12091,1
12092,4
12093,3
12094,0
12095,2
12096,1
12097,1
12098,5
12099,3
12100,0
12101,1
12102,1
12103,3
12104,1
12105,0
12106,0
12107,0
12108,0
12109,0
12110,5
12111,1
12112,1
12113,1
12114,1
12115,0
12116,3
12117,1
12118,1
12119,1
12120,3
12121,3
12122,2
12123,4
12124,0
12125,0
12126,0
12127,1
12128,1
12129,1
12130,2
12131,1
12132,0
12133,0
12134,1
12135,4
12136,2
12137,1
12138,4
12139,2
12140,0
12141,1
12142,1
12143,1
12144,1
12145,0
12146,0
12147,4
12148,0
12149,1
12150,1
12151,1
12152,3
12153,1
12154,5
12155,4
12156,1
12157,2
12158,0
12159,1
12160,1
12161,0
12162,1
12163,0
12164,1
12165,1
12166,2
12167,1
12168,0
12169,0
12170,1
12171,0
12172,0
12173,1
12174,1
12175,3
12176,1
12177,0
12178,1
12179,1
12180,1
12181,1
12182,1
12183,0
12184,4
12185,4
12186,1
12187,2
12188,1
12189,2
12190,3
12191,3
12192,0
12193,3
12194,3
12195,0
12196,0
12197,0
12198,0
12199,1
12200,0
12201,0
12202,2
12203,3
12204,3
12205,2
12206,5
12207,5
12208,0
12209,2
12210,1
12211,5
12212,0
12213,3
12214,0
12215,1
12216,1
12217,4
12218,5
12219,0
12220,3
12221,0
12222,1
12223,0
12224,2
12225,3
12226,1
12227,2
12228,1
12229,0
12230,1
12231,1
12232,4
12233,1
12234,1
12235,2
12236,0
12237,4
12238,1
12239,0
12240,1
12241,0
12242,0
12243,0
12244,0
12245,0
12246,2
12247,4
12248,5
12249,0
12250,1
12251,1
12252,1
12253,1
12254,0
12255,1
12256,1
12257,0
12258,1
12259,2
12260,1
12261,0
12262,2
12263,1
12264,1
12265,1
12266,1
12267,1
12268,1
12269,1
12270,0
12271,0
12272,1
12273,1
12274,4
12275,0
12276,1
12277,1
12278,1
12279,0
12280,0
12281,2
12282,2
12283,3
12284,1
12285,1
12286,0
12287,3
12288,0
12289,1
12290,1
12291,1
12292,1
12293,4
12294,0
12295,0
12296,3
12297,0
12298,1
12299,2
12300,1
12301,0
12302,0
12303,0
12304,0
12305,4
12306,1
12307,1
12308,3
12309,0
12310,3
12311,1
12312,1
12313,4
12314,0
12315,4
12316,4
12317,1
12318,3
12319,1
12320,4
12321,1
12322,0
12323,3
12324,1
12325,3
12326,1
12327,0
12328,1
12329,1
12330,3
12331,0
12332,0
12333,3
12334,0
12335,0
12336,0
12337,1
12338,1
12339,0
12340,4
12341,0
12342,1
12343,0
12344,0
12345,4
12346,0
12347,1
12348,1
12349,0
12350,5
12351,1
12352,1
12353,1
12354,1
12355,0
12356,1
12357,3
12358,0
12359,0
12360,1
12361,1
12362,1
12363,1
12364,3
12365,1
12366,0
12367,1
12368,1
12369,0
12370,0
12371,0
12372,4
12373,0
12374,0
12375,0
12376,0
12377,4
12378,0
12379,3
12380,0
12381,1
12382,0
12383,1
12384,0
12385,1
12386,0
12387,1
12388,0
12389,1
12390,0
12391,0
12392,0
12393,0
12394,1
12395,0
12396,1
12397,1
12398,5
12399,3
12400,2
12401,0
12402,1
12403,0
12404,1
12405,1
12406,4
12407,0
12408,0
12409,2
12410,0
12411,0
12412,1
12413,1
12414,5
12415,0
12416,1
12417,1
12418,1
12419,1
12420,2
12421,0
12422,3
12423,0
12424,1
12425,1
12426,1
12427,3
12428,1
12429,1
12430,0
12431,0
12432,1
12433,4
12434,1
12435,1
12436,0
12437,0
12438,1
12439,1
12440,2
12441,2
12442,0
12443,0
12444,0
12445,3
12446,1
12447,0
12448,1
12449,4
12450,1
12451,0
12452,0
12453,0
12454,4
12455,1
12456,0
12457,1
12458,4
12459,1
12460,0
12461,0
12462,3
12463,0
12464,1
12465,1
12466,0
12467,1
12468,1
12469,1
12470,0
12471,3
12472,3
12473,0
12474,0
12475,4
12476,0
12477,1
12478,1
12479,0
12480,3
12481,0
12482,1
12483,3
12484,0
12485,1
12486,0
12487,1
12488,1
12489,1
12490,0
12491,3
12492,1
12493,4
12494,1
12495,1
12496,1
12497,1
12498,0
12499,1
12500,0
12501,1
12502,3
12503,1
12504,0
12505,1
12506,1
12507,1
12508,1
12509,5
12510,0
12511,1
12512,0
12513,2
12514,1
12515,1
12516,1
12517,3
12518,1
12519,1
12520,0
12521,0
12522,2
12523,1
12524,1
12525,0
12526,3
12527,1
12528,0
12529,3
12530,0
12531,1
12532,1
12533,1
12534,5
12535,3
12536,4
12537,4
12538,3
12539,4
12540,0
12541,1
12542,0
12543,1
12544,0
12545,0
12546,5
12547,3
12548,1
12549,1
12550,4
12551,0
12552,4
12553,1
12554,3
12555,0
12556,4
12557,2
12558,1
12559,4
12560,4
12561,5
12562,0
12563,0
12564,1
12565,1
12566,1
12567,1
12568,4
12569,0
12570,1
12571,1
12572,4
12573,1
12574,1
12575,1
12576,0
12577,2
12578,1
12579,1
12580,1
12581,5
12582,4
12583,3
12584,0
12585,1
12586,1
12587,0
12588,1
12589,4
12590,1
12591,3
12592,0
12593,1
12594,3
12595,0
12596,0
12597,1
12598,0
12599,1
12600,2
12601,0
12602,0
12603,2
12604,0
12605,1
12606,0
12607,0
12608,1
12609,1
12610,3
12611,0
12612,3
12613,1
12614,0
12615,2
12616,1
12617,3
12618,1
12619,1
12620,0
12621,1
12622,1
12623,5
12624,0
12625,3
12626,1
12627,0
12628,3
12629,0
12630,1
12631,1
12632,5
12633,1
12634,1
12635,4
12636,1
12637,1
12638,0
12639,1
12640,4
12641,1
12642,1
12643,1
12644,1
12645,2
12646,3
12647,3
12648,0
12649,0
12650,0
12651,0
12652,4
12653,0
12654,5
12655,0
12656,3
12657,0
12658,0
12659,1
12660,1
12661,0
12662,2
12663,3
12664,4
12665,0
12666,1
12667,1
12668,0
12669,3
12670,2
12671,1
12672,0
12673,0
12674,0
12675,0
12676,0
12677,1
12678,1
12679,1
12680,1
12681,1
12682,3
12683,1
12684,0
12685,1
12686,0
12687,1
12688,0
12689,1
12690,1
12691,1
12692,1
12693,0
12694,0
12695,1
12696,3
12697,0
12698,4
12699,1
12700,0
12701,1
12702,1
12703,1
12704,0
12705,1
12706,1
12707,4
12708,3
12709,1
12710,1
12711,1
12712,1
12713,1
12714,3
12715,0
12716,1
12717,1
12718,0
12719,3
12720,0
12721,4
12722,3
12723,1
12724,2
12725,1
12726,1
12727,1
12728,1
12729,1
12730,0
12731,3
12732,0
12733,0
12734,0
12735,0
12736,1
12737,0
12738,5
12739,1
12740,1
12741,1
12742,1
12743,1
12744,0
12745,0
12746,2
12747,5
12748,1
12749,1
12750,3
12751,4
12752,1
12753,3
12754,0
12755,1
12756,1
12757,0
12758,3
12759,2
12760,0
12761,3
12762,4
12763,0
12764,0
12765,1
12766,4
12767,0
12768,3
12769,1
12770,0
12771,0
12772,4
12773,0
12774,4
12775,1
12776,1
12777,2
12778,3
12779,1
12780,1
12781,1
12782,1
12783,3
12784,1
12785,0
12786,2
12787,1
12788,1
12789,1
12790,3
12791,1
12792,0
12793,1
12794,1
12795,1
12796,1
12797,1
12798,2
12799,0
12800,1
12801,1
12802,1
12803,0
12804,0
12805,1
12806,0
12807,1
12808,0
12809,3
12810,3
12811,0
12812,1
12813,0
12814,3
12815,4
12816,0
12817,1
12818,1
12819,1
12820,0
12821,3
12822,3
12823,4
12824,1
12825,0
12826,2
12827,1
12828,2
12829,1
12830,3
12831,1
12832,0
12833,0
12834,5
12835,1
12836,1
12837,0
12838,1
12839,0
12840,1
12841,0
12842,0
12843,0
12844,0
12845,1
12846,1
12847,3
12848,1
12849,1
12850,3
12851,1
12852,0
12853,0
12854,1
12855,1
12856,1
12857,1
12858,0
12859,3
12860,0
12861,1
12862,1
12863,1
12864,0
12865,1
12866,1
12867,4
12868,1
12869,1
12870,2
12871,3
12872,0
12873,3
12874,3
12875,1
12876,0
12877,1
12878,4
12879,2
12880,1
12881,4
12882,1
12883,0
12884,3
12885,4
12886,2
12887,3
12888,0
12889,3
12890,3
12891,1
12892,3
12893,1
12894,3
12895,1
12896,1
12897,1
12898,0
12899,0
12900,4
12901,1
12902,2
12903,0
12904,1
12905,1
12906,3
12907,3
12908,4
12909,1
12910,2
12911,0
12912,0
12913,1
12914,2
12915,1
12916,0
12917,1
12918,0
12919,2
12920,3
12921,1
12922,1
12923,1
12924,0
12925,0
12926,4
12927,1
12928,1
12929,5
12930,0
12931,3
12932,3
12933,1
12934,1
12935,0
12936,1
12937,1
12938,1
12939,0
12940,0
12941,0
12942,3
12943,3
12944,0
12945,1
12946,2
12947,1
12948,1
12949,1
12950,4
12951,1
12952,3
12953,2
12954,0
12955,3
12956,1
12957,3
12958,1
12959,3
12960,1
12961,3
12962,2
12963,1
12964,1
12965,1
12966,0
12967,0
12968,1
12969,1
12970,4
12971,1
12972,1
12973,0
12974,1
12975,1
12976,0
12977,1
12978,1
12979,4
12980,2
12981,0
12982,0
12983,2
12984,2
12985,0
12986,1
12987,2
12988,1
12989,1
12990,0
12991,0
12992,4
12993,1
12994,0
12995,1
12996,2
12997,1
12998,0
12999,0
13000,0
13001,0
13002,3
13003,0
13004,1
13005,1
13006,1
13007,0
13008,5
13009,1
13010,0
13011,0
13012,0
13013,0
13014,0
13015,1
13016,3
13017,0
13018,1
13019,2
13020,2
13021,0
13022,0
13023,0
13024,1
13025,3
13026,1
13027,5
13028,3
13029,0
13030,1
13031,0
13032,2
13033,1
13034,0
13035,1
13036,0
13037,1
13038,0
13039,0
13040,1
13041,1
13042,1
13043,1
13044,0
13045,1
13046,0
13047,1
13048,0
13049,1
13050,2
13051,0
13052,1
13053,1
13054,1
13055,1
13056,5
13057,0
13058,3
13059,0
13060,4
13061,1
13062,3
13063,0
13064,0
13065,1
13066,0
13067,0
13068,1
13069,0
13070,1
13071,0
13072,1
13073,3
13074,0
13075,0
13076,3
13077,0
13078,4
13079,1
13080,0
13081,4
13082,0
13083,0
13084,3
13085,1
13086,1
13087,0
13088,1
13089,1
13090,1
13091,1
13092,0
13093,3
13094,1
13095,1
13096,1
13097,0
13098,3
13099,1
13100,0
13101,3
13102,1
13103,0
13104,1
13105,2
13106,4
13107,3
13108,0
13109,1
13110,4
13111,0
13112,1
13113,2
13114,0
13115,1
13116,0
13117,0
13118,0
13119,2
13120,1
13121,1
13122,4
13123,2
13124,1
13125,0
13126,1
13127,1
13128,1
13129,3
13130,1
13131,2
13132,0
13133,1
13134,1
13135,1
13136,0
13137,1
13138,1
13139,5
13140,1
13141,0
13142,1
13143,3
13144,3
13145,0
13146,2
13147,5
13148,2
13149,3
13150,0
13151,0
13152,1
13153,3
13154,1
13155,0
13156,1
13157,0
13158,1
13159,1
13160,3
13161,2
13162,0
13163,1
13164,1
13165,1
13166,1
13167,0
13168,0
13169,0
13170,1
13171,2
13172,4
13173,3
13174,0
13175,1
13176,3
13177,1
13178,1
13179,0
13180,3
13181,0
13182,1
13183,1
13184,0
13185,0
13186,1
13187,1
13188,1
13189,1
13190,3
13191,2
13192,4
13193,0
13194,0
13195,2
13196,1
13197,1
13198,1
13199,2
13200,0
13201,1
13202,1
13203,2
13204,1
13205,1
13206,1
13207,1
13208,1
13209,3
13210,3
13211,2
13212,1
13213,1
13214,5
13215,3
13216,0
13217,1
13218,0
13219,1
13220,1
13221,1
13222,3
13223,3
13224,0
13225,3
13226,2
13227,1
13228,1
13229,1
13230,1
13231,1
13232,0
13233,1
13234,0
13235,0
13236,0
13237,1
13238,1
13239,0
13240,2
13241,1
13242,0
13243,2
13244,1
13245,0
13246,0
13247,0
13248,1
13249,0
13250,0
13251,0
13252,4
13253,0
13254,3
13255,0
13256,3
13257,0
13258,1
13259,0
13260,1
13261,3
13262,0
13263,1
13264,1
13265,1
13266,1
13267,3
13268,0
13269,1
13270,1
13271,0
13272,1
13273,0
13274,1
13275,3
13276,1
13277,1
13278,1
13279,1
13280,1
13281,1
13282,3
13283,0
13284,1
13285,0
13286,0
13287,0
13288,0
13289,4
13290,0
13291,0
13292,0
13293,4
13294,5
13295,0
13296,0
13297,4
13298,0
13299,0
13300,0
13301,1
13302,0
13303,1
13304,0
13305,1
13306,0
13307,0
13308,0
13309,1
13310,0
13311,1
13312,2
13313,2
13314,4
13315,0
13316,3
13317,1
13318,4
13319,0
13320,4
13321,1
13322,1
13323,3
13324,1
13325,2
13326,0
13327,1
13328,0
13329,1
13330,1
13331,1
13332,3
13333,2
13334,2
13335,0
13336,1
13337,1
13338,3
13339,0
13340,0
13341,0
13342,1
13343,1
13344,0
13345,0
13346,4
13347,4
13348,0
13349,0
13350,3
13351,2
13352,4
13353,0
13354,1
13355,1
13356,1
13357,0
13358,1
13359,1
13360,0
13361,4
13362,1
13363,1
13364,0
13365,0
13366,0
13367,0
13368,1
13369,0
13370,0
13371,2
13372,3
13373,0
13374,0
13375,1
13376,3
13377,1
13378,0
13379,1
13380,4
13381,1
13382,1
13383,0
13384,3
13385,0
13386,3
13387,1
13388,0
13389,4
13390,4
13391,0
13392,0
13393,0
13394,0
13395,1
13396,3
13397,1
13398,0
13399,1
13400,1
13401,0
13402,0
13403,1
13404,1
13405,1
13406,2
13407,2
13408,3
13409,1
13410,1
13411,3
13412,1
13413,1
13414,0
13415,0
13416,3
13417,0
13418,3
13419,1
13420,1
13421,0
13422,0
13423,1
13424,0
13425,2
13426,1
13427,0
13428,1
13429,0
13430,3
13431,0
13432,1
13433,1
13434,3
13435,0
13436,4
13437,0
13438,1
13439,0
13440,1
13441,1
13442,0
13443,1
13444,1
13445,2
13446,0
13447,1
13448,1
13449,3
13450,0
13451,2
13452,1
13453,1
13454,0
13455,0
13456,2
13457,4
13458,0
13459,1
13460,1
13461,2
13462,1
13463,0
13464,0
13465,5
13466,1
13467,1
13468,0
13469,1
13470,3
13471,1
13472,3
13473,0
13474,0
13475,0
13476,0
13477,4
13478,0
13479,1
13480,0
13481,0
13482,3
13483,1
13484,0
13485,1
13486,0
13487,3
13488,0
13489,3
13490,3
13491,3
13492,4
13493,4
13494,1
13495,1
13496,0
13497,2
13498,1
13499,0
13500,0
13501,0
13502,4
13503,5
13504,1
13505,1
13506,0
13507,1
13508,3
13509,3
13510,1
13511,4
13512,1
13513,3
13514,0
13515,0
13516,0
13517,1
13518,0
13519,1
13520,0
13521,1
13522,4
13523,1
13524,0
13525,0
13526,1
13527,1
13528,1
13529,0
13530,0
13531,0
13532,2
13533,1
13534,1
13535,1
13536,0
13537,2
13538,1
13539,1
13540,4
13541,3
13542,1
13543,0
13544,1
13545,0
13546,3
13547,0
13548,2
13549,0
13550,1
13551,3
13552,0
13553,0
13554,1
13555,1
13556,3
13557,1
13558,0
13559,3
13560,0
13561,1
13562,0
13563,1
13564,0
13565,0
13566,0
13567,0
13568,4
13569,1
13570,0
13571,2
13572,0
13573,3
13574,0
13575,1
13576,0
13577,4
13578,1
13579,0
13580,1
13581,1
13582,1
13583,0
13584,4
13585,3
13586,1
13587,2
13588,0
13589,0
13590,0
13591,1
13592,0
13593,1
13594,0
13595,0
13596,0
13597,1
13598,1
13599,1
13600,3
13601,3
13602,1
13603,1
13604,4
13605,0
13606,0
13607,0
13608,0
13609,3
13610,1
13611,1
13612,0
13613,3
13614,1
13615,3
13616,1
13617,0
13618,1
13619,1
13620,3
13621,0
13622,1
13623,1
13624,1
13625,0
13626,3
13627,0
13628,2
13629,0
13630,4
13631,1
13632,1
13633,0
13634,1
13635,0
13636,1
13637,0
13638,0
13639,1
13640,1
13641,3
13642,0
13643,1
13644,3
13645,1
13646,1
13647,2
13648,1
13649,5
13650,0
13651,1
13652,1
13653,3
13654,0
13655,3
13656,0
13657,0
13658,1
13659,4
13660,2
13661,1
13662,0
13663,1
13664,0
13665,3
13666,5
13667,2
13668,0
13669,1
13670,0
13671,1
13672,2
13673,1
13674,0
13675,1
13676,0
13677,1
13678,0
13679,0
13680,0
13681,0
13682,0
13683,4
13684,3
13685,3
13686,1
13687,1
13688,0
13689,0
13690,2
13691,5
13692,4
13693,1
13694,1
13695,0
13696,3
13697,0
13698,2
13699,0
13700,3
13701,2
13702,3
13703,0
13704,4
13705,1
13706,1
13707,0
13708,4
13709,2
13710,0
13711,1
13712,2
13713,0
13714,1
13715,1
13716,0
13717,0
13718,0
13719,0
13720,1
13721,1
13722,1
13723,1
13724,3
13725,1
13726,0
13727,2
13728,1
13729,0
13730,3
13731,0
13732,1
13733,4
13734,1
13735,1
13736,1
13737,1
13738,2
13739,2
13740,0
13741,1
13742,0
13743,0
13744,0
13745,4
13746,0
13747,0
13748,1
13749,1
13750,1
13751,0
13752,2
13753,0
13754,3
13755,3
13756,4
13757,0
13758,0
13759,1
13760,1
13761,3
13762,4
13763,4
13764,0
13765,0
13766,1
13767,1
13768,1
13769,0
13770,0
13771,0
13772,1
13773,0
13774,0
13775,3
13776,0
13777,4
13778,0
13779,1
13780,4
13781,0
13782,4
13783,1
13784,5
13785,0
13786,1
13787,1
13788,1
13789,1
13790,1
13791,4
13792,1
13793,1
13794,4
13795,0
13796,0
13797,3
13798,1
13799,0
13800,4
13801,1
13802,1
13803,1
13804,3
13805,1
13806,1
13807,2
13808,1
13809,0
13810,1
13811,0
13812,1
13813,2
13814,4
13815,3
13816,1
13817,2
13818,3
13819,0
13820,1
13821,0
13822,1
13823,1
13824,2
13825,1
13826,1
13827,1
13828,0
13829,2
13830,0
13831,4
13832,0
13833,0
13834,1
13835,1
13836,1
13837,1
13838,2
13839,2
13840,1
13841,1
13842,0
13843,2
13844,3
13845,1
13846,4
13847,1
13848,1
13849,0
13850,4
13851,1
13852,2
13853,1
13854,4
13855,1
13856,2
13857,3
13858,4
13859,0
13860,1
13861,0
13862,0
13863,1
13864,0
13865,1
13866,1
13867,0
13868,0
13869,1
13870,1
13871,0
13872,0
13873,1
13874,3
13875,5
13876,0
13877,0
13878,1
13879,1
13880,0
13881,5
13882,0
13883,0
13884,0
13885,0
13886,1
13887,0
13888,0
13889,3
13890,1
13891,5
13892,1
13893,0
13894,1
13895,0
13896,0
13897,4
13898,1
13899,1
13900,0
13901,1
13902,0
13903,1
13904,2
13905,4
13906,1
13907,0
13908,3
13909,0
13910,0
13911,0
13912,1
13913,1
13914,1
13915,1
13916,0
13917,2
13918,0
13919,1
13920,1
13921,0
13922,1
13923,0
13924,1
13925,3
13926,3
13927,0
13928,0
13929,1
13930,0
13931,1
13932,1
13933,1
13934,1
13935,1
13936,0
13937,0
13938,1
13939,2
13940,1
13941,1
13942,0
13943,0
13944,4
13945,1
13946,1
13947,1
13948,5
13949,1
13950,0
13951,0
13952,0
13953,0
13954,0
13955,4
13956,0
13957,4
13958,3
13959,2
13960,0
13961,0
13962,0
13963,2
13964,0
13965,1
13966,1
13967,4
13968,1
13969,3
13970,5
13971,1
13972,0
13973,0
13974,1
13975,1
13976,5
13977,3
13978,0
13979,1
13980,0
13981,1
13982,1
13983,0
13984,1
13985,3
13986,0
13987,3
13988,0
13989,0
13990,1
13991,1
13992,0
13993,3
13994,0
13995,0
13996,1
13997,1
13998,3
13999,4
14000,4
14001,1
14002,3
14003,4
14004,1
14005,1
14006,0
14007,3
14008,1
14009,0
14010,1
14011,3
14012,1
14013,0
14014,0
14015,0
14016,1
14017,1
14018,2
14019,3
14020,1
14021,4
14022,0
14023,0
14024,0
14025,1
14026,0
14027,0
14028,0
14029,0
14030,1
14031,3
14032,0
14033,1
14034,1
14035,4
14036,0
14037,1
14038,1
14039,3
14040,0
14041,1
14042,0
14043,1
14044,2
14045,1
14046,1
14047,1
14048,3
14049,3
14050,1
14051,1
14052,1
14053,0
14054,1
14055,1
14056,4
14057,1
14058,1
14059,0
14060,0
14061,1
14062,0
14063,2
14064,0
14065,1
14066,4
14067,1
14068,0
14069,0
14070,0
14071,1
14072,0
14073,1
14074,1
14075,1
14076,1
14077,0
14078,0
14079,1
14080,0
14081,2
14082,3
14083,0
14084,0
14085,1
14086,2
14087,1
14088,0
14089,0
14090,0
14091,1
14092,1
14093,1
14094,0
14095,3
14096,5
14097,4
14098,0
14099,1
14100,1
14101,0
14102,0
14103,4
14104,0
14105,1
14106,1
14107,5
14108,3
14109,1
14110,1
14111,0
14112,3
14113,1
14114,0
14115,4
14116,0
14117,3
14118,1
14119,2
14120,0
14121,0
14122,0
14123,1
14124,0
14125,1
14126,5
14127,1
14128,1
14129,1
14130,0
14131,3
14132,1
14133,0
14134,1
14135,1
14136,1
14137,5
14138,0
14139,1
14140,0
14141,1
14142,1
14143,0
14144,0
14145,0
14146,1
14147,0
14148,4
14149,1
14150,1
14151,2
14152,0
14153,4
14154,1
14155,0
14156,0
14157,4
14158,1
14159,0
14160,1
14161,0
14162,0
14163,1
14164,4
14165,3
14166,4
14167,3
14168,1
14169,4
14170,1
14171,1
14172,0
14173,0
14174,2
14175,1
14176,0
14177,4
14178,0
14179,1
14180,0
14181,1
14182,1
14183,4
14184,2
14185,0
14186,0
14187,0
14188,1
14189,4
14190,3
14191,1
14192,1
14193,2
14194,0
14195,1
14196,1
14197,0
14198,1
14199,1
14200,0
14201,1
14202,0
14203,3
14204,1
14205,0
14206,1
14207,1
14208,0
14209,1
14210,0
14211,0
14212,4
14213,1
14214,1
14215,5
14216,0
14217,3
14218,1
14219,0
14220,1
14221,1
14222,3
14223,1
14224,0
14225,3
14226,0
14227,0
14228,0
14229,1
14230,0
14231,0
14232,1
14233,0
14234,3
14235,1
14236,0
14237,3
14238,1
14239,4
14240,0
14241,1
14242,2
14243,4
14244,1
14245,0
14246,0
14247,5
14248,0
14249,1
14250,1
14251,0
14252,0
14253,0
14254,2
14255,1
14256,0
14257,1
14258,4
14259,0
14260,0
14261,3
14262,1
14263,0
14264,0
14265,1
14266,1
14267,1
14268,0
14269,3
14270,3
14271,3
14272,0
14273,0
14274,0
14275,4
14276,1
14277,5
14278,0
14279,0
14280,4
14281,1
14282,5
14283,0
14284,2
14285,0
14286,1
14287,2
14288,1
14289,0
14290,2
14291,3
14292,0
14293,0
14294,0
14295,0
14296,2
14297,1
14298,1
14299,1
14300,0
14301,1
14302,1
14303,1
14304,0
14305,0
14306,1
14307,1
14308,3
14309,1
14310,0
14311,0
14312,0
14313,0
14314,4
14315,1
14316,1
14317,0
14318,1
14319,3
14320,4
14321,1
14322,0
14323,2
14324,3
14325,1
14326,0
14327,1
14328,4
14329,1
14330,1
14331,4
14332,3
14333,3
14334,2
14335,0
14336,0
14337,0
14338,3
14339,1
14340,1
14341,3
14342,0
14343,4
14344,1
14345,0
14346,0
14347,1
14348,1
14349,1
14350,0
14351,0
14352,0
14353,1
14354,1
14355,4
14356,1
14357,4
14358,1
14359,0
14360,1
14361,3
14362,1
14363,0
14364,0
14365,0
14366,1
14367,2
14368,2
14369,1
14370,0
14371,1
14372,1
14373,0
14374,0
14375,1
14376,0
14377,0
14378,1
14379,3
14380,0
14381,1
14382,0
14383,0
14384,1
14385,1
14386,2
14387,1
14388,3
14389,0
14390,2
14391,1
14392,5
14393,3
14394,1
14395,1
14396,2
14397,5
14398,1
14399,4
14400,0
14401,0
14402,3
14403,2
14404,0
14405,1
14406,1
14407,4
14408,0
14409,0
14410,0
14411,1
14412,2
14413,1
14414,1
14415,3
14416,1
14417,0
14418,0
14419,1
14420,1
14421,3
14422,1
14423,3
14424,4
14425,0
14426,3
14427,2
14428,1
14429,0
14430,2
14431,0
14432,3
14433,3
14434,2
14435,2
14436,2
14437,2
14438,1
14439,0
14440,1
14441,0
14442,0
14443,1
14444,1
14445,5
14446,1
14447,0
14448,1
14449,3
14450,0
14451,0
14452,0
14453,1
14454,1
14455,1
14456,4
14457,1
14458,1
14459,2
14460,0
14461,1
14462,0
14463,0
14464,4
14465,0
14466,2
14467,1
14468,1
14469,0
14470,0
14471,2
14472,0
14473,0
14474,1
14475,2
14476,1
14477,4
14478,3
14479,3
14480,1
14481,3
14482,4
14483,1
14484,0
14485,0
14486,4
14487,1
14488,0
14489,2
14490,1
14491,0
14492,0
14493,0
14494,0
14495,4
14496,1
14497,0
14498,1
14499,0
14500,0
14501,1
14502,3
14503,4
14504,1
14505,1
14506,1
14507,1
14508,3
14509,1
14510,4
14511,1
14512,0
14513,1
14514,1
14515,4
14516,3
14517,1
14518,1
14519,5
14520,2
14521,0
14522,1
14523,0
14524,4
14525,1
14526,0
14527,1
14528,1
14529,2
14530,0
14531,4
14532,1
14533,4
14534,1
14535,0
14536,2
14537,1
14538,0
14539,0
14540,3
14541,0
14542,1
14543,1
14544,1
14545,1
14546,2
14547,0
14548,1
14549,1
14550,1
14551,4
14552,1
14553,0
14554,0
14555,1
14556,1
14557,0
14558,1
14559,0
14560,1
14561,0
14562,1
14563,1
14564,0
14565,1
14566,0
14567,0
14568,1
14569,0
14570,2
14571,4
14572,4
14573,1
14574,3
14575,0
14576,1
14577,1
14578,0
14579,1
14580,2
14581,0
14582,3
14583,1
14584,3
14585,4
14586,0
14587,1
14588,0
14589,3
14590,0
14591,0
14592,0
14593,2
14594,3
14595,1
14596,1
14597,1
14598,1
14599,0
14600,2
14601,1
14602,1
14603,2
14604,0
14605,4
14606,0
14607,1
14608,0
14609,1
14610,1
14611,1
14612,0
14613,1
14614,0
14615,0
14616,1
14617,0
14618,3
14619,5
14620,0
14621,0
14622,0
14623,1
14624,1
14625,4
14626,1
14627,4
14628,1
14629,3
14630,0
14631,1
14632,5
14633,1
14634,0
14635,2
14636,1
14637,1
14638,3
14639,4
14640,3
14641,4
14642,2
14643,0
14644,3
14645,3
14646,3
14647,1
14648,0
14649,1
14650,0
14651,5
14652,2
14653,1
14654,0
14655,0
14656,1
14657,1
14658,4
14659,0
14660,0
14661,1
14662,0
14663,0
14664,0
14665,3
14666,0
14667,4
14668,0
14669,0
14670,4
14671,1
14672,1
14673,0
14674,2
14675,1
14676,1
14677,1
14678,0
14679,1
14680,3
14681,0
14682,5
14683,1
14684,0
14685,0
14686,3
14687,0
14688,0
14689,0
14690,3
14691,1
14692,3
14693,0
14694,0
14695,0
14696,1
14697,4
14698,0
14699,3
14700,1
14701,1
14702,4
14703,0
14704,0
14705,0
14706,4
14707,5
14708,3
14709,1
14710,0
14711,0
14712,4
14713,1
14714,1
14715,3
14716,0
14717,1
14718,0
14719,0
14720,1
14721,0
14722,0
14723,0
14724,1
14725,3
14726,1
14727,0
14728,1
14729,1
14730,1
14731,3
14732,0
14733,3
14734,0
14735,0
14736,3
14737,1
14738,1
14739,0
14740,0
14741,1
14742,1
14743,3
14744,1
14745,4
14746,0
14747,4
14748,1
14749,3
14750,5
14751,1
14752,1
14753,0
14754,3
14755,1
14756,4
14757,4
14758,1
14759,0
14760,1
14761,1
14762,0
14763,5
14764,0
14765,1
14766,4
14767,0
14768,0
14769,3
14770,0
14771,0
14772,0
14773,1
14774,1
14775,0
14776,4
14777,1
14778,0
14779,1
14780,0
14781,1
14782,4
14783,4
14784,3
14785,1
14786,0
14787,1
14788,0
14789,0
14790,1
14791,3
14792,1
14793,0
14794,1
14795,4
14796,1
14797,4
14798,0
14799,1
14800,1
14801,1
14802,0
14803,0
14804,0
14805,1
14806,0
14807,0
14808,3
14809,2
14810,1
14811,0
14812,1
14813,0
14814,2
14815,0
14816,1
14817,1
14818,1
14819,0
14820,0
14821,1
14822,0
14823,2
14824,1
14825,0
14826,0
14827,1
14828,0
14829,1
14830,1
14831,4
14832,1
14833,1
14834,1
14835,1
14836,0
14837,1
14838,4
14839,1
14840,1
14841,1
14842,2
14843,2
14844,1
14845,2
14846,1
14847,3
14848,1
14849,2
14850,0
14851,2
14852,1
14853,1
14854,1
14855,1
14856,1
14857,4
14858,0
14859,4
14860,4
14861,1
14862,1
14863,0
14864,2
14865,0
14866,0
14867,3
14868,2
14869,0
14870,0
14871,0
14872,1
14873,1
14874,1
14875,1
14876,1
14877,1
14878,1
14879,4
14880,1
14881,1
14882,0
14883,3
14884,0
14885,3
14886,0
14887,4
14888,1
14889,0
14890,3
14891,1
14892,0
14893,4
14894,1
14895,1
14896,0
14897,3
14898,0
14899,1
14900,1
14901,1
14902,1
14903,1
14904,1
14905,1
14906,0
14907,0
14908,2
14909,1
14910,1
14911,3
14912,1
14913,4
14914,1
14915,3
14916,0
14917,0
14918,2
14919,0
14920,1
14921,0
14922,1
14923,0
14924,0
14925,1
14926,0
14927,2
14928,3
14929,1
14930,1
14931,0
14932,2
14933,2
14934,3
14935,1
14936,0
14937,1
14938,0
14939,3
14940,0
14941,1
14942,0
14943,0
14944,0
14945,1
14946,0
14947,1
14948,1
14949,1
14950,3
14951,1
14952,0
14953,0
14954,0
14955,0
14956,0
14957,1
14958,3
14959,1
14960,0
14961,1
14962,1
14963,0
14964,2
14965,0
14966,0
14967,0
14968,0
14969,0
14970,1
14971,0
14972,0
14973,0
14974,0
14975,4
14976,1
14977,0
14978,0
14979,0
14980,0
14981,0
14982,1
14983,5
14984,3
14985,2
14986,1
14987,0
14988,0
14989,0
14990,0
14991,4
14992,0
14993,0
14994,3
14995,2
14996,0
14997,3
14998,0
14999,0
15000,2
15001,1
15002,3
15003,0
15004,1
15005,2
15006,1
15007,1
15008,1
15009,1
15010,0
15011,0
15012,3
15013,0
15014,1
15015,3
15016,3
15017,0
15018,4
15019,3
15020,0
15021,1
15022,1
15023,1
15024,3
15025,0
15026,2
15027,0
15028,3
15029,1
15030,4
15031,0
15032,0
15033,1
15034,0
15035,3
15036,0
15037,0
15038,0
15039,3
15040,0
15041,0
15042,1
15043,2
15044,0
15045,0
15046,3
15047,1
15048,0
15049,3
15050,1
15051,1
15052,1
15053,1
15054,5
15055,3
15056,0
15057,0
15058,0
15059,2
15060,1
15061,1
15062,4
15063,0
15064,1
15065,0
15066,3
15067,3
15068,3
15069,0
15070,1
15071,1
15072,1
15073,1
15074,4
15075,0
15076,0
15077,1
15078,1
15079,1
15080,0
15081,0
15082,1
15083,0
15084,0
15085,0
15086,1
15087,0
15088,4
15089,1
15090,0
15091,2
15092,1
15093,2
15094,1
15095,0
15096,1
15097,0
15098,1
15099,4
15100,5
15101,4
15102,4
15103,1
15104,2
15105,0
15106,4
15107,0
15108,1
15109,3
15110,0
15111,1
15112,4
15113,1
15114,1
15115,2
15116,0
15117,1
15118,0
15119,3
15120,1
15121,0
15122,2
15123,0
15124,0
15125,1
15126,4
15127,0
15128,0
15129,0
15130,1
15131,3
15132,1
15133,1
15134,2
15135,3
15136,4
15137,1
15138,4
15139,0
15140,1
15141,1
15142,0
15143,4
15144,5
15145,1
15146,1
15147,0
15148,1
15149,0
15150,0
15151,0
15152,0
15153,2
15154,1
15155,3
15156,4
15157,2
15158,0
15159,1
15160,2
15161,0
15162,1
15163,0
15164,5
15165,1
15166,0
15167,1
15168,1
15169,1
15170,3
15171,1
15172,0
15173,0
15174,3
15175,1
15176,3
15177,1
15178,1
15179,1
15180,1
15181,1
15182,3
15183,0
15184,1
15185,1
15186,0
15187,0
15188,0
15189,4
15190,0
15191,1
15192,2
15193,3
15194,1
15195,1
15196,4
15197,1
15198,1
15199,5
15200,3
15201,0
15202,1
15203,1
15204,0
15205,0
15206,3
15207,1
15208,1
15209,1
15210,4
15211,1
15212,1
15213,0
15214,4
15215,1
15216,4
15217,1
15218,0
15219,1
15220,0
15221,0
15222,1
15223,1
15224,1
15225,3
15226,0
15227,1
15228,0
15229,2
15230,1
15231,0
15232,5
15233,1
15234,1
15235,1
15236,0
15237,4
15238,1
15239,1
15240,3
15241,0
15242,1
15243,0
15244,4
15245,0
15246,1
15247,1
15248,1
15249,0
15250,4
15251,0
15252,4
15253,3
15254,1
15255,1
15256,0
15257,2
15258,0
15259,3
15260,0
15261,1
15262,0
15263,3
15264,0
15265,1
15266,1
15267,0
15268,1
15269,0
15270,0
15271,0
15272,0
15273,4
15274,0
15275,1
15276,0
15277,1
15278,3
15279,1
15280,3
15281,4
15282,1
15283,0
15284,0
15285,2
15286,1
15287,1
15288,0
15289,2
15290,2
15291,1
15292,3
15293,3
15294,0
15295,1
15296,1
15297,1
15298,1
15299,0
15300,1
15301,0
15302,1
15303,3
15304,1
15305,0
15306,3
15307,3
15308,3
15309,1
15310,1
15311,0
15312,1
15313,1
15314,2
15315,1
15316,1
15317,0
15318,4
15319,4
15320,0
15321,1
15322,3
15323,0
15324,1
15325,3
15326,1
15327,0
15328,0
15329,3
15330,3
15331,0
15332,1
15333,1
15334,1
15335,0
15336,1
15337,3
15338,2
15339,4
15340,1
15341,1
15342,0
15343,4
15344,1
15345,3
15346,0
15347,0
15348,1
15349,1
15350,1
15351,1
15352,0
15353,3
15354,1
15355,3
15356,3
15357,3
15358,1
15359,0
15360,0
15361,4
15362,0
15363,1
15364,0
15365,1
15366,1
15367,0
15368,0
15369,3
15370,1
15371,3
15372,1
15373,4
15374,0
15375,2
15376,3
15377,1
15378,0
15379,4
15380,4
15381,0
15382,4
15383,1
15384,1
15385,1
15386,0
15387,3
15388,0
15389,4
15390,1
15391,0
15392,1
15393,0
15394,1
15395,1
15396,3
15397,1
15398,2
15399,1
15400,0
15401,1
15402,0
15403,1
15404,1
15405,1
15406,0
15407,0
15408,1
15409,1
15410,3
15411,3
15412,1
15413,3
15414,4
15415,0
15416,0
15417,1
15418,0
15419,1
15420,1
15421,0
15422,0
15423,0
15424,3
15425,0
15426,1
15427,1
15428,0
15429,4
15430,0
15431,0
15432,1
15433,4
15434,3
15435,0
15436,3
15437,1
15438,0
15439,0
15440,1
15441,4
15442,0
15443,0
15444,1
15445,0
15446,4
15447,1
15448,1
15449,0
15450,1
15451,2
15452,0
15453,4
15454,1
15455,3
15456,1
15457,0
15458,0
15459,1
15460,4
15461,0
15462,1
15463,1
15464,1
15465,1
15466,1
15467,3
15468,0
15469,0
15470,3
15471,2
15472,0
15473,3
15474,4
15475,0
15476,0
15477,0
15478,2
15479,0
15480,1
15481,1
15482,3
15483,3
15484,1
15485,2
15486,1
15487,2
15488,0
15489,3
15490,1
15491,2
15492,3
15493,1
15494,1
15495,1
15496,1
15497,2
15498,0
15499,1
15500,4
15501,0
15502,1
15503,0
15504,3
15505,4
15506,1
15507,3
15508,1
15509,1
15510,1
15511,0
15512,1
15513,3
15514,1
15515,0
15516,1
15517,1
15518,1
15519,3
15520,1
15521,1
15522,1
15523,1
15524,1
15525,2
15526,3
15527,3
15528,0
15529,3
15530,1
15531,3
15532,1
15533,1
15534,0
15535,5
15536,1
15537,1
15538,1
15539,0
15540,1
15541,0
15542,1
15543,3
15544,0
15545,1
15546,3
15547,0
15548,0
15549,0
15550,0
15551,2
15552,0
15553,1
15554,0
15555,1
15556,1
15557,1
15558,0
15559,1
15560,0
15561,3
15562,1
15563,1
15564,3
15565,0
15566,0
15567,4
15568,1
15569,0
15570,1
15571,3
15572,4
15573,0
15574,0
15575,3
15576,4
15577,1
15578,1
15579,2
15580,0
15581,1
15582,3
15583,3
15584,1
15585,0
15586,4
15587,5
15588,4
15589,1
15590,1
15591,0
15592,1
15593,2
15594,0
15595,1
15596,4
15597,1
15598,0
15599,0
15600,1
15601,3
15602,1
15603,4
15604,1
15605,1
15606,1
15607,0
15608,0
15609,3
15610,2
15611,0
15612,1
15613,3
15614,1
15615,0
15616,0
15617,0
15618,1
15619,4
15620,3
15621,0
15622,4
15623,3
15624,0
15625,0
15626,1
15627,3
15628,4
15629,0
15630,1
15631,1
15632,0
15633,1
15634,3
15635,3
15636,1
15637,1
15638,1
15639,0
15640,0
15641,0
15642,1
15643,0
15644,4
15645,1
15646,1
15647,2
15648,0
15649,1
15650,1
15651,3
15652,1
15653,0
15654,0
15655,4
15656,0
15657,0
15658,1
15659,1
15660,0
15661,0
15662,1
15663,1
15664,0
15665,4
15666,0
15667,3
15668,0
15669,3
15670,0
15671,0
15672,1
15673,0
15674,0
15675,0
15676,2
15677,0
15678,4
15679,3
15680,1
15681,1
15682,2
15683,1
15684,1
15685,0
15686,4
15687,0
15688,0
15689,0
15690,1
15691,0
15692,4
15693,0
15694,1
15695,0
15696,1
15697,1
15698,0
15699,3
15700,2
15701,3
15702,3
15703,1
15704,1
15705,5
15706,0
15707,4
15708,2
15709,0
15710,0
15711,0
15712,0
15713,0
15714,1
15715,0
15716,0
15717,1
15718,1
15719,1
15720,0
15721,2
15722,4
15723,1
15724,1
15725,0
15726,0
15727,1
15728,0
15729,1
15730,0
15731,0
15732,1
15733,0
15734,1
15735,4
15736,0
15737,1
15738,1
15739,1
15740,4
15741,0
15742,0
15743,1
15744,0
15745,0
15746,3
15747,1
15748,1
15749,1
15750,1
15751,1
15752,0
15753,0
15754,3
15755,1
15756,0
15757,0
15758,1
15759,1
15760,1
15761,0
15762,0
15763,1
15764,4
15765,5
15766,0
15767,1
15768,0
15769,1
15770,1
15771,0
15772,2
15773,3
15774,1
15775,1
15776,4
15777,0
15778,0
15779,1
15780,0
15781,0
15782,0
15783,0
15784,0
15785,1
15786,0
15787,4
15788,1
15789,0
15790,1
15791,1
15792,1
15793,4
15794,1
15795,1
15796,0
15797,4
15798,1
15799,5
15800,3
15801,1
15802,1
15803,0
15804,1
15805,4
15806,1
15807,2
15808,0
15809,1
15810,1
15811,1
15812,0
15813,1
15814,2
15815,2
15816,1
15817,0
15818,0
15819,5
15820,1
15821,1
15822,0
15823,1
15824,0
15825,4
15826,1
15827,1
15828,1
15829,1
15830,2
15831,0
15832,1
15833,0
15834,1
15835,0
15836,1
15837,1
15838,3
15839,3
15840,1
15841,2
15842,0
15843,1
15844,0
15845,0
15846,1
15847,3
15848,0
15849,0
15850,0
15851,1
15852,3
15853,0
15854,5
15855,0
15856,4
15857,1
15858,1
15859,1
15860,1
15861,4
15862,0
15863,3
15864,0
15865,4
15866,1
15867,3
15868,3
15869,0
15870,3
15871,1
15872,4
15873,1
15874,1
15875,1
15876,0
15877,4
15878,4
15879,1
15880,3
15881,0
15882,0
15883,1
15884,1
15885,0
15886,1
15887,1
15888,4
15889,0
15890,1
15891,1
15892,5
15893,0
15894,3
15895,1
15896,3
15897,1
15898,1
15899,0
15900,4
15901,1
15902,1
15903,2
15904,1
15905,1
15906,0
15907,3
15908,0
15909,0
15910,1
15911,0
15912,0
15913,0
15914,4
15915,1
15916,3
15917,1
15918,1
15919,0
15920,0
15921,0
15922,2
15923,1
15924,1
15925,0
15926,0
15927,0
15928,4
15929,0
15930,3
15931,0
15932,1
15933,0
15934,0
15935,1
15936,1
15937,1
15938,1
15939,0
15940,3
15941,1
15942,1
15943,1
15944,1
15945,1
15946,0
15947,2
15948,1
15949,0
15950,2
15951,1
15952,0
15953,4
15954,0
15955,2
15956,3
15957,1
15958,0
15959,0
15960,0
15961,0
15962,1
15963,1
15964,4
15965,3
15966,1
15967,1
15968,3
15969,1
15970,1
15971,1
15972,3
15973,1
15974,0
15975,0
15976,0
15977,0
15978,1
15979,0
15980,2
15981,1
15982,1
15983,2
15984,0
15985,0
15986,3
15987,1
15988,2
15989,3
15990,2
15991,0
15992,0
15993,2
15994,1
15995,1
15996,4
15997,1
15998,1
15999,0
16000,2
16001,1
16002,3
16003,0
16004,0
16005,0
16006,1
16007,1
16008,4
16009,3
16010,1
16011,1
16012,0
16013,1
16014,1
16015,0
16016,1
16017,0
16018,1
16019,0
16020,4
16021,1
16022,1
16023,0
16024,1
16025,1
16026,0
16027,0
16028,1
16029,1
16030,1
16031,4
16032,1
16033,0
16034,1
16035,0
16036,3
16037,3
16038,1
16039,1
16040,1
16041,1
16042,1
16043,1
16044,1
16045,1
16046,2
16047,0
16048,0
16049,1
16050,1
16051,0
16052,1
16053,1
16054,1
16055,0
16056,1
16057,3
16058,5
16059,0
16060,0
16061,0
16062,1
16063,1
16064,5
16065,2
16066,0
16067,1
16068,3
16069,0
16070,0
16071,0
16072,0
16073,1
16074,0
16075,0
16076,1
16077,3
16078,3
16079,2
16080,0
16081,3
16082,1
16083,4
16084,1
16085,0
16086,1
16087,1
16088,1
16089,1
16090,1
16091,4
16092,1
16093,1
16094,0
16095,4
16096,0
16097,1
16098,0
16099,0
16100,0
16101,0
16102,5
16103,0
16104,3
16105,3
16106,4
16107,3
16108,1
16109,1
16110,4
16111,1
16112,0
16113,2
16114,1
16115,0
16116,0
16117,0
16118,1
16119,5
16120,1
16121,2
16122,0
16123,3
16124,1
16125,4
16126,0
16127,3
16128,2
16129,1
16130,1
16131,0
16132,1
16133,1
16134,0
16135,0
16136,1
16137,0
16138,2
16139,1
16140,1
16141,1
16142,0
16143,1
16144,2
16145,1
16146,0
16147,0
16148,1
16149,4
16150,4
16151,1
16152,1
16153,3
16154,0
16155,2
16156,0
16157,1
16158,4
16159,3
16160,1
16161,2
16162,0
16163,1
16164,4
16165,1
16166,3
16167,2
16168,1
16169,0
16170,2
16171,1
16172,3
16173,1
16174,0
16175,3
16176,0
16177,1
16178,1
16179,3
16180,4
16181,1
16182,1
16183,0
16184,1
16185,1
16186,1
16187,1
16188,1
16189,1
16190,0
16191,0
16192,1
16193,3
16194,1
16195,1
16196,0
16197,2
16198,2
16199,1
16200,0
16201,3
16202,4
16203,5
16204,2
16205,1
16206,4
16207,0
16208,1
16209,3
16210,4
16211,0
16212,1
16213,3
16214,0
16215,5
16216,1
16217,1
16218,1
16219,1
16220,4
16221,1
16222,1
16223,0
16224,0
16225,0
16226,2
16227,0
16228,3
16229,1
16230,4
16231,1
16232,0
16233,0
16234,3
16235,3
16236,0
16237,0
16238,0
16239,1
16240,1
16241,0
16242,0
16243,1
16244,1
16245,1
16246,0
16247,1
16248,0
16249,1
16250,0
16251,1
16252,3
16253,1
16254,0
16255,3
16256,0
16257,0
16258,1
16259,3
16260,0
16261,0
16262,0
16263,1
16264,3
16265,1
16266,0
16267,1
16268,2
16269,1
16270,0
16271,0
16272,1
16273,0
16274,1
16275,0
16276,0
16277,3
16278,3
16279,0
16280,3
16281,2
16282,1
16283,0
16284,0
16285,2
16286,1
16287,3
16288,1
16289,0
16290,1
16291,3
16292,4
16293,0
16294,1
16295,0
16296,0
16297,5
16298,5
16299,0
16300,1
16301,2
16302,0
16303,1
16304,1
16305,0
16306,4
16307,1
16308,0
16309,1
16310,1
16311,1
16312,0
16313,0
16314,0
16315,0
16316,0
16317,1
16318,1
16319,1
16320,0
16321,5
16322,1
16323,0
16324,0
16325,1
16326,0
16327,1
16328,2
16329,0
16330,0
16331,1
16332,1
16333,0
16334,4
16335,0
16336,1
16337,0
16338,5
16339,3
16340,0
16341,3
16342,1
16343,1
16344,3
16345,2
16346,0
16347,0
16348,0
16349,5
16350,1
16351,2
16352,1
16353,2
16354,2
16355,0
16356,0
16357,0
16358,1
16359,0
16360,1
16361,4
16362,1
16363,2
16364,0
16365,1
16366,1
16367,5
16368,4
16369,3
16370,5
16371,0
16372,0
16373,1
16374,4
16375,0
16376,0
16377,3
16378,3
16379,4
16380,1
16381,1
16382,0
16383,0
16384,3
16385,0
16386,3
16387,0
16388,0
16389,0
16390,1
16391,0
16392,1
16393,1
16394,0
16395,3
16396,0
16397,1
16398,3
16399,1
16400,3
16401,4
16402,1
16403,0
16404,2
16405,4
16406,1
16407,1
16408,1
16409,4
16410,0
16411,1
16412,3
16413,5
16414,0
16415,0
16416,3
16417,4
16418,1
16419,0
16420,0
16421,0
16422,0
16423,1
16424,2
16425,1
16426,0
16427,1
16428,0
16429,1
16430,0
16431,2
16432,1
16433,1
16434,1
16435,0
16436,0
16437,0
16438,3
16439,5
16440,0
16441,1
16442,0
16443,5
16444,0
16445,1
16446,3
16447,0
16448,1
16449,1
16450,1
16451,1
16452,1
16453,0
16454,0
16455,4
16456,0
16457,0
16458,0
16459,1
16460,1
16461,3
16462,1
16463,5
16464,2
16465,1
16466,3
16467,1
16468,0
16469,1
16470,1
16471,1
16472,1
16473,5
16474,1
16475,0
16476,0
16477,3
16478,2
16479,0
16480,2
16481,3
16482,1
16483,1
16484,1
16485,1
16486,0
16487,1
16488,1
16489,0
16490,4
16491,1
16492,1
16493,0
16494,0
16495,0
16496,3
16497,3
16498,1
16499,3
16500,3
16501,1
16502,2
16503,1
16504,1
16505,2
16506,1
16507,1
16508,1
16509,3
16510,0
16511,1
16512,1
16513,1
16514,1
16515,1
16516,0
16517,1
16518,1
16519,3
16520,1
16521,2
16522,0
16523,0
16524,0
16525,1
16526,4
16527,1
16528,1
16529,1
16530,0
16531,1
16532,1
16533,0
16534,1
16535,0
16536,0
16537,0
16538,3
16539,1
16540,1
16541,0
16542,0
16543,1
16544,0
16545,1
16546,1
16547,0
16548,2
16549,0
16550,0
16551,1
16552,1
16553,2
16554,0
16555,0
16556,0
16557,3
16558,1
16559,4
16560,4
16561,0
16562,0
16563,0
16564,0
16565,4
16566,2
16567,0
16568,1
16569,1
16570,0
16571,1
16572,0
16573,0
16574,1
16575,1
16576,1
16577,0
16578,3
16579,1
16580,1
16581,0
16582,1
16583,1
16584,1
16585,4
16586,1
16587,0
16588,3
16589,0
16590,3
16591,1
16592,0
16593,2
16594,1
16595,0
16596,1
16597,0
16598,1
16599,1
16600,4
16601,0
16602,4
16603,0
16604,1
16605,1
16606,0
16607,2
16608,1
16609,0
16610,4
16611,1
16612,1
16613,0
16614,4
16615,4
16616,0
16617,0
16618,0
16619,0
16620,0
16621,1
16622,4
16623,1
16624,1
16625,1
16626,0
16627,1
16628,1
16629,1
16630,1
16631,0
16632,0
16633,4
16634,1
16635,0
16636,1
16637,0
16638,0
16639,2
16640,0
16641,1
16642,3
16643,0
16644,4
16645,1
16646,1
16647,1
16648,0
16649,0
16650,1
16651,0
16652,1
16653,1
16654,1
16655,1
16656,1
16657,3
16658,1
16659,2
16660,1
16661,1
16662,1
16663,0
16664,0
16665,3
16666,2
16667,1
16668,0
16669,1
16670,0
16671,1
16672,4
16673,0
16674,1
16675,0
16676,0
16677,5
16678,2
16679,1
16680,2
16681,1
16682,5
16683,0
16684,0
16685,1
16686,0
16687,0
16688,1
16689,5
16690,0
16691,1
16692,2
16693,1
16694,4
16695,3
16696,4
16697,0
16698,1
16699,3
16700,1
16701,1
16702,4
16703,1
16704,0
16705,0
16706,0
16707,1
16708,0
16709,1
16710,1
16711,0
16712,1
16713,0
16714,0
16715,1
16716,1
16717,0
16718,0
16719,1
16720,0
16721,4
16722,4
16723,0
16724,4
16725,1
16726,3
16727,0
16728,4
16729,0
16730,3
16731,0
16732,1
16733,0
16734,1
16735,0
16736,4
16737,0
16738,1
16739,0
16740,0
16741,1
16742,0
16743,1
16744,0
16745,0
16746,1
16747,0
16748,0
16749,0
16750,0
16751,1
16752,0
16753,4
16754,1
16755,1
16756,0
16757,3
16758,1
16759,1
16760,4
16761,0
16762,4
16763,2
16764,4
16765,3
16766,0
16767,5
16768,0
16769,1
16770,3
16771,1
16772,1
16773,0
16774,1
16775,1
16776,3
16777,0
16778,4
16779,1
16780,2
16781,4
16782,1
16783,0
16784,3
16785,1
16786,0
16787,3
16788,4
16789,5
16790,0
16791,1
16792,1
16793,1
16794,0
16795,0
16796,4
16797,0
16798,0
16799,0
16800,0
16801,1
16802,0
16803,0
16804,0
16805,1
16806,0
16807,1
16808,3
16809,0
16810,0
16811,0
16812,0
16813,1
16814,0
16815,1
16816,0
16817,1
16818,0
16819,1
16820,1
16821,0
16822,2
16823,1
16824,0
16825,1
16826,1
16827,0
16828,4
16829,1
16830,1
16831,0
16832,0
16833,0
16834,1
16835,0
16836,1
16837,0
16838,3
16839,0
16840,0
16841,1
16842,1
16843,1
16844,1
16845,0
16846,4
16847,0
16848,3
16849,3
16850,1
16851,0
16852,4
16853,2
16854,0
16855,0
16856,4
16857,1
16858,1
16859,1
16860,4
16861,1
16862,1
16863,1
16864,1
16865,0
16866,0
16867,0
16868,3
16869,0
16870,1
16871,1
16872,1
16873,1
16874,0
16875,0
16876,0
16877,1
16878,1
16879,3
16880,1
16881,3
16882,1
16883,0
16884,3
16885,1
16886,1
16887,1
16888,1
16889,2
16890,0
16891,0
16892,0
16893,3
16894,1
16895,1
16896,0
16897,2
16898,0
16899,4
16900,0
16901,0
16902,1
16903,0
16904,1
16905,1
16906,3
16907,3
16908,4
16909,0
16910,0
16911,0
16912,1
16913,0
16914,0
16915,1
16916,4
16917,0
16918,1
16919,1
16920,0
16921,4
16922,0
16923,1
16924,0
16925,1
16926,1
16927,1
16928,1
16929,0
16930,1
16931,3
16932,0
16933,0
16934,1
16935,0
16936,1
16937,1
16938,0
16939,0
16940,5
16941,1
16942,3
16943,1
16944,1
16945,0
16946,0
16947,0
16948,2
16949,0
16950,1
16951,0
16952,0
16953,0
16954,0
16955,4
16956,2
16957,0
16958,2
16959,1
16960,0
16961,1
16962,1
16963,0
16964,0
16965,0
16966,0
16967,1
16968,4
16969,1
16970,1
16971,1
16972,0
16973,4
16974,1
16975,1
16976,0
16977,4
16978,0
16979,1
16980,0
16981,0
16982,1
16983,3
16984,3
16985,2
16986,1
16987,1
16988,0
16989,4
16990,2
16991,0
16992,1
16993,2
16994,4
16995,4
16996,1
16997,0
16998,0
16999,0
17000,1
17001,1
17002,1
17003,1
17004,1
17005,0
17006,0
17007,2
17008,1
17009,1
17010,1
17011,0
17012,5
17013,1
17014,3
17015,0
17016,3
17017,1
17018,1
17019,1
17020,0
17021,1
17022,1
17023,5
17024,0
17025,3
17026,3
17027,3
17028,1
17029,0
17030,0
17031,1
17032,2
17033,3
17034,3
17035,0
17036,4
17037,3
17038,1
17039,1
17040,0
17041,0
17042,0
17043,1
17044,1
17045,0
17046,0
17047,0
17048,3
17049,1
17050,1
17051,0
17052,4
17053,0
17054,1
17055,1
17056,4
17057,5
17058,1
17059,0
17060,0
17061,1
17062,0
17063,4
17064,1
17065,1
17066,4
17067,1
17068,0
17069,2
17070,0
17071,1
17072,3
17073,2
17074,5
17075,0
17076,1
17077,1
17078,0
17079,3
17080,1
17081,3
17082,1
17083,3
17084,2
17085,1
17086,1
17087,3
17088,0
17089,2
17090,0
17091,2
17092,4
17093,0
17094,5
17095,1
17096,0
17097,2
17098,1
17099,1
17100,1
17101,1
17102,3
17103,2
17104,0
17105,1
17106,0
17107,3
17108,0
17109,0
17110,0
17111,1
17112,0
17113,1
17114,0
17115,0
17116,0
17117,3
17118,1
17119,1
17120,0
17121,0
17122,4
17123,4
17124,1
17125,1
17126,0
17127,0
17128,1
17129,0
17130,0
17131,1
17132,0
17133,1
17134,1
17135,0
17136,0
17137,0
17138,3
17139,0
17140,1
17141,3
17142,3
17143,1
17144,1
17145,1
17146,1
17147,1
17148,1
17149,1
17150,1
17151,3
17152,0
17153,0
17154,0
17155,1
17156,1
17157,1
17158,0
17159,3
17160,1
17161,0
17162,1
17163,0
17164,0
17165,1
17166,0
17167,2
17168,1
17169,0
17170,0
17171,1
17172,0
17173,2
17174,3
17175,1
17176,0
17177,1
17178,0
17179,2
17180,3
17181,1
17182,3
17183,1
17184,1
17185,1
17186,1
17187,1
17188,0
17189,2
17190,1
17191,3
17192,3
17193,1
17194,0
17195,4
17196,1
17197,0
17198,0
17199,4
17200,0
17201,2
17202,0
17203,3
17204,3
17205,1
17206,1
17207,2
17208,3
17209,0
17210,0
17211,3
17212,0
17213,1
17214,0
17215,1
17216,1
17217,2
17218,3
17219,2
17220,0
17221,1
17222,1
17223,1
17224,1
17225,2
17226,3
17227,0
17228,5
17229,3
17230,0
17231,0
17232,1
17233,3
17234,1
17235,1
17236,1
17237,5
17238,0
17239,3
17240,2
17241,3
17242,0
17243,0
17244,4
17245,1
17246,1
17247,3
17248,1
17249,1
17250,0
17251,2
17252,1
17253,1
17254,0
17255,1
17256,0
17257,0
17258,2
17259,1
17260,1
17261,0
17262,4
17263,0
17264,1
17265,3
17266,0
17267,1
17268,1
17269,3
17270,0
17271,1
17272,4
17273,1
17274,1
17275,1
17276,1
17277,0
17278,0
17279,0
17280,1
17281,1
17282,1
17283,0
17284,3
17285,1
17286,5
17287,1
17288,0
17289,3
17290,3
17291,0
17292,1
17293,4
17294,1
17295,0
17296,0
17297,5
17298,4
17299,1
17300,1
17301,0
17302,3
17303,1
17304,3
17305,0
17306,1
17307,0
17308,0
17309,1
17310,1
17311,2
17312,2
17313,1
17314,0
17315,0
17316,0
17317,1
17318,4
17319,2
17320,3
17321,1
17322,1
17323,2
17324,0
17325,1
17326,0
17327,1
17328,1
17329,5
17330,0
17331,3
17332,1
17333,0
17334,1
17335,0
17336,4
17337,0
17338,0
17339,1
17340,1
17341,3
17342,3
17343,3
17344,5
17345,1
17346,0
17347,1
17348,1
17349,0
17350,0
17351,0
17352,4
17353,3
17354,1
17355,0
17356,1
17357,0
17358,0
17359,0
17360,0
17361,0
17362,5
17363,3
17364,3
17365,1
17366,0
17367,1
17368,1
17369,0
17370,0
17371,1
17372,1
17373,3
17374,2
17375,1
17376,1
17377,1
17378,1
17379,1
17380,0
17381,0
17382,0
17383,1
17384,2
17385,2
17386,1
17387,0
17388,1
17389,0
17390,0
17391,1
17392,4
17393,4
17394,2
17395,0
17396,2
17397,3
17398,1
17399,1
17400,0
17401,1
17402,1
17403,4
17404,1
17405,0
17406,1
17407,2
17408,0
17409,1
17410,1
17411,0
17412,0
17413,1
17414,3
17415,0
17416,1
17417,3
17418,1
17419,1
17420,3
17421,0
17422,1
17423,4
17424,4
17425,1
17426,0
17427,3
17428,1
17429,4
17430,4
17431,0
17432,0
17433,0
17434,1
17435,3
17436,0
17437,0
17438,3
17439,3
17440,1
17441,0
17442,1
17443,1
17444,0
17445,0
17446,1
17447,3
17448,0
17449,0
17450,2
17451,1
17452,0
17453,1
17454,1
17455,2
17456,0
17457,1
17458,0
17459,1
17460,1
17461,0
17462,1
17463,1
17464,0
17465,1
17466,0
17467,0
17468,0
17469,5
17470,0
17471,0
17472,0
17473,2
17474,3
17475,1
17476,2
17477,1
17478,0
17479,1
17480,1
17481,1
17482,3
17483,0
17484,4
17485,1
17486,0
17487,1
17488,0
17489,1
17490,1
17491,1
17492,4
17493,4
17494,3
17495,1
17496,4
17497,1
17498,1
17499,1
17500,2
17501,0
17502,0
17503,0
17504,1
17505,0
17506,0
17507,0
17508,2
17509,0
17510,4
17511,4
17512,0
17513,0
17514,0
17515,2
17516,3
17517,1
17518,4
17519,0
17520,1
17521,1
17522,1
17523,4
17524,0
17525,0
17526,1
17527,4
17528,1
17529,0
17530,1
17531,3
17532,1
17533,1
17534,2
17535,0
17536,0
17537,1
17538,2
17539,1
17540,1
17541,4
17542,1
17543,1
17544,2
17545,1
17546,1
17547,3
17548,0
17549,4
17550,0
17551,0
17552,1
17553,3
17554,1
17555,1
17556,1
17557,1
17558,0
17559,1
17560,3
17561,2
17562,2
17563,3
17564,1
17565,0
17566,3
17567,0
17568,1
17569,3
17570,0
17571,0
17572,0
17573,0
17574,1
17575,0
17576,0
17577,3
17578,0
17579,1
17580,1
17581,1
17582,1
17583,5
17584,1
17585,1
17586,2
17587,1
17588,0
17589,0
17590,1
17591,0
17592,1
17593,3
17594,1
17595,0
17596,1
17597,0
17598,1
17599,1
17600,3
17601,4
17602,4
17603,4
17604,0
17605,1
17606,4
17607,1
17608,4
17609,3
17610,0
17611,1
17612,2
17613,1
17614,3
17615,0
17616,0
17617,0
17618,4
17619,1
17620,1
17621,3
17622,1
17623,0
17624,1
17625,1
17626,0
17627,0
17628,1
17629,1
17630,1
17631,1
17632,0
17633,1
17634,3
17635,1
17636,1
17637,1
17638,1
17639,1
17640,1
17641,1
17642,0
17643,1
17644,0
17645,3
17646,0
17647,0
17648,0
17649,1
17650,0
17651,1
17652,1
17653,1
17654,1
17655,0
17656,0
17657,3
17658,1
17659,0
17660,4
17661,1
17662,1
17663,0
17664,0
17665,3
17666,1
17667,4
17668,0
17669,3
17670,1
17671,3
17672,3
17673,0
17674,1
17675,0
17676,3
17677,1
17678,0
17679,1
17680,3
17681,0
17682,1
17683,1
17684,1
17685,3
17686,3
17687,0
17688,3
17689,0
17690,0
17691,1
17692,1
17693,4
17694,1
17695,0
17696,0
17697,0
17698,5
17699,1
17700,1
17701,0
17702,0
17703,1
17704,1
17705,0
17706,1
17707,1
17708,0
17709,0
17710,3
17711,1
17712,1
17713,1
17714,1
17715,5
17716,0
17717,0
17718,1
17719,1
17720,1
17721,3
17722,1
17723,0
17724,3
17725,3
17726,4
17727,0
17728,1
17729,2
17730,1
17731,0
17732,1
17733,3
17734,3
17735,1
17736,0
17737,1
17738,0
17739,3
17740,1
17741,0
17742,3
17743,3
17744,2
17745,1
17746,1
17747,1
17748,0
17749,1
17750,3
17751,1
17752,1
17753,0
17754,3
17755,2
17756,1
17757,1
17758,1
17759,4
17760,1
17761,3
17762,0
17763,1
17764,1
17765,1
17766,1
17767,1
17768,1
17769,1
17770,0
17771,1
17772,1
17773,1
17774,1
17775,0
17776,1
17777,1
17778,1
17779,2
17780,0
17781,0
17782,1
17783,0
17784,0
17785,1
17786,1
17787,1
17788,1
17789,2
17790,0
17791,0
17792,1
17793,1
17794,0
17795,0
17796,0
17797,1
17798,0
17799,3
17800,2
17801,1
17802,0
17803,3
17804,0
17805,3
17806,1
17807,4
17808,4
17809,2
17810,1
17811,0
17812,3
17813,0
17814,3
17815,0
17816,1
17817,4
17818,1
17819,3
17820,1
17821,4
17822,0
17823,3
17824,1
17825,1
17826,1
17827,2
17828,0
17829,0
17830,3
17831,3
17832,1
17833,4
17834,0
17835,0
17836,4
17837,0
17838,1
17839,1
17840,1
17841,0
17842,1
17843,0
17844,0
17845,1
17846,0
17847,1
17848,1
17849,2
17850,4
17851,0
17852,0
17853,1
17854,1
17855,4
17856,1
17857,1
17858,1
17859,0
17860,0
17861,0
17862,1
17863,0
17864,0
17865,1
17866,1
17867,3
17868,3
17869,1
17870,1
17871,1
17872,0
17873,4
17874,1
17875,2
17876,0
17877,0
17878,4
17879,0
17880,1
17881,3
17882,1
17883,1
17884,1
17885,0
17886,0
17887,4
17888,0
17889,0
17890,1
17891,1
17892,5
17893,1
17894,0
17895,0
17896,3
17897,1
17898,0
17899,1
17900,1
17901,0
17902,1
17903,4
17904,1
17905,0
17906,1
17907,3
17908,0
17909,5
17910,2
17911,1
17912,0
17913,1
17914,0
17915,4
17916,1
17917,1
17918,4
17919,1
17920,3
17921,2
17922,1
17923,0
17924,0
17925,1
17926,0
17927,1
17928,2
17929,3
17930,0
17931,1
17932,2
17933,0
17934,1
17935,0
17936,1
17937,1
17938,1
17939,0
17940,2
17941,4
17942,1
17943,4
17944,0
17945,2
17946,3
17947,1
17948,1
17949,1
17950,3
17951,1
17952,1
17953,4
17954,1
17955,0
17956,1
17957,1
17958,2
17959,3
17960,1
17961,1
17962,0
17963,2
17964,1
17965,1
17966,4
17967,4
17968,1
17969,1
17970,4
17971,0
17972,1
17973,0
17974,0
17975,1
17976,4
17977,1
17978,0
17979,1
17980,0
17981,0
17982,1
17983,4
17984,1
17985,0
17986,1
17987,1
17988,0
17989,2
17990,0
17991,1
17992,0
17993,0
17994,1
17995,1
17996,1
17997,2
17998,0
17999,4
18000,0
18001,1
18002,0
18003,1
18004,1
18005,1
18006,0
18007,0
18008,2
18009,3
18010,4
18011,0
18012,0
18013,3
18014,0
18015,1
18016,1
18017,3
18018,1
18019,1
18020,1
18021,1
18022,4
18023,0
18024,0
18025,1
18026,0
18027,1
18028,1
18029,0
18030,1
18031,0
18032,0
18033,1
18034,3
18035,1
18036,3
18037,1
18038,1
18039,1
18040,0
18041,0
18042,0
18043,0
18044,0
18045,1
18046,1
18047,1
18048,1
18049,1
18050,1
18051,1
18052,4
18053,1
18054,0
18055,0
18056,3
18057,3
18058,0
18059,1
18060,1
18061,1
18062,1
18063,1
18064,1
18065,1
18066,3
18067,5
18068,1
18069,1
18070,1
18071,4
18072,0
18073,1
18074,1
18075,0
18076,1
18077,0
18078,0
18079,0
18080,4
18081,1
18082,1
18083,0
18084,0
18085,1
18086,4
18087,0
18088,3
18089,0
18090,2
18091,3
18092,0
18093,1
18094,1
18095,0
18096,0
18097,1
18098,1
18099,1
18100,4
18101,1
18102,0
18103,0
18104,0
18105,4
18106,0
18107,0
18108,1
18109,0
18110,0
18111,0
18112,0
18113,0
18114,1
18115,3
18116,1
18117,0
18118,3
18119,1
18120,4
18121,4
18122,1
18123,1
18124,1
18125,0
18126,1
18127,0
18128,5
18129,3
18130,0
18131,0
18132,1
18133,1
18134,0
18135,3
18136,0
18137,1
18138,1
18139,1
18140,0
18141,1
18142,1
18143,1
18144,3
18145,1
18146,1
18147,1
18148,1
18149,0
18150,3
18151,1
18152,1
18153,5
18154,0
18155,1
18156,4
18157,5
18158,4
18159,1
18160,0
18161,3
18162,0
18163,4
18164,0
18165,1
18166,0
18167,1
18168,1
18169,1
18170,0
18171,1
18172,0
18173,4
18174,1
18175,5
18176,0
18177,3
18178,0
18179,0
18180,1
18181,1
18182,2
18183,1
18184,0
18185,1
18186,4
18187,1
18188,1
18189,1
18190,4
18191,1
18192,0
18193,1
18194,0
18195,1
18196,1
18197,4
18198,4
18199,4
18200,1
18201,5
18202,1
18203,0
18204,1
18205,1
18206,3
18207,1
18208,1
18209,1
18210,3
18211,0
18212,0
18213,0
18214,2
18215,0
18216,1
18217,1
18218,1
18219,0
18220,1
18221,0
18222,3
18223,1
18224,1
18225,0
18226,0
18227,0
18228,4
18229,1
18230,0
18231,0
18232,1
18233,5
18234,2
18235,2
18236,0
18237,3
18238,1
18239,0
18240,1
18241,0
18242,4
18243,0
18244,0
18245,0
18246,0
18247,1
18248,2
18249,4
18250,1
18251,3
18252,1
18253,1
18254,0
18255,0
18256,0
18257,3
18258,0
18259,1
18260,0
18261,1
18262,3
18263,0
18264,1
18265,1
18266,1
18267,0
18268,1
18269,2
18270,4
18271,1
18272,0
18273,4
18274,1
18275,1
18276,5
18277,0
18278,1
18279,0
18280,3
18281,0
18282,4
18283,5
18284,0
18285,4
18286,1
18287,0
18288,0
18289,1
18290,0
18291,0
18292,0
18293,0
18294,1
18295,0
18296,0
18297,0
18298,1
18299,5
18300,1
18301,0
18302,0
18303,0
18304,3
18305,0
18306,1
18307,1
18308,3
18309,4
18310,2
18311,1
18312,1
18313,1
18314,0
18315,1
18316,1
18317,0
18318,0
18319,0
18320,1
18321,3
18322,0
18323,1
18324,0
18325,1
18326,1
18327,1
18328,3
18329,0
18330,1
18331,2
18332,1
18333,1
18334,1
18335,1
18336,1
18337,5
18338,4
18339,0
18340,3
18341,2
18342,3
18343,0
18344,0
18345,0
18346,1
18347,0
18348,3
18349,3
18350,1
18351,0
18352,3
18353,1
18354,1
18355,1
18356,1
18357,4
18358,1
18359,3
18360,0
18361,1
18362,4
18363,2
18364,1
18365,3
18366,2
18367,1
18368,0
18369,4
18370,2
18371,0
18372,1
18373,1
18374,1
18375,3
18376,4
18377,4
18378,4
18379,3
18380,1
18381,1
18382,1
18383,0
18384,0
18385,1
18386,2
18387,1
18388,0
18389,1
18390,0
18391,3
18392,3
18393,1
18394,0
18395,1
18396,1
18397,1
18398,0
18399,0
18400,4
18401,0
18402,2
18403,1
18404,0
18405,0
18406,1
18407,1
18408,4
18409,0
18410,0
18411,1
18412,0
18413,1
18414,1
18415,1
18416,1
18417,3
18418,1
18419,3
18420,2
18421,4
18422,0
18423,1
18424,1
18425,1
18426,1
18427,0
18428,5
18429,1
18430,4
18431,0
18432,1
18433,1
18434,1
18435,3
18436,0
18437,1
18438,1
18439,1
18440,1
18441,1
18442,1
18443,0
18444,0
18445,1
18446,4
18447,1
18448,4
18449,2
18450,3
18451,2
18452,1
18453,0
18454,4
18455,1
18456,1
18457,0
18458,1
18459,1
18460,4
18461,1
18462,0
18463,1
18464,3
18465,0
18466,1
18467,0
18468,2
18469,1
18470,1
18471,0
18472,0
18473,0
18474,0
18475,4
18476,1
18477,3
18478,0
18479,0
18480,0
18481,0
18482,1
18483,1
18484,4
18485,0
18486,0
18487,1
18488,0
18489,1
18490,1
18491,0
18492,1
18493,4
18494,1
18495,1
18496,0
18497,1
18498,3
18499,1
18500,1
18501,0
18502,0
18503,4
18504,0
18505,2
18506,0
18507,0
18508,0
18509,1
18510,0
18511,1
18512,1
18513,3
18514,4
18515,5
18516,1
18517,0
18518,1
18519,0
18520,1
18521,0
18522,0
18523,3
18524,0
18525,1
18526,1
18527,3
18528,0
18529,0
18530,1
18531,0
18532,0
18533,1
18534,0
18535,4
18536,0
18537,1
18538,0
18539,2
18540,3
18541,3
18542,1
18543,3
18544,0
18545,0
18546,1
18547,1
18548,0
18549,1
18550,0
18551,4
18552,2
18553,0
18554,0
18555,1
18556,5
18557,3
18558,1
18559,3
18560,4
18561,1
18562,3
18563,4
18564,0
18565,1
18566,4
18567,0
18568,0
18569,3
18570,1
18571,0
18572,1
18573,0
18574,4
18575,4
18576,4
18577,2
18578,0
18579,1
18580,2
18581,1
18582,1
18583,3
18584,3
18585,0
18586,2
18587,1
18588,1
18589,1
18590,3
18591,1
18592,0
18593,0
18594,0
18595,4
18596,0
18597,1
18598,5
18599,1
18600,3
18601,1
18602,0
18603,0
18604,2
18605,4
18606,0
18607,1
18608,0
18609,3
18610,1
18611,1
18612,0
18613,0
18614,1
18615,1
18616,1
18617,3
18618,0
18619,1
18620,1
18621,0
18622,1
18623,0
18624,1
18625,0
18626,0
18627,0
18628,1
18629,4
18630,1
18631,1
18632,0
18633,1
18634,0
18635,5
18636,4
18637,1
18638,2
18639,1
18640,0
18641,3
18642,0
18643,3
18644,0
18645,0
18646,0
18647,1
18648,1
18649,0
18650,3
18651,2
18652,1
18653,2
18654,1
18655,0
18656,4
18657,1
18658,0
18659,1
18660,1
18661,1
18662,1
18663,0
18664,4
18665,0
18666,1
18667,0
18668,3
18669,0
18670,0
18671,1
18672,3
18673,3
18674,1
18675,1
18676,3
18677,2
18678,2
18679,1
18680,4
18681,0
18682,1
18683,1
18684,0
18685,1
18686,1
18687,1
18688,1
18689,2
18690,1
18691,2
18692,4
18693,1
18694,2
18695,2
18696,3
18697,0
18698,1
18699,1
18700,4
18701,1
18702,1
18703,4
18704,0
18705,3
18706,1
18707,3
18708,0
18709,0
18710,3
18711,1
18712,1
18713,3
18714,1
18715,1
18716,0
18717,5
18718,3
18719,0
18720,0
18721,0
18722,1
18723,1
18724,0
18725,3
18726,1
18727,1
18728,1
18729,1
18730,1
18731,0
18732,1
18733,1
18734,1
18735,0
18736,0
18737,0
18738,1
18739,0
18740,5
18741,1
18742,1
18743,0
18744,1
18745,0
18746,1
18747,0
18748,0
18749,2
18750,0
18751,1
18752,3
18753,0
18754,1
18755,1
18756,1
18757,0
18758,0
18759,0
18760,4
18761,1
18762,0
18763,2
18764,1
18765,0
18766,1
18767,1
18768,1
18769,1
18770,4
18771,1
18772,1
18773,2
18774,0
18775,0
18776,0
18777,0
18778,3
18779,1
18780,0
18781,0
18782,0
18783,2
18784,0
18785,0
18786,0
18787,3
18788,1
18789,1
18790,1
18791,0
18792,4
18793,0
18794,1
18795,1
18796,0
18797,1
18798,1
18799,0
18800,1
18801,1
18802,1
18803,3
18804,1
18805,0
18806,1
18807,1
18808,4
18809,0
18810,1
18811,1
18812,0
18813,3
18814,0
18815,3
18816,0
18817,0
18818,0
18819,1
18820,0
18821,0
18822,0
18823,2
18824,3
18825,1
18826,0
18827,5
18828,0
18829,1
18830,2
18831,3
18832,0
18833,1
18834,1
18835,5
18836,0
18837,0
18838,3
18839,1
18840,4
18841,0
18842,1
18843,1
18844,0
18845,0
18846,0
18847,0
18848,0
18849,2
18850,1
18851,1
18852,1
18853,0
18854,1
18855,0
18856,1
18857,1
18858,0
18859,3
18860,0
18861,1
18862,1
18863,1
18864,0
18865,3
18866,1
18867,1
18868,0
18869,1
18870,1
18871,1
18872,0
18873,0
18874,1
18875,0
18876,0
18877,1
18878,2
18879,3
18880,0
18881,1
18882,0
18883,0
18884,3
18885,1
18886,1
18887,1
18888,1
18889,0
18890,3
18891,3
18892,1
18893,2
18894,0
18895,0
18896,1
18897,0
18898,1
18899,1
18900,1
18901,5
18902,0
18903,1
18904,1
18905,1
18906,3
18907,0
18908,0
18909,3
18910,0
18911,0
18912,1
18913,1
18914,0
18915,1
18916,1
18917,3
18918,0
18919,5
18920,2
18921,1
18922,1
18923,2
18924,0
18925,3
18926,0
18927,3
18928,1
18929,1
18930,3
18931,3
18932,1
18933,3
18934,0
18935,4
18936,2
18937,1
18938,0
18939,1
18940,3
18941,0
18942,5
18943,3
18944,0
18945,3
18946,1
18947,1
18948,5
18949,1
18950,1
18951,1
18952,0
18953,2
18954,0
18955,4
18956,1
18957,3
18958,0
18959,0
18960,0
18961,0
18962,1
18963,0
18964,4
18965,1
18966,0
18967,1
18968,0
18969,1
18970,4
18971,1
18972,1
18973,2
18974,1
18975,3
18976,2
18977,1
18978,1
18979,0
18980,1
18981,0
18982,4
18983,0
18984,5
18985,0
18986,0
18987,2
18988,0
18989,2
18990,1
18991,4
18992,0
18993,0
18994,4
18995,3
18996,0
18997,1
18998,0
18999,1
19000,0
19001,0
19002,2
19003,0
19004,0
19005,0
19006,1
19007,1
19008,1
19009,4
19010,1
19011,1
19012,1
19013,1
19014,0
19015,3
19016,0
19017,3
19018,1
19019,1
19020,2
19021,1
19022,1
19023,0
19024,3
19025,3
19026,1
19027,2
19028,2
19029,0
19030,4
19031,1
19032,0
19033,1
19034,1
19035,0
19036,0
19037,1
19038,1
19039,0
19040,0
19041,0
19042,0
19043,1
19044,2
19045,3
19046,1
19047,1
19048,3
19049,1
19050,1
19051,0
19052,3
19053,1
19054,2
19055,1
19056,1
19057,1
19058,1
19059,4
19060,0
19061,0
19062,5
19063,1
19064,0
19065,1
19066,1
19067,1
19068,0
19069,1
19070,1
19071,1
19072,4
19073,1
19074,2
19075,0
19076,1
19077,0
19078,1
19079,3
19080,0
19081,1
19082,1
19083,1
19084,4
19085,1
19086,1
19087,2
19088,0
19089,2
19090,3
19091,3
19092,3
19093,0
19094,0
19095,0
19096,0
19097,5
19098,3
19099,5
19100,0
19101,0
19102,4
19103,3
19104,1
19105,1
19106,3
19107,3
19108,0
19109,4
19110,0
19111,0
19112,1
19113,3
19114,4
19115,3
19116,4
19117,1
19118,0
19119,1
19120,1
19121,1
19122,1
19123,0
19124,1
19125,4
19126,1
19127,1
19128,4
19129,0
19130,0
19131,1
19132,0
19133,5
19134,3
19135,3
19136,1
19137,1
19138,5
19139,0
19140,2
19141,0
19142,1
19143,0
19144,4
19145,1
19146,1
19147,3
19148,1
19149,2
19150,0
19151,1
19152,4
19153,0
19154,0
19155,1
19156,0
19157,0
19158,0
19159,1
19160,0
19161,0
19162,0
19163,1
19164,1
19165,1
19166,2
19167,0
19168,4
19169,1
19170,3
19171,1
19172,0
19173,1
19174,0
19175,0
19176,0
19177,2
19178,3
19179,0
19180,3
19181,1
19182,0
19183,0
19184,1
19185,0
19186,1
19187,0
19188,3
19189,4
19190,1
19191,0
19192,1
19193,1
19194,1
19195,1
19196,2
19197,3
19198,2
19199,1
19200,0
19201,3
19202,3
19203,1
19204,1
19205,1
19206,0
19207,1
19208,1
19209,1
19210,1
19211,1
19212,1
19213,1
19214,0
19215,1
19216,0
19217,3
19218,0
19219,3
19220,0
19221,4
19222,1
19223,0
19224,3
19225,1
19226,1
19227,1
19228,1
19229,1
19230,0
19231,0
19232,0
19233,1
19234,3
19235,0
19236,1
19237,1
19238,1
19239,1
19240,2
19241,0
19242,2
19243,1
19244,0
19245,0
19246,1
19247,0
19248,3
19249,1
19250,1
19251,1
19252,0
19253,0
19254,1
19255,2
19256,1
19257,0
19258,1
19259,1
19260,1
19261,0
19262,0
19263,1
19264,3
19265,1
19266,1
19267,0
19268,2
19269,0
19270,5
19271,0
19272,0
19273,0
19274,3
19275,0
19276,0
19277,4
19278,1
19279,4
19280,1
19281,0
19282,1
19283,1
19284,4
19285,3
19286,0
19287,1
19288,0
19289,1
19290,2
19291,1
19292,1
19293,1
19294,1
19295,1
19296,4
19297,0
19298,2
19299,0
19300,2
19301,1
19302,3
19303,1
19304,0
19305,0
19306,1
19307,1
19308,0
19309,0
19310,0
19311,1
19312,0
19313,3
19314,2
19315,0
19316,1
19317,2
19318,0
19319,0
19320,4
19321,0
19322,4
19323,1
19324,0
19325,3
19326,0
19327,1
19328,0
19329,1
19330,1
19331,0
19332,0
19333,1
19334,1
19335,1
19336,3
19337,1
19338,0
19339,0
19340,0
19341,1
19342,0
19343,1
19344,1
19345,1
19346,4
19347,3
19348,0
19349,1
19350,4
19351,1
19352,2
19353,1
19354,0
19355,1
19356,0
19357,0
19358,0
19359,1
19360,4
19361,1
19362,0
19363,0
19364,0
19365,1
19366,1
19367,0
19368,1
19369,1
19370,1
19371,4
19372,1
19373,0
19374,1
19375,1
19376,0
19377,1
19378,0
19379,1
19380,1
19381,1
19382,0
19383,1
19384,0
19385,1
19386,0
19387,4
19388,1
19389,0
19390,1
19391,0
19392,4
19393,2
19394,0
19395,4
19396,1
19397,1
19398,5
19399,4
19400,2
19401,1
19402,4
19403,0
19404,0
19405,0
19406,1
19407,0
19408,4
19409,0
19410,1
19411,0
19412,0
19413,0
19414,1
19415,3
19416,1
19417,2
19418,0
19419,1
19420,0
19421,0
19422,4
19423,4
19424,0
19425,1
19426,0
19427,1
19428,0
19429,0
19430,0
19431,3
19432,4
19433,0
19434,1
19435,4
19436,0
19437,0
19438,1
19439,0
19440,0
19441,3
19442,0
19443,0
19444,3
19445,0
19446,1
19447,3
19448,1
19449,0
19450,1
19451,0
19452,3
19453,4
19454,4
19455,4
19456,3
19457,0
19458,1
19459,1
19460,1
19461,1
19462,3
19463,0
19464,0
19465,5
19466,3
19467,4
19468,0
19469,1
19470,0
19471,3
19472,0
19473,1
19474,1
19475,1
19476,0
19477,1
19478,1
19479,1
19480,1
19481,1
19482,1
19483,1
19484,1
19485,1
19486,2
19487,1
19488,3
19489,0
19490,0
19491,0
19492,4
19493,2
19494,1
19495,1
19496,1
19497,0
19498,2
19499,4
19500,0
19501,1
19502,1
19503,0
19504,0
19505,2
19506,0
19507,3
19508,4
19509,0
19510,0
19511,0
19512,1
19513,1
19514,0
19515,0
19516,0
19517,1
19518,0
19519,1
19520,1
19521,1
19522,1
19523,0
19524,0
19525,1
19526,2
19527,1
19528,0
19529,1
19530,0
19531,4
19532,4
19533,1
19534,0
19535,0
19536,1
19537,0
19538,1
19539,0
19540,1
19541,0
19542,0
19543,1
19544,1
19545,1
19546,3
19547,0
19548,0
19549,0
19550,1
19551,1
19552,3
19553,0
19554,1
19555,2
19556,0
19557,4
19558,2
19559,1
19560,4
19561,1
19562,1
19563,1
19564,0
19565,3
19566,1
19567,0
19568,1
19569,0
19570,0
19571,2
19572,2
19573,1
19574,3
19575,4
19576,0
19577,1
19578,0
19579,0
19580,1
19581,0
19582,1
19583,1
19584,0
19585,1
19586,2
19587,0
19588,0
19589,1
19590,0
19591,0
19592,1
19593,1
19594,0
19595,1
19596,0
19597,0
19598,1
19599,2
19600,3
19601,0
19602,3
19603,0
19604,0
19605,0
19606,0
19607,5
19608,1
19609,1
19610,1
19611,1
19612,4
19613,0
19614,0
19615,1
19616,0
19617,0
19618,1
19619,3
19620,0
19621,0
19622,1
19623,0
19624,1
19625,1
19626,1
19627,0
19628,0
19629,0
19630,1
19631,2
19632,4
19633,1
19634,0
19635,0
19636,1
19637,1
19638,1
19639,2
19640,0
19641,0
19642,0
19643,3
19644,3
19645,3
19646,1
19647,0
19648,4
19649,0
19650,0
19651,0
19652,1
19653,0
19654,1
19655,0
19656,1
19657,1
19658,3
19659,3
19660,0
19661,1
19662,0
19663,4
19664,1
19665,4
19666,1
19667,0
19668,0
19669,1
19670,4
19671,1
19672,3
19673,3
19674,1
19675,1
19676,3
19677,1
19678,0
19679,0
19680,0
19681,1
19682,0
19683,3
19684,0
19685,1
19686,4
19687,1
19688,1
19689,0
19690,0
19691,1
19692,1
19693,4
19694,3
19695,1
19696,1
19697,0
19698,0
19699,1
19700,4
19701,0
19702,5
19703,1
19704,0
19705,1
19706,1
19707,1
19708,0
19709,0
19710,0
19711,5
19712,4
19713,0
19714,5
19715,0
19716,3
19717,1
19718,3
19719,4
19720,0
19721,1
19722,1
19723,3
19724,1
19725,1
19726,3
19727,0
19728,0
19729,2
19730,1
19731,1
19732,1
19733,0
19734,0
19735,1
19736,1
19737,1
19738,1
19739,1
19740,2
19741,0
19742,2
19743,0
19744,1
19745,0
19746,1
19747,0
19748,1
19749,0
19750,0
19751,1
19752,0
19753,0
19754,0
19755,1
19756,3
19757,0
19758,4
19759,4
19760,1
19761,1
19762,0
19763,1
19764,1
19765,3
19766,1
19767,2
19768,1
19769,0
19770,4
19771,3
19772,1
19773,0
19774,1
19775,3
19776,0
19777,5
19778,2
19779,3
19780,1
19781,3
19782,3
19783,0
19784,1
19785,1
19786,0
19787,0
19788,0
19789,3
19790,1
19791,1
19792,1
19793,5
19794,3
19795,0
19796,0
19797,2
19798,0
19799,1
19800,1
19801,4
19802,0
19803,0
19804,0
19805,1
19806,2
19807,3
19808,1
19809,1
19810,1
19811,2
19812,3
19813,3
19814,1
19815,0
19816,1
19817,1
19818,0
19819,1
19820,3
19821,0
19822,0
19823,1
19824,1
19825,1
19826,1
19827,1
19828,1
19829,1
19830,0
19831,1
19832,1
19833,0
19834,2
19835,1
19836,0
19837,1
19838,4
19839,2
19840,0
19841,0
19842,1
19843,0
19844,3
19845,4
19846,1
19847,0
19848,2
19849,0
19850,0
19851,1
19852,1
19853,4
19854,0
19855,1
19856,2
19857,1
19858,2
19859,0
19860,0
19861,4
19862,1
19863,3
19864,0
19865,1
19866,2
19867,1
19868,0
19869,1
19870,1
19871,1
19872,5
19873,1
19874,2
19875,1
19876,0
19877,0
19878,0
19879,1
19880,0
19881,1
19882,0
19883,1
19884,1
19885,1
19886,0
19887,0
19888,2
19889,1
19890,1
19891,0
19892,0
19893,1
19894,1
19895,0
19896,1
19897,3
19898,2
19899,4
19900,1
19901,0
19902,1
19903,1
19904,4
19905,1
19906,0
19907,1
19908,1
19909,1
19910,2
19911,1
19912,0
19913,1
19914,3
19915,0
19916,0
19917,1
19918,0
19919,0
19920,3
19921,1
19922,1
19923,1
19924,3
19925,0
19926,0
19927,0
19928,3
19929,0
19930,0
19931,0
19932,1
19933,0
19934,1
19935,4
19936,1
19937,0
19938,0
19939,0
19940,1
19941,2
19942,0
19943,0
19944,0
19945,4
19946,3
19947,0
19948,0
19949,1
19950,0
19951,1
19952,1
19953,1
19954,1
19955,1
19956,3
19957,3
19958,1
19959,0
19960,4
19961,0
19962,3
19963,1
19964,0
19965,2
19966,0
19967,3
19968,4
19969,0
19970,1
19971,1
19972,1
19973,4
19974,1
19975,1
19976,1
19977,1
19978,0
19979,0
19980,3
19981,3
19982,0
19983,1
19984,0
19985,4
19986,1
19987,1
19988,1
19989,2
19990,4
19991,3
19992,0
19993,0
19994,1
19995,1
19996,1
19997,3
19998,4
19999,0
20000,4
20001,0
20002,4
20003,0
20004,3
20005,0
20006,0
20007,0
20008,0
20009,0
20010,3
20011,0
20012,0
20013,4
20014,1
20015,1
20016,2
20017,4
20018,0
20019,1
20020,0
20021,1
20022,1
20023,2
20024,2
20025,0
20026,3
20027,1
20028,0
20029,1
20030,2
20031,0
20032,1
20033,0
20034,0
20035,0
20036,3
20037,4
20038,1
20039,3
20040,1
20041,3
20042,0
20043,1
20044,1
20045,0
20046,2
20047,1
20048,1
20049,1
20050,0
20051,0
20052,5
20053,1
20054,5
20055,1
20056,4
20057,0
20058,0
20059,1
20060,0
20061,5
20062,1
20063,3
20064,1
20065,3
20066,4
20067,1
20068,1
20069,5
20070,1
20071,4
20072,3
20073,0
20074,3
20075,3
20076,1
20077,0
20078,1
20079,0
20080,0
20081,0
20082,0
20083,5
20084,1
20085,0
20086,1
20087,1
20088,4
20089,0
20090,0
20091,0
20092,0
20093,1
20094,2
20095,0
20096,1
20097,1
20098,3
20099,2
20100,1
20101,1
20102,4
20103,1
20104,1
20105,0
20106,1
20107,4
20108,0
20109,0
20110,0
20111,0
20112,1
20113,0
20114,0
20115,1
20116,4
20117,3
20118,1
20119,5
20120,1
20121,0
20122,0
20123,1
20124,1
20125,4
20126,1
20127,4
20128,2
20129,3
20130,1
20131,0
20132,1
20133,0
20134,3
20135,1
20136,0
20137,1
20138,1
20139,1
20140,3
20141,2
20142,0
20143,0
20144,0
20145,1
20146,0
20147,1
20148,1
20149,1
20150,0
20151,1
20152,2
20153,3
20154,0
20155,2
20156,0
20157,4
20158,1
20159,3
20160,0
20161,3
20162,3
20163,3
20164,0
20165,5
20166,2
20167,1
20168,1
20169,3
20170,1
20171,5
20172,0
20173,1
20174,1
20175,0
20176,0
20177,0
20178,4
20179,1
20180,3
20181,1
20182,0
20183,3
20184,1
20185,1
20186,1
20187,0
20188,1
20189,0
20190,3
20191,3
20192,1
20193,4
20194,2
20195,1
20196,1
20197,0
20198,5
20199,1
20200,0
20201,1
20202,4
20203,1
20204,3
20205,0
20206,3
20207,1
20208,1
20209,4
20210,5
20211,3
20212,2
20213,1
20214,4
20215,1
20216,0
20217,0
20218,0
20219,0
20220,3
20221,1
20222,0
20223,0
20224,0
20225,1
20226,2
20227,0
20228,4
20229,1
20230,0
20231,2
20232,0
20233,2
20234,0
20235,1
20236,4
20237,1
20238,1
20239,0
20240,5
20241,1
20242,1
20243,4
20244,5
20245,0
20246,1
20247,1
20248,1
20249,0
20250,2
20251,0
20252,1
20253,0
20254,3
20255,1
20256,1
20257,2
20258,0
20259,1
20260,5
20261,2
20262,0
20263,1
20264,1
20265,1
20266,0
20267,0
20268,1
20269,1
20270,1
20271,4
20272,5
20273,3
20274,1
20275,0
20276,1
20277,0
20278,1
20279,1
20280,5
20281,4
20282,4
20283,4
20284,1
20285,0
20286,0
20287,0
20288,3
20289,0
20290,3
20291,2
20292,5
20293,1
20294,1
20295,1
20296,0
20297,1
20298,2
20299,5
20300,1
20301,1
20302,4
20303,1
20304,0
20305,0
20306,0
20307,0
20308,4
20309,0
20310,4
20311,3
20312,1
20313,0
20314,0
20315,0
20316,0
20317,2
20318,0
20319,1
20320,0
20321,0
20322,0
20323,1
20324,0
20325,1
20326,0
20327,0
20328,0
20329,1
20330,0
20331,0
20332,1
20333,0
20334,1
20335,1
20336,1
20337,3
20338,1
20339,1
20340,1
20341,3
20342,0
20343,4
20344,3
20345,2
20346,0
20347,1
20348,1
20349,1
20350,0
20351,1
20352,0
20353,3
20354,2
20355,2
20356,0
20357,0
20358,1
20359,3
20360,4
20361,1
20362,5
20363,1
20364,4
20365,0
20366,0
20367,1
20368,0
20369,4
20370,1
20371,0
20372,0
20373,2
20374,0
20375,0
20376,0
20377,4
20378,0
20379,1
20380,2
20381,1
20382,0
20383,0
20384,4
20385,4
20386,4
20387,3
20388,0
20389,4
20390,1
20391,0
20392,2
20393,1
20394,3
20395,0
20396,4
20397,0
20398,4
20399,1
20400,0
20401,5
20402,1
20403,2
20404,4
20405,0
20406,0
20407,2
20408,3
20409,2
20410,1
20411,5
20412,1
20413,1
20414,0
20415,0
20416,1
20417,0
20418,3
20419,4
20420,1
20421,2
20422,1
20423,0
20424,4
20425,0
20426,0
20427,1
20428,1
20429,0
20430,1
20431,0
20432,0
20433,1
20434,1
20435,1
20436,4
20437,2
20438,0
20439,1
20440,0
20441,1
20442,5
20443,0
20444,0
20445,0
20446,1
20447,1
20448,0
20449,0
20450,0
20451,1
20452,1
20453,1
20454,4
20455,3
20456,1
20457,1
20458,1
20459,1
20460,3
20461,3
20462,0
20463,3
20464,0
20465,0
20466,1
20467,1
20468,1
20469,2
20470,1
20471,3
20472,1
20473,2
20474,0
20475,1
20476,1
20477,3
20478,1
20479,0
20480,1
20481,1
20482,1
20483,1
20484,1
20485,1
20486,1
20487,1
20488,1
20489,1
20490,0
20491,1
20492,3
20493,1
20494,2
20495,4
20496,1
20497,2
20498,4
20499,3
20500,0
20501,1
20502,1
20503,1
20504,5
20505,1
20506,1
20507,0
20508,2
20509,0
20510,0
20511,1
20512,1
20513,1
20514,0
20515,0
20516,0
20517,0
20518,1
20519,4
20520,4
20521,0
20522,0
20523,0
20524,0
20525,0
20526,1
20527,1
20528,2
20529,4
20530,0
20531,2
20532,0
20533,0
20534,1
20535,0
20536,0
20537,0
20538,1
20539,4
20540,0
20541,1
20542,0
20543,0
20544,1
20545,1
20546,0
20547,3
20548,2
20549,0
20550,1
20551,0
20552,3
20553,0
20554,0
20555,1
20556,0
20557,4
20558,0
20559,0
20560,4
20561,2
20562,0
20563,0
20564,1
20565,0
20566,3
20567,2
20568,2
20569,0
20570,1
20571,1
20572,2
20573,1
20574,0
20575,3
20576,3
20577,0
20578,0
20579,1
20580,3
20581,0
20582,0
20583,1
20584,0
20585,2
20586,1
20587,2
20588,3
20589,0
20590,3
20591,1
20592,4
20593,0
20594,1
20595,1
20596,0
20597,0
20598,1
20599,0
20600,5
20601,0
20602,0
20603,0
20604,0
20605,1
20606,1
20607,0
20608,4
20609,1
20610,0
20611,1
20612,1
20613,0
20614,2
20615,4
20616,1
20617,0
20618,1
20619,0
20620,1
20621,5
20622,0
20623,0
20624,1
20625,0
20626,0
20627,3
20628,0
20629,1
20630,4
20631,0
20632,3
20633,2
20634,0
20635,0
20636,0
20637,4
20638,1
20639,0
20640,1
20641,1
20642,0
20643,1
20644,0
20645,1
20646,0
20647,2
20648,1
20649,0
20650,1
20651,1
20652,1
20653,4
20654,3
20655,0
20656,0
20657,0
20658,4
20659,0
20660,1
20661,2
20662,1
20663,1
20664,5
20665,3
20666,1
20667,0
20668,0
20669,5
20670,1
20671,3
20672,0
20673,0
20674,1
20675,0
20676,1
20677,1
20678,1
20679,1
20680,0
20681,0
20682,0
20683,3
20684,0
20685,1
20686,2
20687,0
20688,4
20689,1
20690,1
20691,0
20692,0
20693,3
20694,0
20695,1
20696,4
20697,0
20698,3
20699,0
20700,0
20701,1
20702,3
20703,0
20704,1
20705,0
20706,4
20707,2
20708,1
20709,1
20710,2
20711,3
20712,0
20713,0
20714,0
20715,0
20716,4
20717,1
20718,0
20719,2
20720,4
20721,3
20722,0
20723,0
20724,0
20725,1
20726,1
20727,0
20728,1
20729,3
20730,1
20731,0
20732,1
20733,0
20734,1
20735,1
20736,0
20737,3
20738,3
20739,0
20740,4
20741,1
20742,3
20743,3
20744,1
20745,1
20746,0
20747,4
20748,1
20749,0
20750,0
20751,0
20752,1
20753,1
20754,1
20755,1
20756,1
20757,1
20758,2
20759,0
20760,0
20761,1
20762,0
20763,1
20764,3
20765,4
20766,3
20767,1
20768,0
20769,2
20770,0
20771,0
20772,1
20773,2
20774,0
20775,1
20776,2
20777,1
20778,0
20779,1
20780,1
20781,3
20782,0
20783,1
20784,1
20785,3
20786,1
20787,0
20788,3
20789,4
20790,0
20791,4
20792,0
20793,1
20794,1
20795,0
20796,1
20797,0
20798,1
20799,2
20800,0
20801,0
20802,1
20803,3
20804,0
20805,1
20806,1
20807,1
20808,1
20809,0
20810,2
20811,1
20812,0
20813,3
20814,4
20815,0
20816,1
20817,0
20818,1
20819,0
20820,4
20821,1
20822,2
20823,0
20824,3
20825,0
20826,0
20827,4
20828,0
20829,3
20830,0
20831,2
20832,2
20833,1
20834,1
20835,0
20836,0
20837,5
20838,1
20839,1
20840,5
20841,0
20842,0
20843,1
20844,1
20845,0
20846,0
20847,3
20848,0
20849,1
20850,1
20851,2
20852,1
20853,4
20854,1
20855,0
20856,1
20857,1
20858,1
20859,0
20860,1
20861,2
20862,2
20863,2
20864,1
20865,1
20866,3
20867,1
20868,3
20869,4
20870,3
20871,1
20872,1
20873,1
20874,1
20875,0
20876,2
20877,1
20878,3
20879,1
20880,2
20881,1
20882,4
20883,0
20884,1
20885,1
20886,3
20887,0
20888,1
20889,0
20890,4
20891,0
20892,2
20893,1
20894,3
20895,3
20896,0
20897,1
20898,0
20899,1
20900,1
20901,1
20902,1
20903,1
20904,0
20905,0
20906,4
20907,0
20908,0
20909,1
20910,0
20911,1
20912,0
20913,1
20914,0
20915,1
20916,1
20917,2
20918,1
20919,0
20920,1
20921,1
20922,1
20923,0
20924,1
20925,1
20926,1
20927,1
20928,5
20929,1
20930,0
20931,1
20932,3
20933,2
20934,0
20935,1
20936,0
20937,5
20938,0
20939,0
20940,1
20941,1
20942,3
20943,0
20944,0
20945,1
20946,0
20947,3
20948,1
20949,0
20950,1
20951,1
20952,3
20953,0
20954,1
20955,1
20956,1
20957,0
20958,0
20959,0
20960,0
20961,1
20962,0
20963,1
20964,1
20965,2
20966,4
20967,1
20968,2
20969,1
20970,3
20971,1
20972,0
20973,4
20974,0
20975,1
20976,0
20977,0
20978,1
20979,1
20980,3
20981,1
20982,0
20983,1
20984,1
20985,1
20986,1
20987,3
20988,1
20989,0
20990,1
20991,1
20992,3
20993,3
20994,2
20995,0
20996,5
20997,3
20998,0
20999,0
21000,1
21001,0
21002,0
21003,1
21004,2
21005,3
21006,0
21007,1
21008,0
21009,1
21010,1
21011,1
21012,1
21013,2
21014,3
21015,1
21016,0
21017,1
21018,1
21019,0
21020,1
21021,0
21022,3
21023,2
21024,1
21025,0
21026,1
21027,5
21028,2
21029,1
21030,1
21031,0
21032,1
21033,3
21034,2
21035,1
21036,3
21037,0
21038,4
21039,2
21040,1
21041,5
21042,0
21043,5
21044,1
21045,1
21046,3
21047,1
21048,4
21049,0
21050,1
21051,1
21052,2
21053,3
21054,4
21055,3
21056,2
21057,0
21058,0
21059,0
21060,1
21061,0
21062,0
21063,4
21064,0
21065,0
21066,5
21067,1
21068,2
21069,0
21070,3
21071,1
21072,4
21073,0
21074,3
21075,1
21076,2
21077,1
21078,1
21079,1
21080,1
21081,0
21082,1
21083,1
21084,2
21085,0
21086,1
21087,3
21088,0
21089,1
21090,1
21091,1
21092,0
21093,1
21094,1
21095,1
21096,0
21097,3
21098,3
21099,1
21100,2
21101,4
21102,1
21103,3
21104,1
21105,0
21106,3
21107,0
21108,0
21109,0
21110,0
21111,3
21112,4
21113,0
21114,3
21115,0
21116,2
21117,1
21118,0
21119,0
21120,4
21121,0
21122,4
21123,4
21124,1
21125,1
21126,1
21127,0
21128,1
21129,1
21130,1
21131,4
21132,1
21133,1
21134,0
21135,1
21136,0
21137,3
21138,0
21139,3
21140,0
21141,3
21142,1
21143,0
21144,1
21145,2
21146,1
21147,2
21148,1
21149,1
21150,0
21151,1
21152,3
21153,3
21154,4
21155,0
21156,0
21157,1
21158,1
21159,1
21160,2
21161,0
21162,0
21163,1
21164,4
21165,4
21166,2
21167,2
21168,0
21169,3
21170,0
21171,1
21172,2
21173,4
21174,1
21175,0
21176,1
21177,1
21178,0
21179,1
21180,1
21181,1
21182,1
21183,0
21184,0
21185,3
21186,1
21187,3
21188,0
21189,4
21190,1
21191,0
21192,1
21193,0
21194,1
21195,3
21196,1
21197,1
21198,0
21199,1
21200,1
21201,1
21202,1
21203,0
21204,3
21205,0
21206,0
21207,2
21208,0
21209,1
21210,0
21211,1
21212,0
21213,0
21214,3
21215,1
21216,0
21217,1
21218,4
21219,0
21220,0
21221,3
21222,1
21223,0
21224,0
21225,5
21226,4
21227,1
21228,4
21229,2
21230,1
21231,1
21232,5
21233,0
21234,1
21235,1
21236,0
21237,1
21238,0
21239,2
21240,4
21241,1
21242,0
21243,2
21244,0
21245,3
21246,0
21247,1
21248,0
21249,3
21250,1
21251,1
21252,4
21253,1
21254,0
21255,2
21256,3
21257,2
21258,4
21259,0
21260,1
21261,1
21262,0
21263,4
21264,0
21265,4
21266,1
21267,1
21268,3
21269,0
21270,4
21271,0
21272,1
21273,1
21274,2
21275,2
21276,0
21277,1
21278,0
21279,1
21280,1
21281,5
21282,1
21283,0
21284,1
21285,0
21286,5
21287,4
21288,5
21289,2
21290,0
21291,1
21292,1
21293,0
21294,0
21295,1
21296,1
21297,0
21298,0
21299,1
21300,4
21301,0
21302,1
21303,1
21304,4
21305,1
21306,1
21307,3
21308,0
21309,1
21310,4
21311,1
21312,1
21313,0
21314,1
21315,2
21316,0
21317,0
21318,1
21319,0
21320,0
21321,3
21322,1
21323,1
21324,4
21325,2
21326,2
21327,1
21328,1
21329,1
21330,1
21331,1
21332,1
21333,1
21334,1
21335,3
21336,4
21337,3
21338,1
21339,1
21340,0
21341,1
21342,5
21343,4
21344,0
21345,0
21346,0
21347,3
21348,0
21349,1
21350,0
21351,0
21352,1
21353,1
21354,1
21355,1
21356,1
21357,3
21358,1
21359,0
21360,1
21361,1
21362,0
21363,0
21364,0
21365,1
21366,0
21367,0
21368,1
21369,0
21370,0
21371,1
21372,1
21373,3
21374,1
21375,3
21376,0
21377,1
21378,1
21379,1
21380,0
21381,4
21382,3
21383,3
21384,3
21385,0
21386,1
21387,1
21388,1
21389,0
21390,3
21391,0
21392,0
21393,3
21394,3
21395,1
21396,1
21397,0
21398,2
21399,0
21400,2
21401,1
21402,1
21403,0
21404,4
21405,4
21406,3
21407,0
21408,4
21409,1
21410,1
21411,1
21412,0
21413,0
21414,0
21415,3
21416,1
21417,0
21418,3
21419,3
21420,2
21421,1
21422,4
21423,0
21424,1
21425,0
21426,0
21427,3
21428,2
21429,1
21430,1
21431,0
21432,1
21433,1
21434,1
21435,0
21436,1
21437,1
21438,3
21439,1
21440,0
21441,3
21442,1
21443,4
21444,1
21445,0
21446,3
21447,0
21448,1
21449,1
21450,2
21451,0
21452,0
21453,1
21454,0
21455,3
21456,4
21457,0
21458,0
21459,0
21460,1
21461,0
21462,0
21463,4
21464,1
21465,0
21466,3
21467,0
21468,0
21469,1
21470,0
21471,1
21472,4
21473,4
21474,1
21475,5
21476,1
21477,1
21478,0
21479,4
21480,0
21481,1
21482,0
21483,1
21484,0
21485,0
21486,0
21487,1
21488,2
21489,4
21490,3
21491,1
21492,1
21493,1
21494,1
21495,1
21496,0
21497,0
21498,1
21499,4
21500,0
21501,1
21502,1
21503,3
21504,0
21505,1
21506,4
21507,0
21508,1
21509,0
21510,1
21511,0
21512,4
21513,0
21514,0
21515,0
21516,1
21517,0
21518,0
21519,1
21520,1
21521,3
21522,1
21523,1
21524,3
21525,1
21526,1
21527,0
21528,0
21529,1
21530,1
21531,2
21532,1
21533,1
21534,0
21535,1
21536,0
21537,2
21538,4
21539,1
21540,4
21541,1
21542,0
21543,0
21544,1
21545,1
21546,0
21547,0
21548,0
21549,2
21550,1
21551,1
21552,1
21553,4
21554,1
21555,0
21556,1
21557,0
21558,2
21559,0
21560,0
21561,0
21562,1
21563,1
21564,1
21565,1
21566,0
21567,1
21568,0
21569,0
21570,1
21571,0
21572,0
21573,3
21574,0
21575,1
21576,1
21577,3
21578,0
21579,4
21580,2
21581,1
21582,1
21583,3
21584,1
21585,3
21586,3
21587,1
21588,0
21589,0
21590,4
21591,1
21592,1
21593,1
21594,4
21595,2
21596,0
21597,0
21598,1
21599,0
21600,1
21601,4
21602,1
21603,1
21604,3
21605,1
21606,1
21607,2
21608,1
21609,0
21610,1
21611,1
21612,0
21613,4
21614,2
21615,0
21616,1
21617,2
21618,0
21619,2
21620,4
21621,2
21622,3
21623,3
21624,2
21625,1
21626,1
21627,0
21628,0
21629,0
21630,0
21631,1
21632,4
21633,0
21634,0
21635,0
21636,1
21637,1
21638,0
21639,1
21640,1
21641,0
21642,1
21643,3
21644,0
21645,1
21646,0
21647,0
21648,0
21649,1
21650,0
21651,1
21652,4
21653,0
21654,3
21655,3
21656,3
21657,1
21658,1
21659,1
21660,0
21661,1
21662,3
21663,1
21664,3
21665,1
21666,0
21667,0
21668,0
21669,3
21670,0
21671,1
21672,3
21673,4
21674,1
21675,0
21676,0
21677,0
21678,1
21679,0
21680,0
21681,0
21682,3
21683,4
21684,0
21685,1
21686,4
21687,1
21688,4
21689,1
21690,1
21691,3
21692,0
21693,0
21694,1
21695,0
21696,2
21697,1
21698,4
21699,0
21700,0
21701,0
21702,1
21703,1
21704,1
21705,1
21706,2
21707,0
21708,1
21709,0
21710,1
21711,0
21712,1
21713,0
21714,0
21715,0
21716,0
21717,1
21718,0
21719,0
21720,1
21721,0
21722,0
21723,2
21724,1
21725,2
21726,0
21727,0
21728,3
21729,0
21730,1
21731,4
21732,1
21733,0
21734,0
21735,0
21736,1
21737,1
21738,0
21739,1
21740,1
21741,0
21742,0
21743,1
21744,1
21745,4
21746,0
21747,3
21748,0
21749,0
21750,0
21751,5
21752,5
21753,4
21754,0
21755,1
21756,1
21757,1
21758,4
21759,5
21760,4
21761,3
21762,1
21763,2
21764,0
21765,0
21766,1
21767,3
21768,1
21769,3
21770,1
21771,1
21772,1
21773,2
21774,0
21775,2
21776,1
21777,1
21778,5
21779,1
21780,0
21781,1
21782,1
21783,1
21784,1
21785,5
21786,0
21787,1
21788,4
21789,0
21790,1
21791,1
21792,3
21793,0
21794,2
21795,4
21796,3
21797,1
21798,0
21799,1
21800,0
21801,1
21802,1
21803,1
21804,4
21805,1
21806,3
21807,0
21808,1
21809,3
21810,1
21811,0
21812,0
21813,3
21814,0
21815,1
21816,2
21817,3
21818,1
21819,0
21820,3
21821,3
21822,1
21823,2
21824,0
21825,0
21826,0
21827,0
21828,0
21829,5
21830,2
21831,4
21832,3
21833,0
21834,3
21835,1
21836,3
21837,0
21838,0
21839,3
21840,0
21841,3
21842,1
21843,0
21844,3
21845,4
21846,0
21847,1
21848,3
21849,1
21850,0
21851,2
21852,1
21853,1
21854,3
21855,2
21856,0
21857,1
21858,1
21859,1
21860,1
21861,0
21862,0
21863,3
21864,2
21865,2
21866,3
21867,1
21868,1
21869,1
21870,2
21871,1
21872,0
21873,0
21874,3
21875,2
21876,0
21877,0
21878,1
21879,1
21880,4
21881,4
21882,1
21883,0
21884,0
21885,1
21886,0
21887,4
21888,2
21889,1
21890,1
21891,1
21892,1
21893,1
21894,0
21895,1
21896,1
21897,0
21898,1
21899,0
21900,0
21901,1
21902,3
21903,0
21904,3
21905,0
21906,0
21907,0
21908,1
21909,1
21910,0
21911,4
21912,1
21913,3
21914,0
21915,3
21916,4
21917,1
21918,0
21919,1
21920,1
21921,1
21922,1
21923,0
21924,0
21925,1
21926,4
21927,0
21928,4
21929,5
21930,0
21931,2
21932,1
21933,1
21934,0
21935,3
21936,1
21937,1
21938,0
21939,1
21940,0
21941,1
21942,1
21943,0
21944,0
21945,3
21946,2
21947,1
21948,3
21949,4
21950,0
21951,0
21952,0
21953,0
21954,0
21955,1
21956,1
21957,0
21958,4
21959,4
21960,0
21961,2
21962,0
21963,3
21964,0
21965,1
21966,4
21967,4
21968,1
21969,4
21970,0
21971,0
21972,1
21973,1
21974,0
21975,1
21976,1
21977,3
21978,1
21979,3
21980,1
21981,1
21982,1
21983,0
21984,2
21985,3
21986,1
21987,2
21988,1
21989,0
21990,1
21991,1
21992,1
21993,4
21994,4
21995,4
21996,3
21997,0
21998,1
21999,2
22000,1
22001,0
22002,4
22003,0
22004,1
22005,1
22006,0
22007,1
22008,1
22009,3
22010,0
22011,1
22012,1
22013,1
22014,0
22015,2
22016,3
22017,1
22018,2
22019,3
22020,0
22021,1
22022,4
22023,2
22024,0
22025,2
22026,4
22027,0
22028,0
22029,0
22030,4
22031,1
22032,1
22033,3
22034,2
22035,0
22036,1
22037,1
22038,0
22039,1
22040,3
22041,4
22042,1
22043,0
22044,0
22045,3
22046,0
22047,0
22048,0
22049,0
22050,4
22051,1
22052,1
22053,1
22054,0
22055,1
22056,0
22057,0
22058,1
22059,0
22060,3
22061,0
22062,0
22063,1
22064,3
22065,2
22066,0
22067,5
22068,1
22069,0
22070,0
22071,2
22072,1
22073,3
22074,1
22075,3
22076,2
22077,1
22078,5
22079,1
22080,5
22081,4
22082,1
22083,1
22084,1
22085,1
22086,2
22087,1
22088,0
22089,0
22090,0
22091,1
22092,0
22093,1
22094,1
22095,4
22096,0
22097,1
22098,1
22099,1
22100,1
22101,1
22102,3
22103,0
22104,0
22105,1
22106,1
22107,4
22108,0
22109,0
22110,0
22111,3
22112,1
22113,1
22114,3
22115,1
22116,3
22117,1
22118,1
22119,1
22120,0
22121,0
22122,3
22123,3
22124,1
22125,1
22126,1
22127,4
22128,3
22129,0
22130,1
22131,1
22132,3
22133,1
22134,4
22135,1
22136,3
22137,0
22138,1
22139,0
22140,1
22141,1
22142,1
22143,1
22144,0
22145,0
22146,1
22147,0
22148,3
22149,1
22150,1
22151,1
22152,1
22153,3
22154,0
22155,3
22156,5
22157,3
22158,1
22159,0
22160,0
22161,0
22162,0
22163,4
22164,5
22165,1
22166,4
22167,1
22168,1
22169,1
22170,0
22171,1
22172,1
22173,0
22174,0
22175,4
22176,1
22177,1
22178,0
22179,1
22180,0
22181,3
22182,1
22183,0
22184,0
22185,0
22186,0
22187,0
22188,3
22189,1
22190,4
22191,3
22192,1
22193,0
22194,1
22195,1
22196,0
22197,1
22198,1
22199,0
22200,1
22201,0
22202,1
22203,1
22204,3
22205,1
22206,1
22207,0
22208,1
22209,3
22210,3
22211,0
22212,1
22213,1
22214,1
22215,1
22216,4
22217,1
22218,1
22219,0
22220,1
22221,3
22222,1
22223,0
22224,1
22225,1
22226,3
22227,1
22228,0
22229,3
22230,1
22231,1
22232,1
22233,2
22234,5
22235,4
22236,1
22237,0
22238,3
22239,1
22240,1
22241,0
22242,1
22243,1
22244,3
22245,4
22246,0
22247,5
22248,0
22249,3
22250,3
22251,3
22252,4
22253,0
22254,0
22255,4
22256,3
22257,1
22258,3
22259,0
22260,1
22261,0
22262,1
22263,4
22264,1
22265,1
22266,1
22267,1
22268,0
22269,1
22270,1
22271,1
22272,0
22273,3
22274,3
22275,4
22276,1
22277,3
22278,1
22279,4
22280,1
22281,4
22282,1
22283,1
22284,1
22285,0
22286,4
22287,1
22288,3
22289,1
22290,5
22291,1
22292,1
22293,1
22294,0
22295,3
22296,1
22297,0
22298,4
22299,3
22300,3
22301,1
22302,5
22303,0
22304,3
22305,0
22306,1
22307,1
22308,1
22309,3
22310,3
22311,1
22312,0
22313,2
22314,1
22315,1
22316,4
22317,1
22318,3
22319,0
22320,1
22321,0
22322,1
22323,0
22324,3
22325,1
22326,0
22327,4
22328,1
22329,1
22330,0
22331,2
22332,1
22333,2
22334,2
22335,0
22336,3
22337,1
22338,0
22339,0
22340,1
22341,1
22342,1
22343,1
22344,2
22345,2
22346,0
22347,2
22348,0
22349,3
22350,3
22351,0
22352,1
22353,1
22354,1
22355,3
22356,4
22357,1
22358,3
22359,0
22360,3
22361,0
22362,0
22363,4
22364,4
22365,0
22366,1
22367,3
22368,0
22369,3
22370,0
22371,1
22372,5
22373,1
22374,1
22375,0
22376,0
22377,1
22378,2
22379,1
22380,5
22381,1
22382,0
22383,0
22384,1
22385,0
22386,2
22387,0
22388,2
22389,2
22390,0
22391,4
22392,2
22393,3
22394,1
22395,3
22396,1
22397,0
22398,0
22399,1
22400,0
22401,1
22402,1
22403,4
22404,1
22405,0
22406,0
22407,2
22408,3
22409,5
22410,0
22411,0
22412,0
22413,1
22414,0
22415,1
22416,0
22417,1
22418,0
22419,1
22420,1
22421,0
22422,3
22423,1
22424,0
22425,2
22426,0
22427,1
22428,5
22429,1
22430,1
22431,5
22432,1
22433,1
22434,0
22435,2
22436,1
22437,2
22438,1
22439,0
22440,1
22441,1
22442,1
22443,0
22444,1
22445,3
22446,1
22447,4
22448,3
22449,1
22450,3
22451,2
22452,0
22453,0
22454,3
22455,0
22456,1
22457,3
22458,1
22459,4
22460,1
22461,2
22462,1
22463,1
22464,2
22465,1
22466,0
22467,3
22468,3
22469,1
22470,3
22471,1
22472,1
22473,0
22474,1
22475,0
22476,0
22477,0
22478,5
22479,1
22480,2
22481,1
22482,1
22483,0
22484,3
22485,1
22486,0
22487,1
22488,4
22489,0
22490,0
22491,1
22492,1
22493,1
22494,2
22495,1
22496,1
22497,2
22498,0
22499,1
22500,4
22501,0
22502,3
22503,1
22504,1
22505,1
22506,1
22507,2
22508,1
22509,3
22510,0
22511,0
22512,4
22513,2
22514,1
22515,0
22516,3
22517,1
22518,0
22519,0
22520,1
22521,1
22522,1
22523,0
22524,0
22525,4
22526,0
22527,1
22528,1
22529,0
22530,1
22531,2
22532,4
22533,0
22534,2
22535,1
22536,1
22537,0
22538,0
22539,4
22540,1
22541,1
22542,4
22543,1
22544,1
22545,0
22546,1
22547,0
22548,1
22549,0
22550,1
22551,1
22552,1
22553,1
22554,1
22555,0
22556,0
22557,0
22558,0
22559,0
22560,0
22561,0
22562,0
22563,5
22564,1
22565,5
22566,1
22567,1
22568,3
22569,0
22570,1
22571,0
22572,3
22573,3
22574,1
22575,3
22576,1
22577,1
22578,0
22579,2
22580,1
22581,1
22582,0
22583,5
22584,1
22585,3
22586,0
22587,0
22588,3
22589,3
22590,0
22591,2
22592,4
22593,0
22594,3
22595,1
22596,3
22597,1
22598,1
22599,3
22600,1
22601,1
22602,0
22603,1
22604,1
22605,3
22606,0
22607,0
22608,0
22609,1
22610,1
22611,0
22612,4
22613,1
22614,1
22615,4
22616,0
22617,1
22618,1
22619,0
22620,2
22621,0
22622,1
22623,1
22624,1
22625,1
22626,1
22627,1
22628,0
22629,0
22630,5
22631,0
22632,0
22633,1
22634,0
22635,1
22636,1
22637,1
22638,0
22639,1
22640,1
22641,0
22642,0
22643,2
22644,1
22645,0
22646,1
22647,5
22648,3
22649,3
22650,1
22651,0
22652,1
22653,1
22654,1
22655,4
22656,4
22657,0
22658,3
22659,1
22660,1
22661,1
22662,1
22663,1
22664,1
22665,0
22666,1
22667,0
22668,2
22669,0
22670,3
22671,0
22672,1
22673,1
22674,1
22675,0
22676,5
22677,0
22678,0
22679,3
22680,1
22681,1
22682,3
22683,2
22684,0
22685,0
22686,1
22687,4
22688,1
22689,0
22690,0
22691,0
22692,2
22693,1
22694,1
22695,1
22696,1
22697,0
22698,2
22699,1
22700,1
22701,1
22702,1
22703,2
22704,0
22705,1
22706,3
22707,0
22708,5
22709,2
22710,1
22711,0
22712,1
22713,0
22714,0
22715,4
22716,4
22717,1
22718,5
22719,1
22720,4
22721,0
22722,2
22723,1
22724,3
22725,4
22726,1
22727,2
22728,3
22729,4
22730,0
22731,3
22732,1
22733,0
22734,1
22735,1
22736,0
22737,0
22738,5
22739,3
22740,2
22741,3
22742,0
22743,0
22744,1
22745,0
22746,4
22747,0
22748,0
22749,3
22750,1
22751,3
22752,0
22753,1
22754,2
22755,1
22756,1
22757,2
22758,0
22759,0
22760,4
22761,2
22762,1
22763,4
22764,4
22765,1
22766,0
22767,0
22768,1
22769,1
22770,0
22771,0
22772,1
22773,1
22774,3
22775,1
22776,2
22777,0
22778,1
22779,4
22780,1
22781,2
22782,0
22783,3
22784,4
22785,1
22786,0
22787,3
22788,1
22789,1
22790,0
22791,5
22792,0
22793,1
22794,1
22795,1
22796,1
22797,3
22798,3
22799,4
22800,3
22801,1
22802,0
22803,4
22804,3
22805,1
22806,3
22807,1
22808,1
22809,1
22810,2
22811,2
22812,3
22813,0
22814,5
22815,4
22816,1
22817,0
22818,3
22819,1
22820,1
22821,1
22822,4
22823,0
22824,1
22825,2
22826,1
22827,0
22828,3
22829,0
22830,0
22831,1
22832,0
22833,1
22834,1
22835,0
22836,2
22837,0
22838,1
22839,3
22840,0
22841,0
22842,1
22843,1
22844,0
22845,3
22846,0
22847,1
22848,3
22849,0
22850,1
22851,1
22852,0
22853,0
22854,0
22855,0
22856,1
22857,1
22858,1
22859,0
22860,1
22861,2
22862,1
22863,1
22864,2
22865,2
22866,1
22867,0
22868,2
22869,1
22870,1
22871,0
22872,4
22873,1
22874,2
22875,0
22876,0
22877,4
22878,0
22879,1
22880,1
22881,0
22882,0
22883,0
22884,0
22885,0
22886,2
22887,1
22888,5
22889,1
22890,0
22891,1
22892,4
22893,1
22894,4
22895,0
22896,3
22897,0
22898,3
22899,1
22900,2
22901,0
22902,1
22903,1
22904,1
22905,2
22906,3
22907,0
22908,1
22909,3
22910,0
22911,1
22912,4
22913,1
22914,0
22915,1
22916,3
22917,1
22918,1
22919,1
22920,2
22921,0
22922,0
22923,0
22924,0
22925,1
22926,4
22927,0
22928,4
22929,1
22930,1
22931,4
22932,1
22933,0
22934,1
22935,2
22936,5
22937,0
22938,1
22939,0
22940,1
22941,2
22942,0
22943,3
22944,3
22945,1
22946,0
22947,1
22948,0
22949,1
22950,0
22951,0
22952,1
22953,1
22954,1
22955,3
22956,0
22957,1
22958,1
22959,1
22960,1
22961,1
22962,1
22963,1
22964,4
22965,4
22966,1
22967,0
22968,4
22969,1
22970,0
22971,0
22972,1
22973,4
22974,1
22975,0
22976,0
22977,1
22978,0
22979,0
22980,0
22981,0
22982,0
22983,0
22984,1
22985,0
22986,3
22987,1
22988,1
22989,1
22990,3
22991,0
22992,4
22993,0
22994,0
22995,1
22996,0
22997,0
22998,3
22999,1
23000,1
23001,3
23002,0
23003,1
23004,4
23005,0
23006,1
23007,1
23008,0
23009,0
23010,0
23011,1
23012,3
23013,0
23014,0
23015,4
23016,1
23017,0
23018,1
23019,0
23020,1
23021,0
23022,0
23023,0
23024,0
23025,3
23026,2
23027,3
23028,1
23029,1
23030,1
23031,1
23032,1
23033,5
23034,0
23035,1
23036,0
23037,1
23038,2
23039,1
23040,1
23041,2
23042,0
23043,4
23044,1
23045,1
23046,1
23047,1
23048,0
23049,1
23050,4
23051,0
23052,1
23053,1
23054,0
23055,1
23056,1
23057,0
23058,1
23059,4
23060,0
23061,1
23062,1
23063,1
23064,1
23065,3
23066,1
23067,1
23068,1
23069,0
23070,4
23071,0
23072,1
23073,0
23074,4
23075,5
23076,1
23077,1
23078,1
23079,1
23080,1
23081,0
23082,1
23083,1
23084,0
23085,0
23086,1
23087,1
23088,1
23089,1
23090,0
23091,0
23092,0
23093,0
23094,0
23095,0
23096,3
23097,0
23098,3
23099,3
23100,1
23101,0
23102,1
23103,1
23104,0
23105,0
23106,4
23107,1
23108,5
23109,1
23110,0
23111,1
23112,0
23113,1
23114,1
23115,5
23116,1
23117,0
23118,0
23119,0
23120,2
23121,0
23122,0
23123,1
23124,3
23125,1
23126,0
23127,2
23128,0
23129,1
23130,1
23131,0
23132,0
23133,4
23134,0
23135,1
23136,0
23137,3
23138,1
23139,0
23140,3
23141,1
23142,0
23143,1
23144,1
23145,1
23146,1
23147,2
23148,4
23149,0
23150,0
23151,1
23152,0
23153,1
23154,0
23155,3
23156,4
23157,1
23158,1
23159,0
23160,4
23161,4
23162,3
23163,1
23164,0
23165,0
23166,1
23167,4
23168,0
23169,0
23170,1
23171,1
23172,0
23173,4
23174,4
23175,0
23176,2
23177,0
23178,1
23179,0
23180,0
23181,1
23182,4
23183,3
23184,1
23185,1
23186,0
23187,0
23188,0
23189,1
23190,1
23191,4
23192,1
23193,0
23194,3
23195,0
23196,1
23197,1
23198,0
23199,4
23200,1
23201,1
23202,0
23203,0
23204,0
23205,1
23206,4
23207,0
23208,1
23209,1
23210,4
23211,4
23212,1
23213,0
23214,4
23215,4
23216,4
23217,1
23218,0
23219,0
23220,0
23221,1
23222,0
23223,1
23224,0
23225,1
23226,3
23227,3
23228,4
23229,1
23230,1
23231,0
23232,2
23233,1
23234,3
23235,0
23236,1
23237,0
23238,1
23239,1
23240,4
23241,1
23242,2
23243,1
23244,1
23245,4
23246,0
23247,3
23248,3
23249,3
23250,0
23251,4
23252,0
23253,4
23254,1
23255,0
23256,0
23257,0
23258,0
23259,4
23260,1
23261,4
23262,0
23263,0
23264,4
23265,3
23266,3
23267,1
23268,5
23269,1
23270,2
23271,3
23272,2
23273,3
23274,1
23275,1
23276,1
23277,4
23278,1
23279,4
23280,1
23281,2
23282,3
23283,1
23284,4
23285,1
23286,3
23287,1
23288,3
23289,1
23290,1
23291,3
23292,1
23293,0
23294,1
23295,0
23296,0
23297,3
23298,3
23299,0
23300,2
23301,1
23302,4
23303,0
23304,4
23305,0
23306,2
23307,1
23308,3
23309,3
23310,2
23311,4
23312,1
23313,1
23314,1
23315,1
23316,4
23317,1
23318,0
23319,1
23320,0
23321,0
23322,0
23323,4
23324,1
23325,1
23326,1
23327,1
23328,1
23329,3
23330,3
23331,1
23332,1
23333,0
23334,1
23335,0
23336,1
23337,3
23338,1
23339,1
23340,0
23341,0
23342,1
23343,4
23344,3
23345,1
23346,3
23347,2
23348,0
23349,1
23350,1
23351,0
23352,1
23353,1
23354,1
23355,1
23356,4
23357,3
23358,1
23359,1
23360,0
23361,3
23362,1
23363,1
23364,1
23365,0
23366,1
23367,1
23368,1
23369,0
23370,1
23371,4
23372,4
23373,1
23374,1
23375,4
23376,3
23377,1
23378,1
23379,1
23380,1
23381,1
23382,1
23383,2
23384,1
23385,0
23386,2
23387,1
23388,4
23389,2
23390,4
23391,0
23392,1
23393,0
23394,0
23395,1
23396,0
23397,1
23398,1
23399,4
23400,0
23401,1
23402,1
23403,0
23404,1
23405,2
23406,2
23407,1
23408,0
23409,0
23410,3
23411,1
23412,1
23413,1
23414,0
23415,2
23416,1
23417,3
23418,4
23419,2
23420,0
23421,0
23422,0
23423,0
23424,0
23425,1
23426,0
23427,0
23428,3
23429,0
23430,0
23431,2
23432,0
23433,3
23434,0
23435,1
23436,1
23437,1
23438,0
23439,0
23440,1
23441,0
23442,1
23443,1
23444,3
23445,1
23446,0
23447,1
23448,3
23449,5
23450,1
23451,2
23452,1
23453,2
23454,2
23455,5
23456,0
23457,0
23458,2
23459,1
23460,1
23461,0
23462,0
23463,0
23464,1
23465,0
23466,0
23467,1
23468,2
23469,0
23470,0
23471,1
23472,0
23473,4
23474,4
23475,1
23476,3
23477,1
23478,1
23479,1
23480,1
23481,0
23482,1
23483,0
23484,0
23485,0
23486,4
23487,1
23488,0
23489,4
23490,1
23491,0
23492,3
23493,1
23494,2
23495,1
23496,4
23497,1
23498,1
23499,3
23500,1
23501,1
23502,4
23503,1
23504,1
23505,3
23506,4
23507,3
23508,0
23509,0
23510,0
23511,1
23512,1
23513,1
23514,5
23515,1
23516,0
23517,1
23518,1
23519,1
23520,4
23521,1
23522,1
23523,1
23524,1
23525,0
23526,0
23527,2
23528,1
23529,1
23530,0
23531,1
23532,1
23533,1
23534,1
23535,2
23536,4
23537,1
23538,1
23539,1
23540,5
23541,1
23542,1
23543,0
23544,1
23545,3
23546,1
23547,1
23548,0
23549,0
23550,0
23551,0
23552,1
23553,4
23554,2
23555,4
23556,4
23557,1
23558,2
23559,1
23560,0
23561,4
23562,0
23563,1
23564,0
23565,0
23566,3
23567,0
23568,0
23569,1
23570,0
23571,1
23572,3
23573,3
23574,3
23575,1
23576,0
23577,1
23578,0
23579,1
23580,1
23581,4
23582,1
23583,3
23584,5
23585,3
23586,1
23587,3
23588,1
23589,0
23590,3
23591,3
23592,1
23593,1
23594,2
23595,3
23596,1
23597,1
23598,1
23599,1
23600,0
23601,3
23602,1
23603,1
23604,0
23605,1
23606,1
23607,3
23608,1
23609,1
23610,1
23611,1
23612,1
23613,1
23614,1
23615,1
23616,1
23617,3
23618,1
23619,3
23620,3
23621,1
23622,0
23623,1
23624,0
23625,1
23626,0
23627,0
23628,0
23629,1
23630,1
23631,0
23632,3
23633,1
23634,1
23635,1
23636,0
23637,0
23638,3
23639,0
23640,4
23641,2
23642,0
23643,1
23644,1
23645,1
23646,1
23647,3
23648,1
23649,0
23650,1
23651,1
23652,4
23653,1
23654,2
23655,2
23656,2
23657,3
23658,0
23659,5
23660,1
23661,3
23662,0
23663,1
23664,4
23665,1
23666,2
23667,1
23668,3
23669,1
23670,1
23671,1
23672,0
23673,1
23674,0
23675,2
23676,1
23677,0
23678,0
23679,0
23680,3
23681,1
23682,0
23683,1
23684,3
23685,0
23686,0
23687,1
23688,1
23689,1
23690,0
23691,1
23692,0
23693,0
23694,1
23695,3
23696,1
23697,3
23698,1
23699,3
23700,3
23701,1
23702,3
23703,0
23704,0
23705,4
23706,2
23707,1
23708,1
23709,3
23710,0
23711,0
23712,1
23713,1
23714,1
23715,2
23716,0
23717,1
23718,1
23719,1
23720,2
23721,3
23722,0
23723,4
23724,0
23725,0
23726,5
23727,0
23728,3
23729,1
23730,0
23731,0
23732,1
23733,1
23734,0
23735,0
23736,1
23737,4
23738,5
23739,1
23740,0
23741,4
23742,1
23743,0
23744,0
23745,1
23746,1
23747,1
23748,2
23749,1
23750,1
23751,1
23752,0
23753,0
23754,4
23755,0
23756,1
23757,4
23758,1
23759,1
23760,4
23761,0
23762,4
23763,0
23764,1
23765,0
23766,2
23767,2
23768,0
23769,3
23770,3
23771,0
23772,0
23773,0
23774,0
23775,1
23776,1
23777,1
23778,3
23779,0
23780,1
23781,1
23782,3
23783,0
23784,0
23785,1
23786,2
23787,1
23788,1
23789,3
23790,0
23791,2
23792,0
23793,1
23794,3
23795,1
23796,4
23797,0
23798,1
23799,1
23800,1
23801,1
23802,3
23803,0
23804,1
23805,4
23806,0
23807,1
23808,1
23809,0
23810,1
23811,1
23812,0
23813,0
23814,0
23815,1
23816,1
23817,0
23818,0
23819,2
23820,1
23821,0
23822,1
23823,2
23824,0
23825,0
23826,1
23827,4
23828,4
23829,0
23830,2
23831,1
23832,0
23833,0
23834,1
23835,1
23836,0
23837,3
23838,1
23839,1
23840,0
23841,0
23842,1
23843,4
23844,0
23845,0
23846,0
23847,0
23848,1
23849,0
23850,0
23851,4
23852,1
23853,1
23854,0
23855,1
23856,1
23857,3
23858,0
23859,2
23860,0
23861,3
23862,0
23863,3
23864,1
23865,2
23866,1
23867,1
23868,1
23869,1
23870,0
23871,0
23872,3
23873,2
23874,0
23875,0
23876,1
23877,1
23878,0
23879,1
23880,4
23881,5
23882,1
23883,3
23884,3
23885,1
23886,0
23887,3
23888,0
23889,3
23890,0
23891,4
23892,4
23893,0
23894,1
23895,1
23896,4
23897,0
23898,5
23899,1
23900,0
23901,0
23902,1
23903,0
23904,0
23905,0
23906,1
23907,3
23908,0
23909,2
23910,1
23911,0
23912,1
23913,0
23914,1
23915,1
23916,0
23917,0
23918,0
23919,1
23920,1
23921,3
23922,0
23923,0
23924,0
23925,1
23926,1
23927,1
23928,0
23929,1
23930,3
23931,4
23932,0
23933,4
23934,0
23935,3
23936,2
23937,0
23938,1
23939,3
23940,1
23941,0
23942,3
23943,3
23944,3
23945,3
23946,1
23947,0
23948,1
23949,3
23950,1
23951,2
23952,0
23953,3
23954,0
23955,4
23956,1
23957,3
23958,1
23959,0
23960,0
23961,0
23962,1
23963,1
23964,1
23965,0
23966,4
23967,1
23968,0
23969,1
23970,1
23971,4
23972,0
23973,1
23974,3
23975,4
23976,0
23977,1
23978,1
23979,1
23980,0
23981,1
23982,0
23983,1
23984,0
23985,1
23986,1
23987,1
23988,3
23989,0
23990,1
23991,0
23992,1
23993,0
23994,0
23995,0
23996,1
23997,4
23998,3
23999,2
24000,0
24001,1
24002,5
24003,5
24004,1
24005,1
24006,0
24007,2
24008,0
24009,5
24010,2
24011,5
24012,3
24013,1
24014,1
24015,0
24016,0
24017,0
24018,1
24019,4
24020,2
24021,0
24022,1
24023,0
24024,1
24025,0
24026,0
24027,0
24028,2
24029,1
24030,1
24031,0
24032,3
24033,5
24034,1
24035,0
24036,1
24037,3
24038,1
24039,0
24040,1
24041,0
24042,1
24043,3
24044,0
24045,0
24046,1
24047,1
24048,3
24049,1
24050,0
24051,1
24052,4
24053,1
24054,1
24055,0
24056,3
24057,1
24058,0
24059,1
24060,1
24061,3
24062,1
24063,1
24064,1
24065,1
24066,0
24067,0
24068,3
24069,1
24070,1
24071,0
24072,0
24073,0
24074,2
24075,0
24076,3
24077,1
24078,1
24079,1
24080,4
24081,0
24082,1
24083,3
24084,0
24085,1
24086,1
24087,0
24088,0
24089,3
24090,3
24091,0
24092,1
24093,3
24094,3
24095,0
24096,0
24097,0
24098,0
24099,0
24100,4
24101,0
24102,3
24103,1
24104,4
24105,1
24106,2
24107,1
24108,0
24109,1
24110,0
24111,1
24112,0
24113,0
24114,0
24115,1
24116,0
24117,4
24118,0
24119,1
24120,0
24121,0
24122,2
24123,0
24124,1
24125,1
24126,1
24127,3
24128,3
24129,1
24130,0
24131,1
24132,1
24133,1
24134,0
24135,1
24136,0
24137,3
24138,1
24139,1
24140,2
24141,0
24142,5
24143,1
24144,1
24145,1
24146,0
24147,0
24148,1
24149,1
24150,0
24151,1
24152,1
24153,2
24154,4
24155,0
24156,1
24157,1
24158,0
24159,1
24160,2
24161,0
24162,0
24163,1
24164,3
24165,0
24166,1
24167,0
24168,0
24169,1
24170,2
24171,0
24172,5
24173,0
24174,0
24175,0
24176,0
24177,4
24178,2
24179,3
24180,1
24181,2
24182,0
24183,0
24184,5
24185,0
24186,0
24187,1
24188,1
24189,1
24190,0
24191,3
24192,1
24193,0
24194,2
24195,3
24196,0
24197,1
24198,3
24199,0
24200,4
24201,2
24202,1
24203,0
24204,1
24205,1
24206,3
24207,1
24208,2
24209,0
24210,0
24211,5
24212,1
24213,0
24214,1
24215,1
24216,0
24217,0
24218,0
24219,0
24220,1
24221,0
24222,0
24223,1
24224,1
24225,0
24226,1
24227,0
24228,3
24229,5
24230,0
24231,2
24232,5
24233,0
24234,0
24235,1
24236,3
24237,2
24238,0
24239,1
24240,0
24241,0
24242,1
24243,0
24244,1
24245,4
24246,0
24247,1
24248,0
24249,1
24250,0
24251,1
24252,1
24253,1
24254,1
24255,4
24256,1
24257,0
24258,0
24259,0
24260,0
24261,0
24262,1
24263,3
24264,1
24265,0
24266,4
24267,1
24268,1
24269,3
24270,0
24271,3
24272,1
24273,1
24274,1
24275,4
24276,1
24277,1
24278,0
24279,3
24280,3
24281,1
24282,2
24283,1
24284,4
24285,2
24286,0
24287,5
24288,1
24289,0
24290,0
24291,0
24292,1
24293,3
24294,0
24295,0
24296,0
24297,0
24298,0
24299,0
24300,3
24301,4
24302,1
24303,2
24304,1
24305,2
24306,1
24307,5
24308,1
24309,0
24310,4
24311,1
24312,1
24313,4
24314,0
24315,0
24316,1
24317,1
24318,1
24319,1
24320,2
24321,1
24322,0
24323,5
24324,0
24325,1
24326,0
24327,1
24328,1
24329,1
24330,1
24331,2
24332,0
24333,2
24334,2
24335,1
24336,4
24337,4
24338,1
24339,0
24340,1
24341,0
24342,3
24343,3
24344,4
24345,0
24346,0
24347,0
24348,0
24349,4
24350,1
24351,3
24352,0
24353,1
24354,1
24355,5
24356,2
24357,0
24358,0
24359,1
24360,0
24361,0
24362,1
24363,1
24364,1
24365,1
24366,0
24367,1
24368,1
24369,0
24370,1
24371,1
24372,1
24373,1
24374,0
24375,1
24376,4
24377,3
24378,4
24379,4
24380,1
24381,1
24382,4
24383,0
24384,1
24385,1
24386,1
24387,0
24388,0
24389,2
24390,0
24391,0
24392,0
24393,0
24394,0
24395,1
24396,1
24397,0
24398,3
24399,0
24400,0
24401,3
24402,1
24403,1
24404,1
24405,1
24406,0
24407,3
24408,2
24409,0
24410,2
24411,1
24412,1
24413,0
24414,0
24415,1
24416,0
24417,0
24418,1
24419,2
24420,0
24421,1
24422,0
24423,0
24424,1
24425,0
24426,0
24427,0
24428,1
24429,0
24430,4
24431,1
24432,1
24433,1
24434,0
24435,1
24436,2
24437,1
24438,1
24439,2
24440,0
24441,1
24442,1
24443,0
24444,4
24445,4
24446,2
24447,5
24448,0
24449,0
24450,1
24451,1
24452,1
24453,0
24454,4
24455,4
24456,1
24457,0
24458,0
24459,0
24460,0
24461,0
24462,2
24463,4
24464,1
24465,1
24466,3
24467,1
24468,0
24469,3
24470,1
24471,4
24472,0
24473,0
24474,1
24475,0
24476,0
24477,1
24478,0
24479,1
24480,1
24481,3
24482,0
24483,3
24484,4
24485,0
24486,0
24487,1
24488,3
24489,0
24490,0
24491,1
24492,1
24493,1
24494,3
24495,0
24496,1
24497,4
24498,1
24499,1
24500,0
24501,0
24502,1
24503,3
24504,3
24505,0
24506,0
24507,1
24508,0
24509,3
24510,1
24511,2
24512,4
24513,1
24514,1
24515,0
24516,3
24517,0
24518,3
24519,0
24520,1
24521,0
24522,4
24523,4
24524,1
24525,0
24526,0
24527,0
24528,0
24529,1
24530,0
24531,0
24532,3
24533,1
24534,3
24535,4
24536,0
24537,1
24538,1
24539,5
24540,1
24541,3
24542,0
24543,0
24544,5
24545,3
24546,0
24547,1
24548,0
24549,1
24550,1
24551,0
24552,1
24553,1
24554,1
24555,1
24556,1
24557,1
24558,1
24559,0
24560,0
24561,1
24562,4
24563,0
24564,0
24565,0
24566,1
24567,1
24568,1
24569,1
24570,4
24571,0
24572,0
24573,2
24574,3
24575,0
24576,0
24577,1
24578,5
24579,1
24580,0
24581,1
24582,1
24583,0
24584,1
24585,0
24586,0
24587,2
24588,1
24589,0
24590,0
24591,0
24592,0
24593,0
24594,3
24595,3
24596,1
24597,0
24598,0
24599,3
24600,1
24601,4
24602,4
24603,1
24604,1
24605,1
24606,1
24607,0
24608,1
24609,1
24610,3
24611,0
24612,3
24613,3
24614,5
24615,1
24616,1
24617,0
24618,1
24619,1
24620,1
24621,1
24622,1
24623,1
24624,3
24625,1
24626,0
24627,0
24628,1
24629,4
24630,2
24631,1
24632,1
24633,1
24634,4
24635,1
24636,3
24637,1
24638,2
24639,0
24640,4
24641,0
24642,1
24643,0
24644,4
24645,0
24646,1
24647,1
24648,3
24649,1
24650,1
24651,0
24652,1
24653,2
24654,0
24655,0
24656,1
24657,1
24658,0
24659,3
24660,0
24661,1
24662,1
24663,0
24664,3
24665,5
24666,3
24667,1
24668,4
24669,1
24670,1
24671,3
24672,1
24673,3
24674,1
24675,5
24676,1
24677,1
24678,1
24679,4
24680,1
24681,0
24682,3
24683,0
24684,1
24685,0
24686,0
24687,1
24688,1
24689,1
24690,1
24691,2
24692,5
24693,0
24694,3
24695,1
24696,1
24697,1
24698,4
24699,1
24700,2
24701,0
24702,1
24703,1
24704,4
24705,0
24706,2
24707,0
24708,1
24709,0
24710,0
24711,3
24712,4
24713,0
24714,1
24715,1
24716,1
24717,1
24718,1
24719,1
24720,2
24721,3
24722,0
24723,1
24724,0
24725,1
24726,0
24727,1
24728,1
24729,1
24730,0
24731,1
24732,1
24733,3
24734,2
24735,0
24736,4
24737,1
24738,1
24739,2
24740,1
24741,3
24742,1
24743,0
24744,1
24745,0
24746,1
24747,0
24748,5
24749,3
24750,0
24751,3
24752,1
24753,0
24754,4
24755,1
24756,0
24757,1
24758,1
24759,1
24760,1
24761,1
24762,0
24763,4
24764,0
24765,0
24766,1
24767,0
24768,3
24769,0
24770,1
24771,0
24772,0
24773,1
24774,1
24775,1
24776,2
24777,0
24778,3
24779,1
24780,1
24781,0
24782,2
24783,0
24784,1
24785,2
24786,0
24787,1
24788,3
24789,1
24790,2
24791,1
24792,0
24793,4
24794,0
24795,3
24796,1
24797,0
24798,0
24799,1
24800,3
24801,0
24802,1
24803,1
24804,1
24805,2
24806,1
24807,3
24808,1
24809,0
24810,1
24811,3
24812,1
24813,1
24814,4
24815,3
24816,1
24817,4
24818,1
24819,0
24820,3
24821,1
24822,1
24823,0
24824,2
24825,1
24826,5
24827,2
24828,0
24829,5
24830,0
24831,4
24832,0
24833,1
24834,0
24835,1
24836,0
24837,0
24838,0
24839,0
24840,4
24841,0
24842,4
24843,0
24844,1
24845,1
24846,0
24847,0
24848,0
24849,1
24850,5
24851,2
24852,3
24853,1
24854,0
24855,1
24856,1
24857,0
24858,1
24859,0
24860,1
24861,5
24862,1
24863,0
24864,1
24865,3
24866,2
24867,2
24868,0
24869,1
24870,1
24871,0
24872,0
24873,0
24874,1
24875,0
24876,0
24877,0
24878,0
24879,1
24880,4
24881,4
24882,1
24883,2
24884,1
24885,0
24886,4
24887,1
24888,0
24889,1
24890,4
24891,1
24892,0
24893,3
24894,1
24895,2
24896,3
24897,1
24898,0
24899,3
24900,1
24901,1
24902,0
24903,1
24904,0
24905,3
24906,1
24907,2
24908,0
24909,4
24910,5
24911,1
24912,1
24913,5
24914,1
24915,1
24916,2
24917,1
24918,0
24919,0
24920,0
24921,1
24922,1
24923,1
24924,1
24925,3
24926,1
24927,0
24928,5
24929,4
24930,0
24931,0
24932,1
24933,1
24934,1
24935,3
24936,0
24937,1
24938,0
24939,2
24940,2
24941,3
24942,0
24943,3
24944,0
24945,0
24946,1
24947,0
24948,2
24949,4
24950,0
24951,0
24952,1
24953,1
24954,0
24955,1
24956,2
24957,1
24958,2
24959,1
24960,0
24961,0
24962,1
24963,1
24964,0
24965,1
24966,0
24967,1
24968,1
24969,1
24970,0
24971,0
24972,0
24973,2
24974,0
24975,4
24976,1
24977,0
24978,4
24979,4
24980,3
24981,1
24982,3
24983,1
24984,2
24985,0
24986,0
24987,2
24988,5
24989,2
24990,0
24991,1
24992,0
24993,1
24994,0
24995,1
24996,1
24997,1
24998,0
24999,0
25000,4
25001,4
25002,1
25003,1
25004,0
25005,1
25006,0
25007,1
25008,0
25009,0
25010,1
25011,1
25012,0
25013,1
25014,0
25015,1
25016,1
25017,0
25018,1
25019,1
25020,0
25021,0
25022,1
25023,0
25024,1
25025,2
25026,0
25027,1
25028,1
25029,1
25030,4
25031,1
25032,1
25033,2
25034,0
25035,0
25036,0
25037,0
25038,1
25039,3
25040,1
25041,1
25042,1
25043,0
25044,2
25045,1
25046,1
25047,1
25048,4
25049,0
25050,1
25051,3
25052,0
25053,2
25054,3
25055,0
25056,2
25057,2
25058,5
25059,0
25060,3
25061,0
25062,1
25063,1
25064,1
25065,0
25066,1
25067,0
25068,0
25069,1
25070,0
25071,1
25072,0
25073,5
25074,0
25075,1
25076,1
25077,3
25078,0
25079,0
25080,2
25081,1
25082,0
25083,1
25084,1
25085,0
25086,3
25087,1
25088,0
25089,1
25090,0
25091,0
25092,1
25093,0
25094,1
25095,1
25096,3
25097,3
25098,0
25099,1
25100,1
25101,3
25102,0
25103,1
25104,1
25105,1
25106,1
25107,0
25108,1
25109,1
25110,0
25111,1
25112,1
25113,1
25114,4
25115,1
25116,0
25117,0
25118,0
25119,3
25120,0
25121,0
25122,1
25123,2
25124,0
25125,0
25126,0
25127,0
25128,0
25129,1
25130,2
25131,0
25132,1
25133,2
25134,1
25135,0
25136,0
25137,3
25138,1
25139,0
25140,3
25141,0
25142,0
25143,3
25144,1
25145,1
25146,1
25147,0
25148,1
25149,0
25150,3
25151,1
25152,0
25153,4
25154,4
25155,4
25156,1
25157,0
25158,3
25159,1
25160,1
25161,1
25162,1
25163,1
25164,2
25165,1
25166,1
25167,0
25168,0
25169,0
25170,4
25171,1
25172,4
25173,0
25174,1
25175,3
25176,0
25177,4
25178,0
25179,1
25180,1
25181,1
25182,1
25183,5
25184,0
25185,0
25186,1
25187,1
25188,1
25189,1
25190,1
25191,1
25192,1
25193,3
25194,1
25195,1
25196,0
25197,0
25198,1
25199,3
25200,0
25201,0
25202,1
25203,0
25204,1
25205,4
25206,0
25207,1
25208,0
25209,1
25210,1
25211,0
25212,1
25213,0
25214,4
25215,0
25216,4
25217,2
25218,0
25219,1
25220,0
25221,2
25222,0
25223,0
25224,0
25225,3
25226,0
25227,4
25228,3
25229,0
25230,1
25231,1
25232,1
25233,4
25234,1
25235,1
25236,0
25237,4
25238,5
25239,0
25240,2
25241,1
25242,3
25243,1
25244,4
25245,1
25246,2
25247,0
25248,1
25249,3
25250,1
25251,1
25252,0
25253,2
25254,0
25255,4
25256,1
25257,1
25258,0
25259,3
25260,0
25261,1
25262,3
25263,0
25264,2
25265,0
25266,0
25267,0
25268,1
25269,0
25270,0
25271,1
25272,0
25273,1
25274,0
25275,0
25276,1
25277,0
25278,0
25279,1
25280,1
25281,0
25282,1
25283,3
25284,0
25285,1
25286,0
25287,1
25288,3
25289,5
25290,2
25291,0
25292,4
25293,0
25294,0
25295,0
25296,2
25297,2
25298,1
25299,1
25300,3
25301,2
25302,3
25303,1
25304,0
25305,0
25306,4
25307,0
25308,1
25309,3
25310,0
25311,1
25312,0
25313,1
25314,3
25315,0
25316,0
25317,0
25318,0
25319,3
25320,1
25321,4
25322,0
25323,5
25324,0
25325,1
25326,3
25327,1
25328,0
25329,0
25330,0
25331,0
25332,0
25333,1
25334,1
25335,1
25336,0
25337,3
25338,3
25339,1
25340,0
25341,4
25342,3
25343,0
25344,4
25345,1
25346,0
25347,0
25348,0
25349,0
25350,1
25351,0
25352,0
25353,4
25354,1
25355,1
25356,1
25357,0
25358,3
25359,0
25360,2
25361,0
25362,5
25363,1
25364,0
25365,3
25366,3
25367,0
25368,0
25369,1
25370,1
25371,0
25372,1
25373,0
25374,1
25375,0
25376,0
25377,0
25378,1
25379,1
25380,0
25381,1
25382,0
25383,1
25384,0
25385,3
25386,1
25387,1
25388,2
25389,1
25390,1
25391,1
25392,1
25393,1
25394,2
25395,1
25396,1
25397,1
25398,0
25399,4
25400,1
25401,0
25402,2
25403,3
25404,0
25405,0
25406,0
25407,1
25408,1
25409,1
25410,1
25411,0
25412,0
25413,1
25414,3
25415,3
25416,0
25417,0
25418,1
25419,1
25420,1
25421,0
25422,0
25423,0
25424,1
25425,0
25426,2
25427,1
25428,0
25429,4
25430,3
25431,0
25432,2
25433,3
25434,0
25435,1
25436,1
25437,0
25438,1
25439,4
25440,1
25441,1
25442,2
25443,1
25444,1
25445,1
25446,0
25447,0
25448,0
25449,1
25450,0
25451,1
25452,0
25453,1
25454,2
25455,1
25456,1
25457,0
25458,1
25459,1
25460,0
25461,1
25462,1
25463,3
25464,1
25465,2
25466,0
25467,1
25468,4
25469,0
25470,1
25471,4
25472,0
25473,1
25474,1
25475,1
25476,0
25477,1
25478,1
25479,0
25480,2
25481,1
25482,4
25483,3
25484,5
25485,1
25486,1
25487,3
25488,1
25489,3
25490,0
25491,3
25492,1
25493,1
25494,0
25495,2
25496,1
25497,1
25498,2
25499,1
25500,1
25501,0
25502,1
25503,0
25504,3
25505,1
25506,0
25507,0
25508,1
25509,4
25510,1
25511,0
25512,0
25513,1
25514,1
25515,1
25516,3
25517,0
25518,0
25519,4
25520,1
25521,0
25522,0
25523,4
25524,1
25525,3
25526,1
25527,0
25528,1
25529,3
25530,4
25531,0
25532,0
25533,0
25534,3
25535,0
25536,2
25537,0
25538,1
25539,1
25540,1
25541,0
25542,1
25543,0
25544,1
25545,0
25546,1
25547,1
25548,2
25549,3
25550,4
25551,1
25552,1
25553,3
25554,0
25555,1
25556,3
25557,0
25558,1
25559,1
25560,1
25561,0
25562,2
25563,0
25564,1
25565,1
25566,3
25567,1
25568,1
25569,1
25570,1
25571,0
25572,1
25573,0
25574,1
25575,0
25576,1
25577,1
25578,1
25579,0
25580,1
25581,0
25582,1
25583,0
25584,0
25585,0
25586,1
25587,4
25588,3
25589,0
25590,4
25591,0
25592,1
25593,1
25594,3
25595,1
25596,0
25597,3
25598,1
25599,1
25600,0
25601,1
25602,0
25603,3
25604,0
25605,4
25606,0
25607,2
25608,0
25609,4
25610,1
25611,0
25612,4
25613,0
25614,1
25615,0
25616,0
25617,1
25618,1
25619,1
25620,1
25621,0
25622,2
25623,0
25624,0
25625,0
25626,0
25627,0
25628,1
25629,1
25630,3
25631,1
25632,3
25633,1
25634,1
25635,1
25636,2
25637,1
25638,1
25639,1
25640,1
25641,0
25642,0
25643,3
25644,0
25645,0
25646,0
25647,1
25648,0
25649,4
25650,4
25651,0
25652,1
25653,1
25654,1
25655,3
25656,1
25657,4
25658,0
25659,0
25660,1
25661,0
25662,0
25663,1
25664,0
25665,0
25666,1
25667,0
25668,0
25669,3
25670,1
25671,0
25672,0
25673,0
25674,1
25675,1
25676,4
25677,1
25678,1
25679,0
25680,1
25681,1
25682,1
25683,1
25684,1
25685,1
25686,4
25687,0
25688,0
25689,1
25690,0
25691,3
25692,0
25693,1
25694,1
25695,1
25696,1
25697,2
25698,0
25699,0
25700,1
25701,1
25702,0
25703,1
25704,0
25705,1
25706,1
25707,0
25708,0
25709,0
25710,1
25711,1
25712,1
25713,1
25714,0
25715,0
25716,1
25717,0
25718,0
25719,3
25720,0
25721,0
25722,1
25723,1
25724,0
25725,0
25726,1
25727,1
25728,4
25729,1
25730,0
25731,0
25732,0
25733,0
25734,1
25735,0
25736,0
25737,5
25738,1
25739,0
25740,1
25741,0
25742,1
25743,1
25744,4
25745,1
25746,1
25747,1
25748,1
25749,1
25750,0
25751,5
25752,1
25753,2
25754,0
25755,1
25756,1
25757,1
25758,5
25759,0
25760,1
25761,1
25762,0
25763,0
25764,4
25765,1
25766,1
25767,0
25768,0
25769,0
25770,0
25771,1
25772,1
25773,1
25774,0
25775,0
25776,5
25777,1
25778,1
25779,4
25780,2
25781,0
25782,0
25783,0
25784,0
25785,1
25786,1
25787,1
25788,0
25789,4
25790,1
25791,1
25792,1
25793,1
25794,2
25795,1
25796,3
25797,1
25798,0
25799,1
25800,4
25801,0
25802,4
25803,1
25804,3
25805,1
25806,1
25807,4
25808,1
25809,2
25810,1
25811,3
25812,1
25813,1
25814,0
25815,2
25816,0
25817,3
25818,0
25819,2
25820,1
25821,0
25822,3
25823,1
25824,0
25825,3
25826,4
25827,0
25828,0
25829,0
25830,1
25831,3
25832,1
25833,1
25834,1
25835,0
25836,1
25837,4
25838,1
25839,0
25840,3
25841,1
25842,1
25843,0
25844,3
25845,3
25846,1
25847,1
25848,1
25849,0
25850,0
25851,1
25852,1
25853,1
25854,1
25855,0
25856,3
25857,0
25858,3
25859,0
25860,1
25861,1
25862,3
25863,2
25864,1
25865,0
25866,1
25867,1
25868,1
25869,4
25870,2
25871,1
25872,0
25873,0
25874,1
25875,4
25876,0
25877,1
25878,1
25879,0
25880,0
25881,1
25882,3
25883,0
25884,0
25885,0
25886,0
25887,1
25888,3
25889,3
25890,1
25891,1
25892,0
25893,0
25894,0
25895,1
25896,1
25897,0
25898,1
25899,0
25900,3
25901,0
25902,5
25903,1
25904,0
25905,2
25906,1
25907,1
25908,3
25909,4
25910,1
25911,1
25912,0
25913,0
25914,5
25915,0
25916,1
25917,4
25918,1
25919,2
25920,3
25921,4
25922,1
25923,4
25924,0
25925,5
25926,1
25927,0
25928,1
25929,3
25930,0
25931,1
25932,1
25933,1
25934,2
25935,0
25936,0
25937,1
25938,0
25939,1
25940,5
25941,2
25942,1
25943,1
25944,0
25945,3
25946,0
25947,1
25948,0
25949,1
25950,0
25951,1
25952,4
25953,0
25954,2
25955,0
25956,0
25957,0
25958,0
25959,2
25960,1
25961,1
25962,0
25963,0
25964,0
25965,1
25966,0
25967,1
25968,1
25969,1
25970,0
25971,1
25972,1
25973,0
25974,1
25975,1
25976,2
25977,0
25978,0
25979,1
25980,3
25981,1
25982,3
25983,1
25984,1
25985,1
25986,4
25987,0
25988,1
25989,3
25990,0
25991,1
25992,2
25993,1
25994,1
25995,4
25996,0
25997,4
25998,2
25999,5
26000,4
26001,0
26002,1
26003,0
26004,0
26005,4
26006,0
26007,0
26008,0
26009,1
26010,1
26011,4
26012,3
26013,3
26014,1
26015,1
26016,3
26017,4
26018,3
26019,0
26020,0
26021,1
26022,1
26023,0
26024,1
26025,4
26026,0
26027,1
26028,0
26029,1
26030,0
26031,1
26032,4
26033,0
26034,3
26035,3
26036,3
26037,2
26038,5
26039,3
26040,3
26041,0
26042,0
26043,0
26044,1
26045,0
26046,2
26047,1
26048,2
26049,4
26050,1
26051,1
26052,3
26053,0
26054,0
26055,1
26056,0
26057,5
26058,3
26059,1
26060,0
26061,2
26062,1
26063,2
26064,3
26065,1
26066,1
26067,1
26068,0
26069,3
26070,0
26071,0
26072,3
26073,0
26074,0
26075,0
26076,0
26077,0
26078,1
26079,1
26080,1
26081,0
26082,3
26083,0
26084,1
26085,0
26086,2
26087,3
26088,1
26089,3
26090,3
26091,1
26092,3
26093,1
26094,3
26095,1
26096,3
26097,0
26098,1
26099,5
26100,3
26101,0
26102,1
26103,2
26104,1
26105,1
26106,0
26107,1
26108,1
26109,2
26110,0
26111,1
26112,0
26113,1
26114,1
26115,4
26116,0
26117,1
26118,0
26119,1
26120,1
26121,0
26122,1
26123,1
26124,0
26125,1
26126,4
26127,1
26128,1
26129,1
26130,2
26131,0
26132,1
26133,2
26134,4
26135,0
26136,2
26137,1
26138,1
26139,0
26140,0
26141,4
26142,4
26143,1
26144,0
26145,1
26146,4
26147,4
26148,1
26149,3
26150,0
26151,2
26152,4
26153,0
26154,1
26155,5
26156,3
26157,4
26158,1
26159,0
26160,1
26161,3
26162,0
26163,0
26164,3
26165,0
26166,1
26167,1
26168,1
26169,0
26170,0
26171,4
26172,2
26173,1
26174,0
26175,1
26176,3
26177,1
26178,1
26179,1
26180,0
26181,0
26182,1
26183,0
26184,1
26185,1
26186,0
26187,1
26188,0
26189,4
26190,0
26191,1
26192,0
26193,1
26194,1
26195,0
26196,1
26197,0
26198,3
26199,3
26200,3
26201,1
26202,4
26203,1
26204,3
26205,2
26206,0
26207,1
26208,2
26209,1
26210,1
26211,0
26212,0
26213,0
26214,4
26215,4
26216,1
26217,1
26218,4
26219,0
26220,0
26221,0
26222,0
26223,0
26224,1
26225,3
26226,0
26227,0
26228,1
26229,1
26230,3
26231,0
26232,0
26233,0
26234,0
26235,0
26236,0
26237,1
26238,1
26239,4
26240,2
26241,0
26242,0
26243,1
26244,1
26245,0
26246,3
26247,4
26248,0
26249,1
26250,2
26251,4
26252,1
26253,1
26254,0
26255,1
26256,1
26257,1
26258,4
26259,1
26260,1
26261,1
26262,0
26263,0
26264,1
26265,5
26266,3
26267,1
26268,3
26269,0
26270,4
26271,2
26272,1
26273,0
26274,1
26275,1
26276,0
26277,1
26278,0
26279,0
26280,3
26281,1
26282,4
26283,1
26284,1
26285,1
26286,3
26287,1
26288,3
26289,0
26290,5
26291,1
26292,0
26293,2
26294,3
26295,0
26296,4
26297,1
26298,3
26299,0
26300,0
26301,1
26302,1
26303,1
26304,0
26305,4
26306,1
26307,3
26308,0
26309,1
26310,1
26311,1
26312,0
26313,0
26314,1
26315,1
26316,4
26317,0
26318,4
26319,1
26320,4
26321,2
26322,0
26323,0
26324,3
26325,1
26326,0
26327,0
26328,1
26329,0
26330,4
26331,1
26332,1
26333,1
26334,1
26335,2
26336,0
26337,2
26338,4
26339,4
26340,1
26341,1
26342,0
26343,1
26344,3
26345,1
26346,0
26347,1
26348,1
26349,1
26350,1
26351,4
26352,0
26353,0
26354,1
26355,1
26356,0
26357,4
26358,0
26359,0
26360,0
26361,1
26362,0
26363,3
26364,0
26365,1
26366,1
26367,1
26368,1
26369,1
26370,0
26371,1
26372,1
26373,0
26374,2
26375,1
26376,3
26377,1
26378,0
26379,1
26380,0
26381,3
26382,3
26383,1
26384,0
26385,3
26386,0
26387,4
26388,5
26389,3
26390,0
26391,1
26392,1
26393,4
26394,4
26395,2
26396,1
26397,3
26398,3
26399,0
26400,1
26401,1
26402,2
26403,0
26404,0
26405,0
26406,0
26407,1
26408,1
26409,3
26410,2
26411,1
26412,0
26413,2
26414,1
26415,1
26416,3
26417,1
26418,0
26419,0
26420,1
26421,0
26422,4
26423,2
26424,2
26425,1
26426,4
26427,1
26428,3
26429,0
26430,1
26431,1
26432,1
26433,0
26434,2
26435,1
26436,5
26437,0
26438,1
26439,3
26440,1
26441,1
26442,0
26443,1
26444,0
26445,0
26446,0
26447,1
26448,1
26449,0
26450,1
26451,1
26452,3
26453,0
26454,1
26455,0
26456,2
26457,1
26458,1
26459,3
26460,1
26461,1
26462,4
26463,3
26464,4
26465,0
26466,0
26467,1
26468,3
26469,0
26470,4
26471,5
26472,0
26473,1
26474,1
26475,2
26476,0
26477,4
26478,3
26479,3
26480,2
26481,3
26482,0
26483,1
26484,1
26485,0
26486,1
26487,1
26488,0
26489,1
26490,1
26491,4
26492,4
26493,1
26494,1
26495,1
26496,0
26497,1
26498,1
26499,1
26500,1
26501,1
26502,2
26503,5
26504,0
26505,1
26506,1
26507,3
26508,0
26509,1
26510,1
26511,0
26512,3
26513,0
26514,1
26515,4
26516,1
26517,0
26518,1
26519,4
26520,4
26521,0
26522,0
26523,0
26524,1
26525,3
26526,1
26527,4
26528,1
26529,0
26530,4
26531,0
26532,0
26533,0
26534,1
26535,2
26536,1
26537,1
26538,2
26539,4
26540,1
26541,1
26542,0
26543,0
26544,0
26545,1
26546,1
26547,0
26548,3
26549,1
26550,0
26551,3
26552,1
26553,0
26554,0
26555,0
26556,1
26557,1
26558,0
26559,0
26560,0
26561,0
26562,1
26563,2
26564,2
26565,1
26566,2
26567,0
26568,3
26569,1
26570,4
26571,1
26572,2
26573,3
26574,1
26575,3
26576,1
26577,1
26578,1
26579,0
26580,0
26581,1
26582,1
26583,0
26584,0
26585,0
26586,2
26587,3
26588,0
26589,0
26590,2
26591,1
26592,1
26593,4
26594,0
26595,0
26596,4
26597,3
26598,4
26599,3
26600,0
26601,0
26602,0
26603,1
26604,4
26605,1
26606,0
26607,1
26608,3
26609,1
26610,0
26611,4
26612,1
26613,1
26614,0
26615,0
26616,0
26617,1
26618,3
26619,1
26620,4
26621,3
26622,3
26623,3
26624,0
26625,0
26626,1
26627,0
26628,3
26629,3
26630,1
26631,3
26632,0
26633,0
26634,1
26635,1
26636,1
26637,0
26638,0
26639,1
26640,2
26641,0
26642,0
26643,4
26644,3
26645,1
26646,1
26647,1
26648,1
26649,0
26650,0
26651,0
26652,0
26653,3
26654,0
26655,0
26656,1
26657,3
26658,0
26659,4
26660,0
26661,3
26662,2
26663,1
26664,0
26665,0
26666,0
26667,0
26668,4
26669,1
26670,1
26671,0
26672,4
26673,0
26674,1
26675,0
26676,0
26677,1
26678,2
26679,0
26680,3
26681,1
26682,1
26683,0
26684,0
26685,1
26686,0
26687,5
26688,2
26689,4
26690,1
26691,0
26692,1
26693,4
26694,0
26695,0
26696,0
26697,3
26698,1
26699,1
26700,0
26701,1
26702,1
26703,2
26704,5
26705,1
26706,5
26707,2
26708,1
26709,0
26710,0
26711,0
26712,1
26713,4
26714,0
26715,1
26716,4
26717,1
26718,1
26719,3
26720,1
26721,1
26722,1
26723,0
26724,0
26725,1
26726,3
26727,3
26728,1
26729,0
26730,1
26731,1
26732,0
26733,1
26734,4
26735,1
26736,3
26737,0
26738,1
26739,1
26740,0
26741,2
26742,2
26743,1
26744,1
26745,0
26746,1
26747,1
26748,1
26749,1
26750,4
26751,1
26752,0
26753,1
26754,4
26755,1
26756,1
26757,0
26758,1
26759,2
26760,2
26761,0
26762,1
26763,1
26764,0
26765,3
26766,1
26767,0
26768,1
26769,0
26770,0
26771,1
26772,3
26773,1
26774,4
26775,0
26776,4
26777,1
26778,0
26779,0
26780,3
26781,3
26782,0
26783,3
26784,4
26785,1
26786,0
26787,0
26788,3
26789,0
26790,1
26791,1
26792,0
26793,0
26794,0
26795,1
26796,2
26797,1
26798,0
26799,1
26800,3
26801,0
26802,4
26803,1
26804,1
26805,4
26806,1
26807,5
26808,1
26809,2
26810,0
26811,1
26812,3
26813,0
26814,1
26815,0
26816,3
26817,0
26818,0
26819,2
26820,1
26821,1
26822,3
26823,1
26824,0
26825,1
26826,1
26827,2
26828,1
26829,4
26830,0
26831,0
26832,1
26833,0
26834,0
26835,0
26836,0
26837,0
26838,1
26839,0
26840,0
26841,1
26842,2
26843,0
26844,0
26845,1
26846,0
26847,0
26848,0
26849,1
26850,3
26851,0
26852,4
26853,0
26854,1
26855,1
26856,0
26857,1
26858,1
26859,0
26860,1
26861,0
26862,0
26863,0
26864,0
26865,0
26866,3
26867,1
26868,1
26869,1
26870,1
26871,1
26872,3
26873,1
26874,0
26875,3
26876,1
26877,1
26878,1
26879,1
26880,2
26881,1
26882,1
26883,4
26884,1
26885,1
26886,1
26887,1
26888,0
26889,4
26890,1
26891,0
26892,0
26893,1
26894,1
26895,3
26896,0
26897,4
26898,0
26899,0
26900,4
26901,3
26902,1
26903,1
26904,1
26905,2
26906,1
26907,0
26908,0
26909,1
26910,0
26911,3
26912,1
26913,0
26914,1
26915,1
26916,4
26917,2
26918,0
26919,1
26920,0
26921,1
26922,2
26923,1
26924,0
26925,1
26926,3
26927,0
26928,1
26929,1
26930,1
26931,0
26932,4
26933,1
26934,4
26935,1
26936,1
26937,1
26938,1
26939,3
26940,1
26941,1
26942,1
26943,1
26944,4
26945,0
26946,3
26947,1
26948,5
26949,1
26950,0
26951,0
26952,0
26953,3
26954,1
26955,0
26956,1
26957,3
26958,1
26959,0
26960,3
26961,0
26962,0
26963,0
26964,2
26965,1
26966,0
26967,1
26968,0
26969,0
26970,0
26971,2
26972,1
26973,1
26974,0
26975,0
26976,0
26977,4
26978,1
26979,1
26980,1
26981,4
26982,1
26983,2
26984,1
26985,3
26986,3
26987,1
26988,1
26989,0
26990,2
26991,1
26992,0
26993,0
26994,3
26995,4
26996,1
26997,2
26998,1
26999,1
27000,2
27001,1
27002,2
27003,1
27004,2
27005,0
27006,0
27007,1
27008,2
27009,0
27010,1
27011,2
27012,2
27013,1
27014,1
27015,5
27016,1
27017,2
27018,4
27019,1
27020,4
27021,1
27022,4
27023,1
27024,1
27025,0
27026,4
27027,1
27028,3
27029,1
27030,3
27031,0
27032,3
27033,1
27034,3
27035,2
27036,3
27037,1
27038,0
27039,0
27040,3
27041,1
27042,0
27043,0
27044,1
27045,1
27046,0
27047,4
27048,0
27049,0
27050,1
27051,0
27052,5
27053,0
27054,1
27055,0
27056,1
27057,0
27058,1
27059,0
27060,1
27061,0
27062,5
27063,1
27064,4
27065,4
27066,0
27067,3
27068,2
27069,2
27070,0
27071,1
27072,0
27073,4
27074,3
27075,0
27076,3
27077,0
27078,0
27079,1
27080,0
27081,3
27082,1
27083,1
27084,1
27085,1
27086,0
27087,0
27088,0
27089,1
27090,3
27091,0
27092,1
27093,4
27094,2
27095,1
27096,0
27097,0
27098,1
27099,4
27100,1
27101,0
27102,0
27103,1
27104,4
27105,1
27106,1
27107,1
27108,0
27109,4
27110,5
27111,1
27112,1
27113,0
27114,0
27115,2
27116,1
27117,2
27118,1
27119,4
27120,0
27121,3
27122,0
27123,0
27124,1
27125,1
27126,1
27127,0
27128,0
27129,3
27130,4
27131,1
27132,1
27133,1
27134,1
27135,1
27136,1
27137,0
27138,0
27139,5
27140,1
27141,1
27142,0
27143,0
27144,1
27145,1
27146,1
27147,0
27148,0
27149,1
27150,0
27151,0
27152,0
27153,1
27154,3
27155,1
27156,4
27157,0
27158,3
27159,2
27160,3
27161,1
27162,1
27163,0
27164,0
27165,1
27166,2
27167,1
27168,1
27169,0
27170,1
27171,0
27172,1
27173,0
27174,1
27175,1
27176,0
27177,1
27178,1
27179,2
27180,1
27181,3
27182,1
27183,1
27184,3
27185,1
27186,0
27187,1
27188,0
27189,1
27190,0
27191,2
27192,1
27193,1
27194,0
27195,0
27196,1
27197,0
27198,0
27199,4
27200,1
27201,0
27202,0
27203,0
27204,1
27205,4
27206,2
27207,0
27208,0
27209,5
27210,1
27211,0
27212,0
27213,1
27214,3
27215,2
27216,0
27217,3
27218,1
27219,4
27220,4
27221,0
27222,4
27223,0
27224,1
27225,0
27226,0
27227,1
27228,0
27229,1
27230,0
27231,1
27232,0
27233,2
27234,4
27235,1
27236,5
27237,3
27238,1
27239,0
27240,0
27241,1
27242,0
27243,1
27244,1
27245,0
27246,0
27247,0
27248,3
27249,1
27250,5
27251,0
27252,4
27253,0
27254,0
27255,0
27256,1
27257,4
27258,3
27259,1
27260,1
27261,1
27262,2
27263,3
27264,3
27265,5
27266,0
27267,2
27268,0
27269,3
27270,0
27271,3
27272,0
27273,2
27274,4
27275,3
27276,4
27277,1
27278,2
27279,0
27280,1
27281,1
27282,0
27283,1
27284,0
27285,0
27286,1
27287,3
27288,0
27289,2
27290,3
27291,1
27292,0
27293,1
27294,1
27295,1
27296,0
27297,0
27298,3
27299,0
27300,1
27301,0
27302,1
27303,3
27304,1
27305,0
27306,0
27307,1
27308,0
27309,0
27310,1
27311,2
27312,5
27313,1
27314,3
27315,1
27316,1
27317,0
27318,1
27319,1
27320,0
27321,1
27322,3
27323,1
27324,1
27325,3
27326,0
27327,0
27328,3
27329,0
27330,0
27331,3
27332,1
27333,0
27334,0
27335,1
27336,1
27337,1
27338,3
27339,4
27340,0
27341,1
27342,1
27343,1
27344,1
27345,0
27346,0
27347,2
27348,3
27349,1
27350,0
27351,0
27352,0
27353,1
27354,1
27355,1
27356,1
27357,3
27358,1
27359,3
27360,2
27361,0
27362,0
27363,0
27364,0
27365,0
27366,0
27367,0
27368,0
27369,0
27370,0
27371,0
27372,5
27373,0
27374,5
27375,0
27376,1
27377,0
27378,0
27379,2
27380,3
27381,1
27382,1
27383,3
27384,0
27385,0
27386,0
27387,2
27388,1
27389,2
27390,4
27391,4
27392,1
27393,0
27394,3
27395,3
27396,4
27397,3
27398,1
27399,3
27400,0
27401,1
27402,0
27403,0
27404,5
27405,4
27406,0
27407,1
27408,4
27409,0
27410,3
27411,0
27412,1
27413,1
27414,1
27415,0
27416,0
27417,0
27418,2
27419,0
27420,1
27421,1
27422,0
27423,1
27424,1
27425,0
27426,2
27427,0
27428,3
27429,0
27430,1
27431,3
27432,1
27433,1
27434,1
27435,0
27436,1
27437,0
27438,3
27439,3
27440,0
27441,0
27442,0
27443,0
27444,1
27445,0
27446,2
27447,1
27448,0
27449,3
27450,3
27451,0
27452,1
27453,1
27454,3
27455,0
27456,1
27457,2
27458,1
27459,1
27460,1
27461,1
27462,3
27463,1
27464,1
27465,1
27466,3
27467,0
27468,0
27469,0
27470,3
27471,1
27472,1
27473,0
27474,0
27475,1
27476,1
27477,1
27478,0
27479,1
27480,1
27481,0
27482,1
27483,3
27484,0
27485,1
27486,0
27487,0
27488,1
27489,2
27490,0
27491,1
27492,1
27493,3
27494,3
27495,2
27496,1
27497,3
27498,2
27499,1
27500,0
27501,1
27502,3
27503,2
27504,1
27505,0
27506,3
27507,1
27508,1
27509,0
27510,4
27511,0
27512,1
27513,1
27514,1
27515,0
27516,3
27517,0
27518,0
27519,1
27520,0
27521,4
27522,1
27523,1
27524,4
27525,3
27526,4
27527,1
27528,1
27529,0
27530,3
27531,1
27532,0
27533,1
27534,0
27535,0
27536,4
27537,0
27538,1
27539,4
27540,1
27541,1
27542,1
27543,3
27544,1
27545,1
27546,1
27547,1
27548,1
27549,1
27550,3
27551,1
27552,1
27553,0
27554,1
27555,1
27556,0
27557,4
27558,1
27559,1
27560,3
27561,1
27562,1
27563,1
27564,0
27565,3
27566,0
27567,4
27568,1
27569,0
27570,1
27571,1
27572,0
27573,1
27574,2
27575,0
27576,0
27577,0
27578,0
27579,1
27580,1
27581,0
27582,1
27583,1
27584,0
27585,1
27586,0
27587,0
27588,1
27589,5
27590,4
27591,1
27592,0
27593,4
27594,0
27595,1
27596,0
27597,3
27598,1
27599,3
27600,1
27601,4
27602,0
27603,2
27604,0
27605,0
27606,0
27607,1
27608,0
27609,0
27610,0
27611,1
27612,0
27613,3
27614,0
27615,1
27616,1
27617,1
27618,1
27619,1
27620,1
27621,0
27622,1
27623,0
27624,1
27625,1
27626,0
27627,2
27628,1
27629,1
27630,0
27631,2
27632,0
27633,3
27634,1
27635,1
27636,1
27637,1
27638,1
27639,4
27640,3
27641,1
27642,1
27643,1
27644,2
27645,4
27646,1
27647,2
27648,0
27649,1
27650,0
27651,1
27652,1
27653,0
27654,3
27655,1
27656,1
27657,1
27658,0
27659,0
27660,1
27661,1
27662,1
27663,2
27664,5
27665,3
27666,3
27667,0
27668,1
27669,0
27670,1
27671,0
27672,3
27673,4
27674,1
27675,0
27676,1
27677,0
27678,3
27679,1
27680,1
27681,0
27682,0
27683,0
27684,1
27685,2
27686,4
27687,3
27688,1
27689,1
27690,0
27691,0
27692,3
27693,3
27694,0
27695,2
27696,1
27697,1
27698,2
27699,4
27700,4
27701,1
27702,1
27703,3
27704,1
27705,1
27706,0
27707,5
27708,0
27709,0
27710,1
27711,0
27712,0
27713,1
27714,3
27715,3
27716,2
27717,0
27718,1
27719,4
27720,4
27721,4
27722,1
27723,2
27724,0
27725,0
27726,4
27727,0
27728,0
27729,3
27730,0
27731,1
27732,3
27733,0
27734,1
27735,1
27736,3
27737,0
27738,4
27739,0
27740,1
27741,1
27742,2
27743,0
27744,0
27745,3
27746,0
27747,0
27748,1
27749,2
27750,0
27751,0
27752,0
27753,1
27754,1
27755,1
27756,0
27757,1
27758,1
27759,4
27760,2
27761,0
27762,1
27763,1
27764,1
27765,2
27766,3
27767,0
27768,0
27769,4
27770,1
27771,3
27772,0
27773,4
27774,0
27775,3
27776,0
27777,1
27778,0
27779,3
27780,0
27781,3
27782,0
27783,3
27784,1
27785,1
27786,1
27787,1
27788,1
27789,3
27790,0
27791,0
27792,3
27793,5
27794,1
27795,1
27796,1
27797,1
27798,1
27799,1
27800,0
27801,1
27802,3
27803,2
27804,4
27805,0
27806,1
27807,1
27808,4
27809,1
27810,1
27811,1
27812,0
27813,0
27814,1
27815,0
27816,1
27817,1
27818,1
27819,0
27820,0
27821,0
27822,1
27823,0
27824,0
27825,0
27826,5
27827,0
27828,1
27829,0
27830,0
27831,0
27832,1
27833,1
27834,1
27835,1
27836,1
27837,2
27838,1
27839,1
27840,2
27841,0
27842,1
27843,4
27844,0
27845,5
27846,3
27847,2
27848,1
27849,5
27850,0
27851,0
27852,0
27853,3
27854,4
27855,1
27856,0
27857,1
27858,3
27859,1
27860,1
27861,0
27862,1
27863,5
27864,1
27865,1
27866,1
27867,3
27868,1
27869,0
27870,2
27871,1
27872,0
27873,1
27874,1
27875,0
27876,5
27877,1
27878,1
27879,1
27880,0
27881,0
27882,0
27883,0
27884,1
27885,1
27886,5
27887,5
27888,1
27889,0
27890,1
27891,1
27892,0
27893,0
27894,3
27895,2
27896,0
27897,1
27898,3
27899,1
27900,0
27901,1
27902,0
27903,1
27904,0
27905,0
27906,1
27907,2
27908,0
27909,4
27910,0
27911,0
27912,0
27913,2
27914,0
27915,4
27916,4
27917,1
27918,0
27919,0
27920,1
27921,3
27922,0
27923,1
27924,4
27925,1
27926,4
27927,1
27928,0
27929,1
27930,0
27931,1
27932,1
27933,0
27934,3
27935,1
27936,1
27937,3
27938,0
27939,3
27940,0
27941,0
27942,0
27943,1
27944,0
27945,4
27946,5
27947,2
27948,0
27949,4
27950,0
27951,4
27952,0
27953,1
27954,1
27955,0
27956,0
27957,0
27958,0
27959,3
27960,3
27961,1
27962,0
27963,1
27964,0
27965,1
27966,3
27967,0
27968,1
27969,0
27970,0
27971,3
27972,1
27973,1
27974,0
27975,0
27976,5
27977,1
27978,2
27979,4
27980,0
27981,2
27982,0
27983,0
27984,0
27985,1
27986,5
27987,3
27988,1
27989,4
27990,1
27991,1
27992,0
27993,1
27994,4
27995,0
27996,1
27997,1
27998,1
27999,1
28000,0
28001,5
28002,0
28003,1
28004,0
28005,1
28006,5
28007,1
28008,0
28009,0
28010,0
28011,5
28012,0
28013,2
28014,0
28015,1
28016,2
28017,0
28018,1
28019,1
28020,1
28021,1
28022,0
28023,3
28024,1
28025,0
28026,1
28027,1
28028,3
28029,1
28030,4
28031,0
28032,1
28033,0
28034,0
28035,3
28036,0
28037,1
28038,0
28039,1
28040,0
28041,0
28042,1
28043,0
28044,1
28045,3
28046,3
28047,3
28048,1
28049,1
28050,0
28051,0
28052,3
28053,1
28054,5
28055,0
28056,1
28057,1
28058,4
28059,1
28060,5
28061,1
28062,0
28063,0
28064,0
28065,1
28066,1
28067,3
28068,1
28069,1
28070,1
28071,0
28072,1
28073,0
28074,0
28075,3
28076,3
28077,1
28078,5
28079,2
28080,1
28081,0
28082,0
28083,0
28084,4
28085,3
28086,0
28087,4
28088,0
28089,2
28090,0
28091,1
28092,1
28093,4
28094,0
28095,1
28096,0
28097,3
28098,1
28099,1
28100,4
28101,3
28102,1
28103,0
28104,1
28105,1
28106,1
28107,4
28108,3
28109,1
28110,1
28111,0
28112,1
28113,0
28114,2
28115,1
28116,4
28117,3
28118,0
28119,1
28120,3
28121,0
28122,3
28123,1
28124,3
28125,0
28126,0
28127,0
28128,0
28129,4
28130,2
28131,1
28132,1
28133,0
28134,2
28135,0
28136,1
28137,0
28138,0
28139,2
28140,0
28141,1
28142,0
28143,1
28144,1
28145,3
28146,4
28147,2
28148,2
28149,0
28150,1
28151,1
28152,3
28153,1
28154,0
28155,3
28156,0
28157,0
28158,1
28159,1
28160,4
28161,2
28162,1
28163,1
28164,0
28165,1
28166,0
28167,3
28168,1
28169,1
28170,0
28171,4
28172,0
28173,0
28174,0
28175,1
28176,4
28177,0
28178,3
28179,4
28180,0
28181,4
28182,0
28183,3
28184,1
28185,0
28186,0
28187,0
28188,1
28189,1
28190,0
28191,0
28192,1
28193,3
28194,1
28195,0
28196,4
28197,1
28198,1
28199,0
28200,0
28201,0
28202,2
28203,0
28204,4
28205,0
28206,4
28207,1
28208,0
28209,0
28210,0
28211,3
28212,0
28213,2
28214,4
28215,1
28216,1
28217,1
28218,0
28219,0
28220,2
28221,1
28222,1
28223,1
28224,1
28225,0
28226,0
28227,0
28228,1
28229,4
28230,3
28231,1
28232,0
28233,0
28234,0
28235,0
28236,4
28237,1
28238,1
28239,1
28240,1
28241,4
28242,1
28243,3
28244,2
28245,0
28246,1
28247,0
28248,0
28249,0
28250,3
28251,0
28252,1
28253,4
28254,1
28255,3
28256,1
28257,0
28258,1
28259,1
28260,2
28261,1
28262,4
28263,1
28264,0
28265,1
28266,1
28267,0
28268,2
28269,0
28270,1
28271,4
28272,2
28273,1
28274,0
28275,1
28276,0
28277,0
28278,0
28279,2
28280,1
28281,1
28282,0
28283,0
28284,2
28285,2
28286,3
28287,1
28288,1
28289,0
28290,0
28291,4
28292,0
28293,1
28294,4
28295,1
28296,1
28297,0
28298,1
28299,1
28300,0
28301,0
28302,2
28303,0
28304,1
28305,0
28306,1
28307,4
28308,0
28309,1
28310,1
28311,1
28312,0
28313,1
28314,0
28315,0
28316,1
28317,1
28318,0
28319,0
28320,1
28321,0
28322,2
28323,0
28324,0
28325,0
28326,3
28327,1
28328,3
28329,0
28330,4
28331,1
28332,1
28333,0
28334,3
28335,0
28336,0
28337,1
28338,1
28339,0
28340,4
28341,2
28342,1
28343,3
28344,4
28345,3
28346,1
28347,0
28348,1
28349,4
28350,1
28351,1
28352,0
28353,0
28354,0
28355,1
28356,0
28357,3
28358,2
28359,1
28360,0
28361,0
28362,0
28363,1
28364,2
28365,2
28366,0
28367,3
28368,4
28369,2
28370,1
28371,5
28372,1
28373,0
28374,0
28375,0
28376,2
28377,0
28378,1
28379,0
28380,1
28381,1
28382,0
28383,1
28384,1
28385,0
28386,0
28387,3
28388,3
28389,0
28390,0
28391,0
28392,1
28393,0
28394,1
28395,1
28396,0
28397,0
28398,0
28399,2
28400,3
28401,3
28402,4
28403,1
28404,0
28405,4
28406,0
28407,1
28408,3
28409,0
28410,1
28411,0
28412,1
28413,0
28414,4
28415,2
28416,3
28417,1
28418,1
28419,1
28420,1
28421,4
28422,1
28423,3
28424,0
28425,4
28426,4
28427,1
28428,4
28429,1
28430,3
28431,1
28432,0
28433,4
28434,0
28435,0
28436,0
28437,0
28438,0
28439,1
28440,1
28441,0
28442,0
28443,1
28444,1
28445,1
28446,1
28447,0
28448,0
28449,0
28450,1
28451,1
28452,1
28453,3
28454,1
28455,0
28456,0
28457,5
28458,0
28459,0
28460,4
28461,1
28462,1
28463,0
28464,0
28465,0
28466,1
28467,1
28468,0
28469,0
28470,0
28471,3
28472,1
28473,4
28474,1
28475,0
28476,1
28477,3
28478,0
28479,1
28480,5
28481,3
28482,3
28483,3
28484,1
28485,1
28486,1
28487,1
28488,0
28489,1
28490,0
28491,3
28492,0
28493,0
28494,0
28495,3
28496,1
28497,4
28498,0
28499,1
28500,2
28501,0
28502,1
28503,1
28504,1
28505,1
28506,3
28507,2
28508,3
28509,2
28510,1
28511,1
28512,1
28513,0
28514,0
28515,0
28516,1
28517,2
28518,1
28519,0
28520,1
28521,0
28522,3
28523,1
28524,0
28525,1
28526,4
28527,0
28528,0
28529,1
28530,1
28531,1
28532,0
28533,1
28534,0
28535,1
28536,1
28537,0
28538,5
28539,1
28540,0
28541,1
28542,2
28543,1
28544,0
28545,1
28546,1
28547,3
28548,3
28549,3
28550,1
28551,1
28552,0
28553,3
28554,2
28555,1
28556,1
28557,3
28558,1
28559,0
28560,1
28561,1
28562,1
28563,4
28564,1
28565,0
28566,1
28567,1
28568,1
28569,1
28570,3
28571,1
28572,1
28573,1
28574,0
28575,1
28576,0
28577,0
28578,1
28579,0
28580,1
28581,1
28582,0
28583,1
28584,0
28585,1
28586,1
28587,1
28588,3
28589,0
28590,0
28591,3
28592,0
28593,4
28594,0
28595,1
28596,5
28597,1
28598,2
28599,0
28600,1
28601,0
28602,0
28603,5
28604,0
28605,0
28606,1
28607,0
28608,1
28609,0
28610,0
28611,1
28612,0
28613,1
28614,3
28615,0
28616,3
28617,0
28618,1
28619,2
28620,3
28621,2
28622,1
28623,1
28624,4
28625,1
28626,0
28627,1
28628,1
28629,1
28630,0
28631,0
28632,0
28633,1
28634,0
28635,1
28636,0
28637,1
28638,3
28639,1
28640,1
28641,1
28642,0
28643,1
28644,2
28645,1
28646,3
28647,5
28648,0
28649,3
28650,5
28651,1
28652,5
28653,1
28654,1
28655,3
28656,0
28657,0
28658,1
28659,1
28660,3
28661,1
28662,3
28663,0
28664,3
28665,0
28666,0
28667,4
28668,0
28669,1
28670,1
28671,1
28672,5
28673,0
28674,1
28675,3
28676,1
28677,2
28678,1
28679,1
28680,1
28681,1
28682,1
28683,1
28684,1
28685,4
28686,1
28687,1
28688,1
28689,1
28690,0
28691,4
28692,0
28693,0
28694,0
28695,3
28696,3
28697,1
28698,1
28699,2
28700,1
28701,1
28702,1
28703,4
28704,5
28705,3
28706,1
28707,0
28708,4
28709,2
28710,1
28711,3
28712,1
28713,0
28714,3
28715,0
28716,0
28717,0
28718,1
28719,3
28720,0
28721,0
28722,0
28723,1
28724,0
28725,1
28726,0
28727,1
28728,5
28729,0
28730,1
28731,0
28732,4
28733,3
28734,3
28735,1
28736,1
28737,0
28738,1
28739,1
28740,3
28741,4
28742,0
28743,1
28744,1
28745,1
28746,1
28747,3
28748,0
28749,1
28750,1
28751,1
28752,1
28753,1
28754,2
28755,3
28756,1
28757,0
28758,2
28759,0
28760,1
28761,0
28762,0
28763,4
28764,1
28765,0
28766,0
28767,1
28768,1
28769,1
28770,0
28771,4
28772,0
28773,3
28774,3
28775,1
28776,2
28777,1
28778,0
28779,0
28780,0
28781,0
28782,2
28783,1
28784,1
28785,1
28786,1
28787,2
28788,1
28789,1
28790,0
28791,3
28792,1
28793,0
28794,0
28795,0
28796,1
28797,4
28798,3
28799,1
28800,0
28801,3
28802,2
28803,5
28804,4
28805,4
28806,1
28807,3
28808,0
28809,3
28810,3
28811,1
28812,0
28813,1
28814,1
28815,0
28816,1
28817,1
28818,2
28819,3
28820,0
28821,0
28822,0
28823,0
28824,0
28825,3
28826,4
28827,3
28828,0
28829,1
28830,1
28831,0
28832,5
28833,0
28834,1
28835,0
28836,1
28837,1
28838,1
28839,4
28840,0
28841,1
28842,1
28843,4
28844,3
28845,0
28846,4
28847,4
28848,3
28849,1
28850,2
28851,0
28852,0
28853,0
28854,3
28855,3
28856,3
28857,5
28858,3
28859,0
28860,1
28861,1
28862,3
28863,1
28864,1
28865,3
28866,0
28867,1
28868,1
28869,1
28870,4
28871,0
28872,0
28873,0
28874,1
28875,1
28876,1
28877,1
28878,0
28879,3
28880,0
28881,2
28882,0
28883,1
28884,0
28885,1
28886,3
28887,0
28888,4
28889,4
28890,0
28891,1
28892,1
28893,1
28894,2
28895,1
28896,1
28897,1
28898,1
28899,0
28900,1
28901,0
28902,1
28903,1
28904,1
28905,1
28906,1
28907,0
28908,0
28909,5
28910,4
28911,1
28912,0
28913,3
28914,0
28915,1
28916,0
28917,1
28918,0
28919,1
28920,0
28921,2
28922,1
28923,2
28924,1
28925,1
28926,0
28927,0
28928,0
28929,1
28930,0
28931,0
28932,1
28933,0
28934,1
28935,1
28936,1
28937,3
28938,0
28939,1
28940,1
28941,0
28942,3
28943,1
28944,0
28945,1
28946,1
28947,1
28948,1
28949,5
28950,4
28951,1
28952,1
28953,1
28954,3
28955,0
28956,1
28957,3
28958,0
28959,1
28960,0
28961,0
28962,0
28963,2
28964,1
28965,1
28966,1
28967,0
28968,0
28969,0
28970,0
28971,1
28972,0
28973,3
28974,1
28975,3
28976,0
28977,0
28978,0
28979,3
28980,0
28981,1
28982,4
28983,0
28984,0
28985,1
28986,1
28987,0
28988,0
28989,1
28990,1
28991,0
28992,0
28993,4
28994,0
28995,3
28996,1
28997,1
28998,0
28999,0
29000,0
29001,1
29002,2
29003,1
29004,1
29005,1
29006,3
29007,0
29008,1
29009,1
29010,0
29011,0
29012,0
29013,0
29014,1
29015,1
29016,2
29017,0
29018,1
29019,0
29020,0
29021,1
29022,3
29023,3
29024,0
29025,1
29026,4
29027,0
29028,0
29029,3
29030,3
29031,3
29032,0
29033,0
29034,2
29035,4
29036,1
29037,1
29038,0
29039,2
29040,1
29041,1
29042,0
29043,1
29044,0
29045,0
29046,2
29047,0
29048,3
29049,1
29050,5
29051,1
29052,1
29053,0
29054,1
29055,1
29056,0
29057,0
29058,1
29059,1
29060,1
29061,0
29062,3
29063,2
29064,0
29065,3
29066,1
29067,3
29068,1
29069,4
29070,3
29071,1
29072,0
29073,1
29074,0
29075,0
29076,0
29077,1
29078,3
29079,0
29080,1
29081,0
29082,0
29083,3
29084,3
29085,1
29086,3
29087,0
29088,0
29089,2
29090,0
29091,5
29092,2
29093,4
29094,1
29095,3
29096,1
29097,0
29098,1
29099,0
29100,0
29101,0
29102,1
29103,2
29104,1
29105,1
29106,1
29107,0
29108,2
29109,1
29110,3
29111,2
29112,0
29113,1
29114,0
29115,5
29116,1
29117,1
29118,1
29119,0
29120,1
29121,3
29122,0
29123,1
29124,0
29125,0
29126,0
29127,0
29128,0
29129,0
29130,2
29131,1
29132,0
29133,0
29134,0
29135,0
29136,1
29137,1
29138,0
29139,0
29140,1
29141,1
29142,0
29143,2
29144,1
29145,1
29146,0
29147,0
29148,1
29149,0
29150,1
29151,3
29152,1
29153,1
29154,2
29155,1
29156,1
29157,1
29158,1
29159,1
29160,3
29161,2
29162,0
29163,4
29164,0
29165,0
29166,1
29167,0
29168,5
29169,0
29170,0
29171,0
29172,3
29173,3
29174,0
29175,0
29176,1
29177,4
29178,1
29179,1
29180,0
29181,5
29182,1
29183,0
29184,1
29185,4
29186,1
29187,0
29188,4
29189,1
29190,4
29191,1
29192,0
29193,1
29194,1
29195,3
29196,1
29197,3
29198,2
29199,1
29200,1
29201,3
29202,1
29203,1
29204,5
29205,0
29206,1
29207,1
29208,1
29209,1
29210,0
29211,1
29212,3
29213,2
29214,1
29215,2
29216,0
29217,1
29218,0
29219,1
29220,3
29221,0
29222,5
29223,4
29224,1
29225,0
29226,1
29227,3
29228,1
29229,3
29230,4
29231,5
29232,0
29233,0
29234,0
29235,4
29236,1
29237,4
29238,0
29239,1
29240,0
29241,4
29242,1
29243,0
29244,2
29245,0
29246,1
29247,1
29248,3
29249,0
29250,3
29251,2
29252,0
29253,2
29254,3
29255,3
29256,3
29257,0
29258,0
29259,1
29260,0
29261,1
29262,3
29263,1
29264,0
29265,0
29266,1
29267,4
29268,1
29269,1
29270,1
29271,0
29272,1
29273,1
29274,1
29275,1
29276,1
29277,0
29278,0
29279,0
29280,0
29281,0
29282,1
29283,1
29284,0
29285,1
29286,0
29287,0
29288,1
29289,0
29290,2
29291,0
29292,0
29293,1
29294,0
29295,1
29296,4
29297,0
29298,1
29299,0
29300,5
29301,3
29302,0
29303,1
29304,0
29305,0
29306,0
29307,1
29308,2
29309,0
29310,4
29311,1
29312,3
29313,1
29314,4
29315,2
29316,1
29317,1
29318,4
29319,1
29320,1
29321,3
29322,0
29323,3
29324,2
29325,0
29326,0
29327,0
29328,0
29329,1
29330,1
29331,0
29332,4
29333,0
29334,3
29335,1
29336,1
29337,0
29338,1
29339,0
29340,0
29341,0
29342,3
29343,3
29344,0
29345,2
29346,1
29347,1
29348,1
29349,1
29350,1
29351,0
29352,2
29353,1
29354,0
29355,1
29356,4
29357,0
29358,1
29359,0
29360,0
29361,1
29362,3
29363,5
29364,1
29365,2
29366,1
29367,1
29368,4
29369,1
29370,3
29371,1
29372,1
29373,2
29374,4
29375,1
29376,1
29377,4
29378,5
29379,1
29380,1
29381,0
29382,1
29383,1
29384,1
29385,4
29386,0
29387,0
29388,4
29389,1
29390,3
29391,0
29392,0
29393,3
29394,0
29395,0
29396,3
29397,1
29398,0
29399,4
29400,0
29401,1
29402,0
29403,1
29404,3
29405,4
29406,1
29407,0
29408,3
29409,1
29410,1
29411,1
29412,0
29413,0
29414,0
29415,0
29416,1
29417,4
29418,0
29419,1
29420,1
29421,1
29422,1
29423,4
29424,0
29425,0
29426,0
29427,0
29428,0
29429,0
29430,1
29431,1
29432,2
29433,0
29434,4
29435,3
29436,1
29437,1
29438,1
29439,1
29440,1
29441,1
29442,1
29443,1
29444,1
29445,3
29446,1
29447,4
29448,0
29449,0
29450,3
29451,4
29452,1
29453,0
29454,4
29455,1
29456,0
29457,3
29458,0
29459,0
29460,1
29461,1
29462,1
29463,1
29464,1
29465,1
29466,3
29467,5
29468,2
29469,0
29470,1
29471,0
29472,0
29473,1
29474,0
29475,0
29476,1
29477,2
29478,1
29479,0
29480,3
29481,0
29482,3
29483,4
29484,2
29485,3
29486,4
29487,3
29488,1
29489,1
29490,0
29491,1
29492,1
29493,4
29494,1
29495,4
29496,4
29497,1
29498,1
29499,1
29500,3
29501,1
29502,1
29503,0
29504,1
29505,0
29506,4
29507,0
29508,3
29509,1
29510,0
29511,0
29512,0
29513,1
29514,0
29515,1
29516,0
29517,0
29518,2
29519,0
29520,0
29521,1
29522,0
29523,1
29524,0
29525,3
29526,1
29527,1
29528,1
29529,0
29530,2
29531,1
29532,1
29533,0
29534,1
29535,1
29536,0
29537,0
29538,1
29539,3
29540,1
29541,1
29542,1
29543,0
29544,1
29545,3
29546,0
29547,2
29548,1
29549,0
29550,1
29551,3
29552,0
29553,0
29554,1
29555,3
29556,3
29557,0
29558,3
29559,1
29560,3
29561,1
29562,2
29563,0
29564,0
29565,4
29566,4
29567,0
29568,0
29569,0
29570,1
29571,1
29572,1
29573,2
29574,1
29575,0
29576,3
29577,1
29578,0
29579,4
29580,1
29581,0
29582,3
29583,1
29584,0
29585,3
29586,1
29587,0
29588,1
29589,1
29590,0
29591,4
29592,1
29593,0
29594,2
29595,0
29596,2
29597,0
29598,1
29599,3
29600,1
29601,0
29602,4
29603,1
29604,2
29605,4
29606,1
29607,0
29608,1
29609,1
29610,1
29611,1
29612,2
29613,0
29614,4
29615,1
29616,2
29617,3
29618,0
29619,0
29620,1
29621,4
29622,4
29623,0
29624,1
29625,3
29626,1
29627,1
29628,1
29629,1
29630,0
29631,1
29632,0
29633,5
29634,3
29635,3
29636,0
29637,1
29638,3
29639,0
29640,0
29641,2
29642,3
29643,1
29644,1
29645,0
29646,0
29647,1
29648,1
29649,5
29650,4
29651,5
29652,0
29653,0
29654,3
29655,0
29656,0
29657,1
29658,1
29659,0
29660,0
29661,3
29662,1
29663,0
29664,1
29665,0
29666,0
29667,0
29668,0
29669,3
29670,1
29671,0
29672,1
29673,1
29674,3
29675,3
29676,1
29677,0
29678,1
29679,1
29680,0
29681,0
29682,0
29683,1
29684,1
29685,0
29686,5
29687,0
29688,0
29689,2
29690,0
29691,1
29692,0
29693,0
29694,4
29695,0
29696,1
29697,1
29698,0
29699,1
29700,0
29701,1
29702,1
29703,4
29704,1
29705,0
29706,1
29707,0
29708,0
29709,2
29710,0
29711,1
29712,0
29713,1
29714,3
29715,0
29716,2
29717,1
29718,5
29719,0
29720,1
29721,0
29722,1
29723,3
29724,2
29725,0
29726,0
29727,3
29728,1
29729,0
29730,3
29731,0
29732,1
29733,0
29734,1
29735,0
29736,0
29737,2
29738,1
29739,1
29740,3
29741,0
29742,3
29743,1
29744,0
29745,0
29746,1
29747,4
29748,1
29749,0
29750,2
29751,0
29752,1
29753,2
29754,1
29755,1
29756,4
29757,1
29758,1
29759,1
29760,3
29761,0
29762,0
29763,4
29764,1
29765,0
29766,1
29767,3
29768,1
29769,0
29770,1
29771,0
29772,0
29773,1
29774,2
29775,5
29776,1
29777,0
29778,1
29779,0
29780,0
29781,1
29782,1
29783,0
29784,3
29785,1
29786,4
29787,3
29788,0
29789,1
29790,1
29791,3
29792,1
29793,1
29794,1
29795,5
29796,0
29797,1
29798,1
29799,3
29800,1
29801,0
29802,0
29803,0
29804,1
29805,1
29806,1
29807,3
29808,1
29809,1
29810,1
29811,3
29812,3
29813,3
29814,0
29815,1
29816,0
29817,0
29818,1
29819,0
29820,1
29821,3
29822,1
29823,0
29824,1
29825,1
29826,1
29827,0
29828,1
29829,3
29830,3
29831,3
29832,1
29833,1
29834,0
29835,2
29836,0
29837,1
29838,0
29839,1
29840,1
29841,4
29842,0
29843,2
29844,1
29845,1
29846,2
29847,1
29848,4
29849,5
29850,4
29851,0
29852,0
29853,2
29854,0
29855,0
29856,4
29857,5
29858,3
29859,3
29860,1
29861,0
29862,1
29863,4
29864,3
29865,1
29866,1
29867,1
29868,1
29869,4
29870,3
29871,1
29872,3
29873,0
29874,2
29875,0
29876,4
29877,1
29878,0
29879,1
29880,4
29881,1
29882,4
29883,1
29884,3
29885,3
29886,5
29887,1
29888,3
29889,4
29890,2
29891,1
29892,1
29893,5
29894,3
29895,0
29896,4
29897,0
29898,0
29899,2
29900,0
29901,1
29902,1
29903,1
29904,1
29905,3
29906,0
29907,0
29908,1
29909,3
29910,1
29911,1
29912,1
29913,0
29914,0
29915,1
29916,1
29917,1
29918,1
29919,1
29920,0
29921,3
29922,1
29923,1
29924,0
29925,0
29926,3
29927,1
29928,1
29929,3
29930,0
29931,3
29932,3
29933,0
29934,1
29935,0
29936,1
29937,2
29938,0
29939,1
29940,0
29941,2
29942,1
29943,1
29944,1
29945,1
29946,0
29947,1
29948,0
29949,1
29950,1
29951,0
29952,0
29953,0
29954,3
29955,1
29956,2
29957,0
29958,1
29959,1
29960,1
29961,1
29962,0
29963,1
29964,2
29965,3
29966,0
29967,1
29968,2
29969,2
29970,0
29971,2
29972,1
29973,1
29974,0
29975,1
29976,5
29977,1
29978,1
29979,3
29980,5
29981,2
29982,0
29983,4
29984,1
29985,3
29986,0
29987,1
29988,1
29989,4
29990,0
29991,0
29992,1
29993,2
29994,0
29995,1
29996,1
29997,0
29998,1
29999,1
