id,label
0,3
1,3
2,0
3,5
4,0
5,3
6,3
7,0
8,1
9,1
10,3
11,1
12,3
13,0
14,3
15,4
16,0
17,1
18,1
19,3
20,1
21,0
22,0
23,3
24,0
25,1
26,1
27,2
28,3
29,3
30,1
31,3
32,1
33,3
34,1
35,3
36,3
37,4
38,0
39,0
40,1
41,3
42,3
43,3
44,1
45,0
46,3
47,0
48,3
49,0
50,1
51,0
52,0
53,3
54,1
55,1
56,1
57,4
58,3
59,1
60,1
61,3
62,0
63,0
64,1
65,2
66,4
67,4
68,3
69,2
70,3
71,1
72,3
73,3
74,1
75,1
76,3
77,1
78,4
79,0
80,0
81,3
82,3
83,0
84,2
85,4
86,0
87,3
88,4
89,3
90,0
91,4
92,1
93,0
94,4
95,4
96,5
97,4
98,4
99,0
100,0
101,1
102,0
103,0
104,3
105,3
106,0
107,0
108,3
109,0
110,0
111,0
112,0
113,0
114,0
115,1
116,1
117,1
118,1
119,3
120,1
121,1
122,1
123,0
124,3
125,2
126,1
127,4
128,0
129,3
130,4
131,4
132,3
133,1
134,3
135,0
136,3
137,1
138,3
139,1
140,1
141,1
142,5
143,1
144,0
145,1
146,0
147,0
148,1
149,0
150,3
151,0
152,3
153,0
154,1
155,1
156,0
157,1
158,3
159,1
160,3
161,0
162,4
163,0
164,0
165,3
166,2
167,0
168,4
169,4
170,0
171,0
172,2
173,0
174,0
175,4
176,0
177,3
178,5
179,1
180,0
181,4
182,0
183,0
184,0
185,3
186,0
187,3
188,0
189,1
190,3
191,1
192,0
193,0
194,3
195,1
196,0
197,4
198,4
199,0
200,1
201,1
202,2
203,3
204,3
205,3
206,1
207,1
208,0
209,1
210,1
211,1
212,4
213,3
214,1
215,3
216,4
217,0
218,1
219,2
220,3
221,1
222,3
223,3
224,3
225,3
226,2
227,3
228,1
229,3
230,3
231,3
232,1
233,3
234,1
235,3
236,0
237,3
238,0
239,3
240,1
241,1
242,3
243,1
244,3
245,3
246,3
247,3
248,3
249,3
250,3
251,0
252,0
253,1
254,0
255,1
256,0
257,0
258,3
259,0
260,1
261,3
262,0
263,0
264,4
265,3
266,1
267,0
268,3
269,1
270,1
271,2
272,0
273,0
274,4
275,0
276,1
277,3
278,0
279,3
280,1
281,3
282,3
283,3
284,1
285,0
286,1
287,1
288,0
289,1
290,1
291,1
292,3
293,0
294,4
295,0
296,3
297,1
298,3
299,0
300,0
301,3
302,1
303,2
304,2
305,0
306,3
307,0
308,4
309,4
310,3
311,0
312,3
313,0
314,0
315,1
316,1
317,1
318,0
319,0
320,2
321,4
322,0
323,3
324,3
325,0
326,0
327,3
328,4
329,3
330,3
331,3
332,3
333,0
334,1
335,0
336,1
337,1
338,0
339,0
340,0
341,4
342,0
343,3
344,2
345,0
346,3
347,0
348,3
349,4
350,3
351,1
352,3
353,1
354,4
355,0
356,1
357,1
358,1
359,1
360,0
361,0
362,3
363,0
364,1
365,5
366,3
367,3
368,1
369,4
370,0
371,3
372,4
373,3
374,0
375,3
376,2
377,3
378,3
379,0
380,0
381,0
382,2
383,1
384,0
385,3
386,1
387,4
388,1
389,0
390,3
391,0
392,1
393,0
394,3
395,0
396,0
397,3
398,0
399,0
400,3
401,3
402,1
403,3
404,3
405,0
406,0
407,4
408,1
409,4
410,0
411,1
412,4
413,3
414,2
415,4
416,3
417,0
418,0
419,4
420,1
421,3
422,5
423,4
424,3
425,0
426,1
427,1
428,3
429,3
430,3
431,0
432,0
433,4
434,0
435,3
436,4
437,1
438,1
439,4
440,1
441,1
442,4
443,0
444,0
445,1
446,1
447,1
448,3
449,0
450,1
451,3
452,1
453,0
454,0
455,4
456,1
457,0
458,3
459,1
460,3
461,4
462,4
463,0
464,0
465,4
466,3
467,1
468,0
469,0
470,0
471,3
472,3
473,1
474,1
475,3
476,1
477,0
478,1
479,3
480,3
481,1
482,1
483,0
484,0
485,1
486,0
487,1
488,3
489,0
490,0
491,3
492,1
493,0
494,3
495,3
496,3
497,0
498,4
499,1
500,2
501,3
502,3
503,1
504,3
505,1
506,1
507,1
508,0
509,2
510,3
511,0
512,0
513,3
514,1
515,0
516,3
517,4
518,0
519,3
520,0
521,4
522,4
523,0
524,3
525,3
526,1
527,3
528,3
529,0
530,3
531,4
532,3
533,0
534,5
535,3
536,3
537,1
538,4
539,0
540,3
541,1
542,0
543,4
544,1
545,3
546,3
547,3
548,0
549,5
550,1
551,2
552,3
553,3
554,3
555,0
556,1
557,4
558,4
559,3
560,1
561,0
562,3
563,4
564,4
565,0
566,0
567,3
568,0
569,0
570,1
571,0
572,4
573,1
574,1
575,1
576,3
577,1
578,3
579,0
580,0
581,0
582,2
583,0
584,0
585,3
586,2
587,3
588,1
589,3
590,3
591,3
592,0
593,1
594,1
595,1
596,0
597,1
598,1
599,1
600,4
601,3
602,3
603,2
604,3
605,1
606,0
607,3
608,3
609,3
610,3
611,3
612,0
613,3
614,3
615,4
616,1
617,1
618,1
619,1
620,3
621,3
622,0
623,3
624,0
625,3
626,0
627,1
628,1
629,4
630,1
631,3
632,3
633,0
634,0
635,0
636,1
637,1
638,0
639,0
640,3
641,4
642,3
643,3
644,3
645,1
646,1
647,0
648,0
649,1
650,0
651,3
652,1
653,3
654,3
655,1
656,0
657,2
658,3
659,3
660,2
661,4
662,1
663,3
664,0
665,1
666,3
667,0
668,3
669,3
670,4
671,1
672,0
673,1
674,3
675,0
676,0
677,0
678,1
679,3
680,1
681,5
682,3
683,3
684,1
685,4
686,3
687,0
688,3
689,1
690,3
691,3
692,4
693,0
694,3
695,0
696,1
697,1
698,0
699,3
700,3
701,0
702,3
703,0
704,3
705,3
706,1
707,3
708,3
709,0
710,4
711,4
712,4
713,4
714,1
715,0
716,3
717,1
718,3
719,4
720,1
721,3
722,1
723,4
724,0
725,3
726,0
727,3
728,1
729,1
730,4
731,0
732,3
733,0
734,0
735,1
736,3
737,0
738,1
739,0
740,0
741,3
742,3
743,0
744,3
745,0
746,1
747,0
748,1
749,3
750,0
751,1
752,0
753,0
754,4
755,4
756,4
757,1
758,1
759,0
760,0
761,0
762,0
763,1
764,0
765,1
766,0
767,3
768,3
769,0
770,0
771,0
772,4
773,0
774,0
775,3
776,3
777,3
778,3
779,0
780,2
781,3
782,0
783,4
784,2
785,1
786,3
787,0
788,3
789,3
790,0
791,3
792,0
793,0
794,3
795,4
796,1
797,4
798,0
799,1
800,1
801,1
802,5
803,3
804,1
805,0
806,1
807,3
808,1
809,3
810,1
811,1
812,1
813,1
814,1
815,0
816,3
817,5
818,1
819,4
820,3
821,3
822,3
823,1
824,1
825,3
826,1
827,5
828,1
829,0
830,0
831,1
832,3
833,3
834,1
835,3
836,3
837,3
838,1
839,0
840,5
841,3
842,3
843,1
844,0
845,4
846,1
847,0
848,0
849,0
850,1
851,4
852,3
853,4
854,0
855,0
856,1
857,3
858,1
859,3
860,3
861,4
862,3
863,3
864,1
865,0
866,3
867,3
868,3
869,3
870,3
871,3
872,3
873,3
874,4
875,0
876,4
877,0
878,0
879,3
880,3
881,3
882,0
883,0
884,0
885,0
886,2
887,1
888,0
889,1
890,3
891,2
892,2
893,0
894,0
895,4
896,5
897,3
898,3
899,4
900,1
901,1
902,1
903,1
904,4
905,1
906,1
907,3
908,1
909,1
910,0
911,1
912,1
913,4
914,0
915,0
916,4
917,3
918,4
919,3
920,3
921,1
922,0
923,0
924,3
925,2
926,0
927,1
928,1
929,0
930,0
931,0
932,2
933,4
934,0
935,3
936,0
937,3
938,1
939,4
940,1
941,3
942,0
943,0
944,1
945,0
946,0
947,1
948,0
949,1
950,3
951,0
952,3
953,3
954,0
955,0
956,4
957,2
958,3
959,1
960,3
961,0
962,0
963,4
964,0
965,1
966,3
967,0
968,0
969,4
970,4
971,3
972,0
973,4
974,3
975,3
976,1
977,3
978,1
979,3
980,0
981,0
982,3
983,3
984,0
985,3
986,1
987,3
988,4
989,0
990,3
991,3
992,3
993,4
994,1
995,3
996,2
997,1
998,4
999,1
1000,1
1001,3
1002,0
1003,2
1004,0
1005,3
1006,3
1007,0
1008,1
1009,0
1010,4
1011,4
1012,1
1013,2
1014,0
1015,3
1016,2
1017,0
1018,3
1019,0
1020,0
1021,1
1022,1
1023,0
1024,3
1025,1
1026,4
1027,0
1028,3
1029,0
1030,3
1031,1
1032,4
1033,3
1034,3
1035,4
1036,1
1037,0
1038,0
1039,1
1040,1
1041,0
1042,3
1043,3
1044,4
1045,1
1046,3
1047,0
1048,1
1049,0
1050,0
1051,1
1052,3
1053,4
1054,1
1055,1
1056,4
1057,1
1058,1
1059,3
1060,3
1061,1
1062,4
1063,3
1064,0
1065,0
1066,4
1067,0
1068,1
1069,3
1070,4
1071,0
1072,3
1073,1
1074,4
1075,0
1076,1
1077,1
1078,1
1079,0
1080,1
1081,0
1082,4
1083,3
1084,0
1085,0
1086,3
1087,1
1088,1
1089,3
1090,3
1091,1
1092,4
1093,3
1094,3
1095,3
1096,3
1097,0
1098,4
1099,4
1100,1
1101,2
1102,1
1103,1
1104,1
1105,0
1106,3
1107,1
1108,3
1109,3
1110,1
1111,3
1112,0
1113,3
1114,3
1115,2
1116,2
1117,1
1118,3
1119,5
1120,1
1121,1
1122,3
1123,3
1124,3
1125,0
1126,1
1127,0
1128,0
1129,0
1130,3
1131,0
1132,5
1133,1
1134,1
1135,0
1136,0
1137,1
1138,3
1139,3
1140,1
1141,1
1142,1
1143,4
1144,0
1145,0
1146,1
1147,1
1148,4
1149,3
1150,0
1151,3
1152,3
1153,0
1154,3
1155,0
1156,1
1157,3
1158,0
1159,3
1160,1
1161,1
1162,0
1163,4
1164,1
1165,0
1166,1
1167,3
1168,1
1169,4
1170,0
1171,3
1172,3
1173,3
1174,4
1175,1
1176,3
1177,3
1178,0
1179,0
1180,3
1181,0
1182,0
1183,3
1184,3
1185,4
1186,0
1187,3
1188,3
1189,3
1190,3
1191,1
1192,1
1193,3
1194,0
1195,3
1196,0
1197,4
1198,0
1199,3
1200,4
1201,1
1202,1
1203,0
1204,4
1205,3
1206,4
1207,3
1208,1
1209,1
1210,1
1211,0
1212,3
1213,0
1214,4
1215,1
1216,0
1217,4
1218,3
1219,1
1220,1
1221,0
1222,0
1223,3
1224,0
1225,0
1226,1
1227,3
1228,3
1229,3
1230,0
1231,3
1232,3
1233,0
1234,0
1235,1
1236,1
1237,3
1238,0
1239,2
1240,2
1241,4
1242,2
1243,1
1244,3
1245,3
1246,3
1247,3
1248,1
1249,0
1250,3
1251,3
1252,3
1253,0
1254,0
1255,1
1256,3
1257,0
1258,1
1259,0
1260,0
1261,1
1262,3
1263,2
1264,0
1265,3
1266,2
1267,1
1268,3
1269,3
1270,1
1271,0
1272,0
1273,0
1274,4
1275,0
1276,0
1277,1
1278,3
1279,0
1280,1
1281,5
1282,1
1283,0
1284,1
1285,0
1286,3
1287,0
1288,1
1289,3
1290,3
1291,2
1292,1
1293,5
1294,0
1295,1
1296,3
1297,3
1298,3
1299,3
1300,3
1301,1
1302,3
1303,4
1304,0
1305,1
1306,3
1307,0
1308,5
1309,5
1310,0
1311,4
1312,2
1313,3
1314,0
1315,0
1316,3
1317,4
1318,0
1319,3
1320,0
1321,1
1322,0
1323,1
1324,3
1325,0
1326,1
1327,1
1328,3
1329,4
1330,3
1331,0
1332,3
1333,1
1334,4
1335,3
1336,3
1337,4
1338,1
1339,0
1340,4
1341,0
1342,0
1343,3
1344,4
1345,0
1346,4
1347,0
1348,0
1349,3
1350,0
1351,1
1352,1
1353,1
1354,3
1355,3
1356,0
1357,0
1358,0
1359,4
1360,0
1361,3
1362,2
1363,2
1364,3
1365,0
1366,4
1367,4
1368,1
1369,3
1370,3
1371,3
1372,3
1373,1
1374,2
1375,0
1376,0
1377,4
1378,1
1379,4
1380,3
1381,1
1382,3
1383,1
1384,1
1385,1
1386,4
1387,3
1388,1
1389,1
1390,4
1391,3
1392,0
1393,0
1394,3
1395,3
1396,4
1397,4
1398,3
1399,1
1400,3
1401,0
1402,0
1403,0
1404,0
1405,4
1406,0
1407,1
1408,1
1409,3
1410,1
1411,1
1412,0
1413,0
1414,0
1415,1
1416,0
1417,0
1418,1
1419,4
1420,1
1421,1
1422,0
1423,3
1424,3
1425,3
1426,3
1427,2
1428,0
1429,3
1430,0
1431,0
1432,1
1433,0
1434,3
1435,3
1436,1
1437,3
1438,0
1439,4
1440,5
1441,1
1442,1
1443,4
1444,0
1445,1
1446,0
1447,3
1448,3
1449,3
1450,3
1451,0
1452,0
1453,3
1454,0
1455,1
1456,4
1457,0
1458,0
1459,0
1460,0
1461,4
1462,4
1463,0
1464,0
1465,0
1466,2
1467,1
1468,0
1469,0
1470,0
1471,0
1472,1
1473,0
1474,1
1475,1
1476,0
1477,1
1478,3
1479,3
1480,1
1481,1
1482,0
1483,3
1484,1
1485,1
1486,3
1487,1
1488,1
1489,3
1490,1
1491,0
1492,1
1493,1
1494,3
1495,1
1496,3
1497,1
1498,0
1499,2
1500,0
1501,3
1502,3
1503,3
1504,0
1505,1
1506,0
1507,5
1508,0
1509,0
1510,1
1511,0
1512,4
1513,1
1514,0
1515,0
1516,0
1517,3
1518,4
1519,0
1520,1
1521,0
1522,1
1523,1
1524,2
1525,2
1526,1
1527,3
1528,1
1529,3
1530,1
1531,0
1532,3
1533,3
1534,3
1535,1
1536,1
1537,1
1538,3
1539,3
1540,0
1541,4
1542,0
1543,3
1544,1
1545,0
1546,1
1547,1
1548,5
1549,3
1550,1
1551,4
1552,3
1553,3
1554,3
1555,3
1556,1
1557,3
1558,0
1559,0
1560,0
1561,3
1562,3
1563,3
1564,4
1565,3
1566,5
1567,0
1568,1
1569,3
1570,1
1571,1
1572,3
1573,1
1574,2
1575,3
1576,2
1577,1
1578,2
1579,3
1580,2
1581,1
1582,0
1583,3
1584,4
1585,3
1586,3
1587,1
1588,1
1589,1
1590,1
1591,3
1592,4
1593,0
1594,3
1595,0
1596,1
1597,2
1598,0
1599,0
1600,3
1601,3
1602,3
1603,0
1604,1
1605,4
1606,0
1607,3
1608,0
1609,1
1610,0
1611,0
1612,0
1613,3
1614,0
1615,1
1616,1
1617,3
1618,4
1619,1
1620,1
1621,0
1622,3
1623,1
1624,3
1625,0
1626,0
1627,2
1628,0
1629,1
1630,1
1631,1
1632,1
1633,1
1634,0
1635,0
1636,4
1637,4
1638,3
1639,2
1640,4
1641,0
1642,3
1643,0
1644,1
1645,1
1646,3
1647,2
1648,3
1649,1
1650,0
1651,3
1652,3
1653,0
1654,1
1655,4
1656,3
1657,1
1658,3
1659,1
1660,1
1661,0
1662,3
1663,0
1664,2
1665,3
1666,1
1667,0
1668,3
1669,4
1670,1
1671,1
1672,1
1673,0
1674,0
1675,3
1676,1
1677,1
1678,4
1679,2
1680,3
1681,3
1682,2
1683,1
1684,4
1685,0
1686,3
1687,3
1688,3
1689,0
1690,1
1691,4
1692,3
1693,3
1694,1
1695,1
1696,0
1697,0
1698,1
1699,3
1700,3
1701,0
1702,3
1703,1
1704,3
1705,1
1706,0
1707,3
1708,3
1709,3
1710,1
1711,0
1712,1
1713,4
1714,4
1715,3
1716,1
1717,0
1718,1
1719,0
1720,0
1721,3
1722,1
1723,0
1724,0
1725,1
1726,0
1727,3
1728,1
1729,0
1730,3
1731,4
1732,1
1733,0
1734,0
1735,1
1736,2
1737,0
1738,3
1739,3
1740,1
1741,1
1742,3
1743,1
1744,4
1745,3
1746,1
1747,1
1748,5
1749,1
1750,3
1751,0
1752,3
1753,0
1754,1
1755,4
1756,4
1757,3
1758,2
1759,3
1760,4
1761,1
1762,0
1763,2
1764,4
1765,3
1766,1
1767,1
1768,1
1769,3
1770,3
1771,1
1772,4
1773,1
1774,3
1775,0
1776,3
1777,0
1778,0
1779,0
1780,3
1781,0
1782,2
1783,3
1784,0
1785,0
1786,3
1787,4
1788,3
1789,0
1790,0
1791,4
1792,0
1793,1
1794,3
1795,3
1796,4
1797,4
1798,0
1799,0
1800,4
1801,1
1802,0
1803,3
1804,0
1805,0
1806,3
1807,3
1808,0
1809,3
1810,1
1811,0
1812,1
1813,3
1814,1
1815,1
1816,0
1817,3
1818,3
1819,3
1820,1
1821,3
1822,0
1823,3
1824,0
1825,4
1826,0
1827,3
1828,4
1829,3
1830,1
1831,1
1832,1
1833,3
1834,1
1835,0
1836,1
1837,3
1838,3
1839,5
1840,3
1841,3
1842,3
1843,0
1844,1
1845,1
1846,2
1847,1
1848,1
1849,1
1850,1
1851,4
1852,1
1853,3
1854,1
1855,1
1856,3
1857,1
1858,1
1859,1
1860,4
1861,3
1862,3
1863,0
1864,3
1865,1
1866,3
1867,3
1868,1
1869,0
1870,0
1871,1
1872,4
1873,1
1874,3
1875,1
1876,0
1877,0
1878,1
1879,0
1880,2
1881,0
1882,1
1883,0
1884,3
1885,3
1886,3
1887,1
1888,4
1889,3
1890,4
1891,1
1892,3
1893,4
1894,1
1895,0
1896,0
1897,0
1898,2
1899,3
1900,0
1901,0
1902,3
1903,0
1904,3
1905,3
1906,2
1907,0
1908,2
1909,1
1910,0
1911,3
1912,4
1913,3
1914,3
1915,1
1916,1
1917,1
1918,3
1919,0
1920,4
1921,1
1922,1
1923,3
1924,0
1925,1
1926,4
1927,3
1928,4
1929,3
1930,1
1931,0
1932,4
1933,0
1934,1
1935,0
1936,3
1937,4
1938,4
1939,3
1940,3
1941,0
1942,0
1943,1
1944,0
1945,0
1946,0
1947,1
1948,3
1949,4
1950,4
1951,3
1952,3
1953,0
1954,4
1955,1
1956,0
1957,3
1958,4
1959,4
1960,4
1961,1
1962,1
1963,0
1964,0
1965,1
1966,3
1967,0
1968,3
1969,0
1970,3
1971,1
1972,1
1973,0
1974,1
1975,0
1976,4
1977,1
1978,4
1979,3
1980,1
1981,3
1982,0
1983,4
1984,5
1985,3
1986,3
1987,4
1988,3
1989,0
1990,3
1991,3
1992,1
1993,3
1994,0
1995,1
1996,3
1997,4
1998,0
1999,3
2000,0
2001,1
2002,1
2003,0
2004,3
2005,3
2006,1
2007,2
2008,0
2009,3
2010,3
2011,5
2012,3
2013,4
2014,3
2015,0
2016,1
2017,3
2018,3
2019,4
2020,0
2021,1
2022,3
2023,0
2024,1
2025,1
2026,0
2027,4
2028,0
2029,3
2030,3
2031,0
2032,3
2033,3
2034,0
2035,0
2036,1
2037,3
2038,4
2039,3
2040,0
2041,0
2042,0
2043,0
2044,1
2045,3
2046,2
2047,0
2048,1
2049,1
2050,3
2051,2
2052,2
2053,0
2054,1
2055,3
2056,2
2057,1
2058,4
2059,4
2060,3
2061,3
2062,3
2063,0
2064,3
2065,0
2066,0
2067,3
2068,1
2069,4
2070,1
2071,4
2072,1
2073,0
2074,0
2075,3
2076,1
2077,0
2078,3
2079,0
2080,3
2081,5
2082,3
2083,3
2084,3
2085,1
2086,2
2087,0
2088,1
2089,0
2090,0
2091,1
2092,0
2093,1
2094,5
2095,4
2096,3
2097,1
2098,1
2099,3
2100,1
2101,0
2102,3
2103,3
2104,0
2105,0
2106,0
2107,0
2108,0
2109,4
2110,3
2111,0
2112,3
2113,3
2114,2
2115,3
2116,2
2117,4
2118,0
2119,3
2120,0
2121,3
2122,3
2123,4
2124,1
2125,3
2126,3
2127,3
2128,1
2129,0
2130,3
2131,3
2132,1
2133,0
2134,1
2135,3
2136,4
2137,0
2138,3
2139,0
2140,1
2141,0
2142,3
2143,0
2144,4
2145,3
2146,4
2147,1
2148,1
2149,3
2150,3
2151,4
2152,0
2153,4
2154,0
2155,3
2156,4
2157,1
2158,0
2159,0
2160,3
2161,1
2162,0
2163,0
2164,3
2165,3
2166,4
2167,1
2168,0
2169,0
2170,3
2171,3
2172,3
2173,1
2174,1
2175,1
2176,1
2177,4
2178,3
2179,3
2180,0
2181,3
2182,1
2183,5
2184,0
2185,0
2186,3
2187,1
2188,3
2189,1
2190,1
2191,0
2192,0
2193,1
2194,3
2195,0
2196,1
2197,5
2198,3
2199,1
2200,3
2201,0
2202,4
2203,1
2204,3
2205,3
2206,3
2207,4
2208,0
2209,0
2210,0
2211,3
2212,3
2213,1
2214,3
2215,0
2216,0
2217,4
2218,3
2219,0
2220,1
2221,3
2222,3
2223,4
2224,1
2225,3
2226,0
2227,4
2228,1
2229,3
2230,4
2231,1
2232,0
2233,3
2234,3
2235,1
2236,0
2237,0
2238,3
2239,0
2240,1
2241,0
2242,3
2243,5
2244,1
2245,1
2246,4
2247,3
2248,3
2249,2
2250,0
2251,1
2252,4
2253,3
2254,3
2255,4
2256,3
2257,0
2258,3
2259,3
2260,1
2261,3
2262,3
2263,0
2264,1
2265,0
2266,3
2267,0
2268,2
2269,1
2270,1
2271,3
2272,0
2273,1
2274,3
2275,2
2276,1
2277,3
2278,3
2279,1
2280,0
2281,3
2282,1
2283,1
2284,3
2285,0
2286,4
2287,0
2288,3
2289,3
2290,0
2291,1
2292,5
2293,3
2294,1
2295,3
2296,3
2297,0
2298,3
2299,2
2300,1
2301,1
2302,1
2303,3
2304,3
2305,1
2306,4
2307,0
2308,4
2309,1
2310,1
2311,0
2312,0
2313,3
2314,0
2315,1
2316,0
2317,3
2318,4
2319,3
2320,1
2321,3
2322,3
2323,3
2324,3
2325,0
2326,3
2327,3
2328,0
2329,4
2330,3
2331,3
2332,0
2333,1
2334,0
2335,2
2336,3
2337,4
2338,0
2339,0
2340,1
2341,3
2342,3
2343,3
2344,1
2345,3
2346,4
2347,0
2348,0
2349,1
2350,4
2351,1
2352,3
2353,3
2354,0
2355,1
2356,0
2357,0
2358,3
2359,4
2360,0
2361,2
2362,3
2363,0
2364,1
2365,0
2366,0
2367,1
2368,3
2369,3
2370,3
2371,0
2372,1
2373,4
2374,3
2375,0
2376,3
2377,0
2378,0
2379,1
2380,1
2381,1
2382,3
2383,3
2384,4
2385,4
2386,3
2387,0
2388,0
2389,1
2390,3
2391,0
2392,3
2393,1
2394,3
2395,1
2396,3
2397,5
2398,1
2399,0
2400,0
2401,3
2402,3
2403,0
2404,0
2405,3
2406,3
2407,3
2408,0
2409,0
2410,0
2411,0
2412,5
2413,2
2414,0
2415,1
2416,1
2417,3
2418,4
2419,4
2420,0
2421,0
2422,0
2423,3
2424,3
2425,1
2426,2
2427,3
2428,3
2429,1
2430,1
2431,3
2432,0
2433,0
2434,1
2435,3
2436,4
2437,0
2438,0
2439,3
2440,3
2441,0
2442,0
2443,0
2444,0
2445,1
2446,1
2447,3
2448,4
2449,4
2450,0
2451,1
2452,1
2453,0
2454,4
2455,0
2456,5
2457,4
2458,5
2459,3
2460,3
2461,3
2462,1
2463,3
2464,3
2465,3
2466,2
2467,1
2468,4
2469,1
2470,1
2471,1
2472,0
2473,1
2474,2
2475,1
2476,3
2477,1
2478,4
2479,0
2480,0
2481,4
2482,3
2483,3
2484,1
2485,1
2486,3
2487,1
2488,0
2489,4
2490,3
2491,0
2492,4
2493,4
2494,0
2495,1
2496,3
2497,4
2498,3
2499,0
2500,3
2501,1
2502,3
2503,0
2504,3
2505,4
2506,3
2507,3
2508,3
2509,1
2510,4
2511,0
2512,3
2513,2
2514,1
2515,4
2516,1
2517,0
2518,0
2519,0
2520,4
2521,0
2522,0
2523,4
2524,0
2525,4
2526,4
2527,0
2528,4
2529,0
2530,3
2531,0
2532,0
2533,0
2534,1
2535,0
2536,0
2537,3
2538,3
2539,0
2540,3
2541,3
2542,3
2543,3
2544,0
2545,3
2546,1
2547,1
2548,2
2549,3
2550,3
2551,1
2552,0
2553,0
2554,4
2555,5
2556,3
2557,4
2558,3
2559,1
2560,1
2561,3
2562,3
2563,1
2564,3
2565,3
2566,1
2567,1
2568,0
2569,0
2570,4
2571,4
2572,5
2573,3
2574,1
2575,0
2576,1
2577,3
2578,4
2579,4
2580,3
2581,1
2582,0
2583,4
2584,0
2585,1
2586,0
2587,1
2588,1
2589,3
2590,0
2591,4
2592,0
2593,4
2594,3
2595,0
2596,0
2597,1
2598,0
2599,1
2600,0
2601,3
2602,1
2603,4
2604,0
2605,0
2606,3
2607,1
2608,3
2609,2
2610,4
2611,1
2612,0
2613,1
2614,2
2615,1
2616,3
2617,0
2618,3
2619,5
2620,0
2621,4
2622,3
2623,3
2624,1
2625,2
2626,0
2627,0
2628,3
2629,1
2630,1
2631,4
2632,3
2633,0
2634,1
2635,3
2636,1
2637,4
2638,1
2639,1
2640,1
2641,3
2642,3
2643,0
2644,0
2645,3
2646,1
2647,0
2648,1
2649,2
2650,1
2651,1
2652,3
2653,3
2654,3
2655,1
2656,1
2657,3
2658,3
2659,3
2660,1
2661,3
2662,1
2663,3
2664,1
2665,1
2666,0
2667,3
2668,3
2669,3
2670,4
2671,0
2672,0
2673,3
2674,3
2675,1
2676,3
2677,0
2678,0
2679,3
2680,4
2681,0
2682,0
2683,3
2684,3
2685,3
2686,1
2687,1
2688,2
2689,0
2690,3
2691,0
2692,1
2693,1
2694,1
2695,1
2696,0
2697,4
2698,1
2699,3
2700,5
2701,5
2702,3
2703,5
2704,3
2705,2
2706,3
2707,0
2708,4
2709,3
2710,0
2711,3
2712,1
2713,3
2714,4
2715,3
2716,1
2717,3
2718,3
2719,0
2720,1
2721,3
2722,1
2723,1
2724,4
2725,1
2726,3
2727,3
2728,0
2729,5
2730,0
2731,1
2732,3
2733,4
2734,1
2735,3
2736,0
2737,1
2738,3
2739,3
2740,0
2741,0
2742,3
2743,1
2744,3
2745,0
2746,3
2747,0
2748,1
2749,4
2750,1
2751,1
2752,2
2753,3
2754,3
2755,0
2756,3
2757,0
2758,3
2759,3
2760,1
2761,2
2762,1
2763,0
2764,3
2765,4
2766,1
2767,0
2768,1
2769,0
2770,1
2771,3
2772,4
2773,1
2774,0
2775,4
2776,1
2777,4
2778,0
2779,0
2780,4
2781,0
2782,4
2783,1
2784,0
2785,3
2786,2
2787,0
2788,1
2789,4
2790,0
2791,1
2792,1
2793,1
2794,3
2795,3
2796,3
2797,1
2798,3
2799,3
2800,4
2801,4
2802,3
2803,3
2804,1
2805,2
2806,1
2807,3
2808,1
2809,3
2810,1
2811,0
2812,0
2813,1
2814,1
2815,3
2816,4
2817,3
2818,3
2819,0
2820,1
2821,0
2822,3
2823,0
2824,0
2825,0
2826,0
2827,0
2828,1
2829,1
2830,0
2831,0
2832,1
2833,1
2834,1
2835,2
2836,1
2837,3
2838,3
2839,3
2840,5
2841,4
2842,0
2843,3
2844,0
2845,4
2846,3
2847,0
2848,0
2849,3
2850,1
2851,4
2852,1
2853,3
2854,0
2855,1
2856,3
2857,1
2858,4
2859,1
2860,1
2861,0
2862,1
2863,1
2864,0
2865,3
2866,1
2867,1
2868,4
2869,2
2870,0
2871,4
2872,3
2873,3
2874,3
2875,1
2876,3
2877,3
2878,1
2879,1
2880,3
2881,2
2882,0
2883,1
2884,3
2885,3
2886,3
2887,1
2888,0
2889,3
2890,0
2891,3
2892,4
2893,4
2894,0
2895,1
2896,1
2897,1
2898,3
2899,0
2900,3
2901,3
2902,3
2903,3
2904,0
2905,1
2906,3
2907,4
2908,0
2909,0
2910,0
2911,3
2912,0
2913,4
2914,5
2915,0
2916,0
2917,3
2918,4
2919,1
2920,1
2921,1
2922,3
2923,3
2924,1
2925,4
2926,3
2927,3
2928,1
2929,3
2930,0
2931,4
2932,4
2933,1
2934,0
2935,0
2936,0
2937,1
2938,1
2939,4
2940,1
2941,0
2942,0
2943,3
2944,1
2945,3
2946,1
2947,0
2948,1
2949,2
2950,0
2951,1
2952,3
2953,3
2954,0
2955,1
2956,3
2957,0
2958,4
2959,0
2960,5
2961,5
2962,3
2963,1
2964,3
2965,4
2966,0
2967,2
2968,1
2969,1
2970,3
2971,2
2972,0
2973,0
2974,3
2975,3
2976,3
2977,3
2978,3
2979,0
2980,5
2981,1
2982,1
2983,0
2984,3
2985,1
2986,1
2987,0
2988,1
2989,3
2990,0
2991,0
2992,1
2993,1
2994,2
2995,0
2996,0
2997,3
2998,1
2999,1
3000,3
3001,4
3002,0
3003,1
3004,0
3005,3
3006,3
3007,1
3008,1
3009,2
3010,3
3011,1
3012,0
3013,1
3014,4
3015,1
3016,1
3017,3
3018,1
3019,0
3020,0
3021,3
3022,0
3023,0
3024,4
3025,0
3026,3
3027,3
3028,3
3029,1
3030,4
3031,1
3032,1
3033,3
3034,1
3035,3
3036,3
3037,0
3038,3
3039,0
3040,1
3041,1
3042,0
3043,3
3044,0
3045,4
3046,3
3047,0
3048,3
3049,0
3050,3
3051,0
3052,1
3053,1
3054,1
3055,3
3056,0
3057,4
3058,3
3059,4
3060,3
3061,1
3062,1
3063,3
3064,1
3065,0
3066,0
3067,3
3068,4
3069,0
3070,3
3071,3
3072,0
3073,3
3074,1
3075,3
3076,3
3077,0
3078,0
3079,2
3080,4
3081,1
3082,3
3083,3
3084,3
3085,0
3086,0
3087,0
3088,4
3089,3
3090,1
3091,3
3092,0
3093,3
3094,0
3095,3
3096,4
3097,0
3098,3
3099,1
3100,3
3101,3
3102,0
3103,0
3104,0
3105,4
3106,4
3107,3
3108,4
3109,0
3110,1
3111,3
3112,3
3113,4
3114,0
3115,3
3116,3
3117,0
3118,3
3119,0
3120,4
3121,1
3122,2
3123,0
3124,3
3125,3
3126,3
3127,3
3128,3
3129,4
3130,1
3131,0
3132,4
3133,3
3134,1
3135,1
3136,4
3137,0
3138,3
3139,0
3140,4
3141,3
3142,3
3143,4
3144,1
3145,0
3146,0
3147,3
3148,3
3149,2
3150,0
3151,3
3152,3
3153,0
3154,3
3155,3
3156,2
3157,5
3158,3
3159,2
3160,2
3161,1
3162,1
3163,2
3164,0
3165,1
3166,5
3167,1
3168,0
3169,3
3170,3
3171,0
3172,0
3173,0
3174,4
3175,1
3176,3
3177,4
3178,0
3179,3
3180,0
3181,1
3182,1
3183,1
3184,1
3185,1
3186,5
3187,0
3188,3
3189,3
3190,1
3191,3
3192,3
3193,4
3194,3
3195,0
3196,1
3197,4
3198,0
3199,3
3200,3
3201,4
3202,0
3203,4
3204,0
3205,3
3206,3
3207,1
3208,3
3209,3
3210,0
3211,4
3212,1
3213,3
3214,4
3215,1
3216,4
3217,1
3218,4
3219,4
3220,3
3221,1
3222,3
3223,1
3224,3
3225,0
3226,1
3227,0
3228,1
3229,0
3230,0
3231,1
3232,0
3233,0
3234,0
3235,3
3236,3
3237,0
3238,1
3239,0
3240,0
3241,3
3242,1
3243,3
3244,1
3245,0
3246,3
3247,4
3248,0
3249,3
3250,0
3251,0
3252,0
3253,1
3254,3
3255,3
3256,5
3257,3
3258,3
3259,3
3260,3
3261,1
3262,5
3263,3
3264,0
3265,1
3266,1
3267,0
3268,3
3269,1
3270,3
3271,1
3272,0
3273,1
3274,3
3275,3
3276,3
3277,1
3278,1
3279,3
3280,1
3281,3
3282,0
3283,0
3284,0
3285,3
3286,0
3287,0
3288,4
3289,0
3290,3
3291,0
3292,1
3293,2
3294,2
3295,0
3296,1
3297,3
3298,3
3299,3
3300,3
3301,3
3302,3
3303,0
3304,3
3305,4
3306,3
3307,3
3308,4
3309,0
3310,0
3311,0
3312,1
3313,0
3314,0
3315,0
3316,4
3317,3
3318,2
3319,3
3320,0
3321,3
3322,3
3323,4
3324,0
3325,3
3326,2
3327,3
3328,1
3329,1
3330,3
3331,5
3332,1
3333,4
3334,1
3335,3
3336,0
3337,0
3338,3
3339,3
3340,1
3341,1
3342,3
3343,3
3344,3
3345,3
3346,4
3347,3
3348,4
3349,3
3350,3
3351,0
3352,4
3353,0
3354,0
3355,1
3356,0
3357,1
3358,3
3359,3
3360,1
3361,3
3362,0
3363,3
3364,0
3365,1
3366,0
3367,3
3368,1
3369,0
3370,0
3371,4
3372,1
3373,3
3374,3
3375,1
3376,4
3377,0
3378,1
3379,0
3380,3
3381,0
3382,4
3383,0
3384,3
3385,3
3386,1
3387,3
3388,0
3389,4
3390,1
3391,2
3392,1
3393,3
3394,4
3395,1
3396,1
3397,4
3398,1
3399,3
3400,4
3401,0
3402,1
3403,3
3404,3
3405,3
3406,0
3407,1
3408,0
3409,1
3410,3
3411,0
3412,2
3413,1
3414,0
3415,3
3416,2
3417,1
3418,1
3419,3
3420,3
3421,3
3422,0
3423,4
3424,3
3425,0
3426,0
3427,3
3428,3
3429,0
3430,1
3431,3
3432,3
3433,3
3434,0
3435,4
3436,3
3437,1
3438,3
3439,3
3440,0
3441,3
3442,1
3443,3
3444,3
3445,1
3446,3
3447,0
3448,3
3449,0
3450,1
3451,4
3452,3
3453,1
3454,0
3455,1
3456,0
3457,0
3458,4
3459,4
3460,3
3461,4
3462,4
3463,2
3464,3
3465,3
3466,1
3467,0
3468,0
3469,0
3470,3
3471,3
3472,0
3473,0
3474,0
3475,1
3476,0
3477,3
3478,1
3479,0
3480,0
3481,3
3482,3
3483,3
3484,4
3485,0
3486,4
3487,1
3488,3
3489,3
3490,0
3491,0
3492,3
3493,1
3494,4
3495,0
3496,0
3497,3
3498,0
3499,4
3500,0
3501,3
3502,3
3503,3
3504,0
3505,0
3506,3
3507,0
3508,3
3509,3
3510,0
3511,1
3512,1
3513,1
3514,1
3515,3
3516,3
3517,0
3518,0
3519,3
3520,4
3521,3
3522,3
3523,1
3524,1
3525,1
3526,3
3527,2
3528,3
3529,3
3530,4
3531,0
3532,3
3533,1
3534,1
3535,1
3536,4
3537,0
3538,3
3539,4
3540,1
3541,3
3542,3
3543,4
3544,0
3545,4
3546,0
3547,3
3548,1
3549,4
3550,3
3551,0
3552,0
3553,3
3554,3
3555,0
3556,1
3557,1
3558,3
3559,1
3560,1
3561,0
3562,3
3563,0
3564,1
3565,0
3566,4
3567,0
3568,1
3569,4
3570,0
3571,3
3572,3
3573,1
3574,4
3575,4
3576,3
3577,0
3578,1
3579,4
3580,3
3581,0
3582,1
3583,1
3584,0
3585,4
3586,1
3587,0
3588,1
3589,4
3590,3
3591,1
3592,1
3593,1
3594,0
3595,0
3596,3
3597,1
3598,4
3599,3
3600,3
3601,1
3602,3
3603,1
3604,3
3605,4
3606,3
3607,3
3608,3
3609,1
3610,1
3611,3
3612,3
3613,3
3614,2
3615,0
3616,1
3617,1
3618,0
3619,3
3620,0
3621,2
3622,3
3623,3
3624,0
3625,3
3626,2
3627,0
3628,1
3629,4
3630,1
3631,0
3632,4
3633,1
3634,3
3635,0
3636,2
3637,3
3638,0
3639,3
3640,1
3641,3
3642,3
3643,3
3644,3
3645,1
3646,3
3647,4
3648,2
3649,3
3650,4
3651,3
3652,3
3653,3
3654,3
3655,4
3656,4
3657,4
3658,1
3659,0
3660,3
3661,2
3662,0
3663,0
3664,1
3665,2
3666,3
3667,1
3668,0
3669,0
3670,3
3671,1
3672,3
3673,0
3674,4
3675,0
3676,2
3677,3
3678,3
3679,4
3680,0
3681,3
3682,1
3683,1
3684,0
3685,3
3686,3
3687,1
3688,4
3689,0
3690,4
3691,0
3692,1
3693,1
3694,4
3695,3
3696,3
3697,4
3698,4
3699,3
3700,4
3701,1
3702,0
3703,3
3704,3
3705,4
3706,3
3707,4
3708,1
3709,1
3710,5
3711,3
3712,0
3713,1
3714,1
3715,1
3716,1
3717,1
3718,1
3719,0
3720,0
3721,2
3722,0
3723,1
3724,1
3725,3
3726,0
3727,3
3728,0
3729,0
3730,1
3731,1
3732,3
3733,4
3734,1
3735,3
3736,0
3737,1
3738,2
3739,1
3740,3
3741,4
3742,1
3743,3
3744,1
3745,3
3746,0
3747,1
3748,3
3749,0
3750,1
3751,4
3752,3
3753,3
3754,4
3755,3
3756,0
3757,1
3758,0
3759,3
3760,0
3761,5
3762,1
3763,4
3764,1
3765,3
3766,3
3767,3
3768,1
3769,0
3770,5
3771,3
3772,0
3773,3
3774,1
3775,3
3776,3
3777,0
3778,4
3779,0
3780,3
3781,1
3782,0
3783,1
3784,3
3785,0
3786,3
3787,0
3788,4
3789,1
3790,3
3791,4
3792,3
3793,1
3794,4
3795,3
3796,0
3797,3
3798,0
3799,3
3800,3
3801,1
3802,0
3803,1
3804,4
3805,1
3806,1
3807,4
3808,3
3809,1
3810,3
3811,1
3812,3
3813,1
3814,3
3815,1
3816,1
3817,1
3818,1
3819,3
3820,1
3821,4
3822,1
3823,3
3824,3
3825,1
3826,0
3827,3
3828,5
3829,3
3830,3
3831,0
3832,0
3833,0
3834,0
3835,1
3836,3
3837,3
3838,1
3839,4
3840,1
3841,0
3842,3
3843,3
3844,1
3845,1
3846,1
3847,4
3848,0
3849,1
3850,3
3851,3
3852,0
3853,3
3854,1
3855,0
3856,3
3857,0
3858,4
3859,0
3860,3
3861,1
3862,4
3863,0
3864,1
3865,3
3866,1
3867,4
3868,4
3869,0
3870,3
3871,3
3872,2
3873,0
3874,3
3875,2
3876,0
3877,1
3878,3
3879,4
3880,3
3881,3
3882,1
3883,3
3884,3
3885,3
3886,4
3887,3
3888,0
3889,1
3890,3
3891,1
3892,0
3893,3
3894,0
3895,3
3896,1
3897,0
3898,1
3899,0
3900,0
3901,1
3902,3
3903,3
3904,4
3905,4
3906,3
3907,1
3908,3
3909,5
3910,0
3911,0
3912,3
3913,1
3914,1
3915,4
3916,0
3917,3
3918,3
3919,0
3920,1
3921,4
3922,3
3923,1
3924,4
3925,3
3926,4
3927,1
3928,3
3929,1
3930,4
3931,4
3932,1
3933,0
3934,1
3935,1
3936,0
3937,2
3938,0
3939,3
3940,3
3941,2
3942,3
3943,3
3944,4
3945,1
3946,1
3947,1
3948,3
3949,3
3950,2
3951,3
3952,4
3953,4
3954,1
3955,0
3956,0
3957,0
3958,4
3959,0
3960,1
3961,0
3962,0
3963,3
3964,1
3965,4
3966,0
3967,1
3968,3
3969,3
3970,1
3971,3
3972,2
3973,1
3974,4
3975,1
3976,1
3977,3
3978,3
3979,3
3980,0
3981,1
3982,4
3983,3
3984,1
3985,2
3986,1
3987,4
3988,1
3989,0
3990,1
3991,1
3992,3
3993,4
3994,0
3995,5
3996,2
3997,2
3998,1
3999,4
4000,1
4001,1
4002,2
4003,3
4004,1
4005,1
4006,0
4007,3
4008,3
4009,1
4010,1
4011,1
4012,3
4013,4
4014,1
4015,1
4016,3
4017,3
4018,4
4019,2
4020,3
4021,3
4022,1
4023,1
4024,3
4025,1
4026,3
4027,3
4028,1
4029,1
4030,0
4031,3
4032,3
4033,3
4034,3
4035,0
4036,1
4037,3
4038,0
4039,5
4040,0
4041,3
4042,3
4043,4
4044,0
4045,0
4046,3
4047,3
4048,0
4049,3
4050,3
4051,4
4052,1
4053,0
4054,1
4055,1
4056,2
4057,3
4058,3
4059,4
4060,1
4061,1
4062,3
4063,1
4064,1
4065,3
4066,0
4067,4
4068,3
4069,1
4070,3
4071,3
4072,1
4073,5
4074,1
4075,1
4076,1
4077,3
4078,3
4079,3
4080,1
4081,3
4082,3
4083,4
4084,0
4085,3
4086,3
4087,3
4088,1
4089,5
4090,0
4091,3
4092,3
4093,3
4094,0
4095,3
4096,3
4097,5
4098,1
4099,3
4100,3
4101,0
4102,0
4103,4
4104,3
4105,1
4106,0
4107,0
4108,3
4109,0
4110,1
4111,0
4112,1
4113,0
4114,1
4115,1
4116,1
4117,1
4118,3
4119,4
4120,3
4121,3
4122,0
4123,1
4124,0
4125,0
4126,3
4127,1
4128,1
4129,0
4130,0
4131,0
4132,0
4133,1
4134,3
4135,1
4136,3
4137,1
4138,2
4139,0
4140,1
4141,1
4142,3
4143,3
4144,4
4145,1
4146,4
4147,3
4148,0
4149,3
4150,0
4151,0
4152,0
4153,0
4154,3
4155,2
4156,1
4157,3
4158,3
4159,1
4160,4
4161,1
4162,0
4163,3
4164,3
4165,3
4166,3
4167,1
4168,0
4169,3
4170,4
4171,0
4172,3
4173,2
4174,3
4175,3
4176,0
4177,3
4178,3
4179,2
4180,3
4181,0
4182,1
4183,3
4184,3
4185,0
4186,0
4187,3
4188,0
4189,1
4190,4
4191,3
4192,3
4193,3
4194,0
4195,0
4196,4
4197,3
4198,4
4199,0
4200,5
4201,0
4202,3
4203,1
4204,0
4205,5
4206,3
4207,4
4208,3
4209,1
4210,3
4211,3
4212,1
4213,0
4214,3
4215,3
4216,0
4217,0
4218,2
4219,0
4220,0
4221,4
4222,1
4223,0
4224,2
4225,3
4226,3
4227,4
4228,3
4229,0
4230,3
4231,2
4232,0
4233,3
4234,0
4235,0
4236,1
4237,0
4238,1
4239,3
4240,3
4241,3
4242,3
4243,3
4244,0
4245,0
4246,3
4247,1
4248,1
4249,0
4250,1
4251,1
4252,3
4253,1
4254,3
4255,0
4256,3
4257,3
4258,3
4259,4
4260,3
4261,1
4262,0
4263,2
4264,1
4265,3
4266,0
4267,3
4268,0
4269,1
4270,0
4271,3
4272,1
4273,0
4274,0
4275,3
4276,3
4277,3
4278,5
4279,0
4280,3
4281,1
4282,3
4283,3
4284,0
4285,0
4286,3
4287,3
4288,0
4289,0
4290,0
4291,1
4292,3
4293,0
4294,4
4295,3
4296,3
4297,0
4298,3
4299,3
4300,1
4301,1
4302,0
4303,4
4304,0
4305,4
4306,3
4307,1
4308,3
4309,1
4310,2
4311,0
4312,1
4313,1
4314,1
4315,3
4316,1
4317,1
4318,0
4319,4
4320,0
4321,3
4322,3
4323,3
4324,1
4325,3
4326,0
4327,0
4328,3
4329,5
4330,1
4331,1
4332,3
4333,1
4334,4
4335,3
4336,3
4337,3
4338,3
4339,4
4340,3
4341,0
4342,1
4343,0
4344,2
4345,3
4346,3
4347,3
4348,0
4349,1
4350,3
4351,3
4352,0
4353,4
4354,3
4355,1
4356,1
4357,0
4358,3
4359,1
4360,0
4361,3
4362,0
4363,3
4364,3
4365,3
4366,1
4367,3
4368,0
4369,3
4370,4
4371,3
4372,0
4373,4
4374,3
4375,0
4376,3
4377,4
4378,0
4379,0
4380,1
4381,3
4382,0
4383,0
4384,0
4385,3
4386,0
4387,0
4388,0
4389,4
4390,0
4391,0
4392,0
4393,3
4394,1
4395,3
4396,1
4397,3
4398,1
4399,1
4400,1
4401,1
4402,1
4403,4
4404,3
4405,0
4406,3
4407,1
4408,1
4409,4
4410,1
4411,1
4412,1
4413,0
4414,3
4415,2
4416,1
4417,1
4418,3
4419,0
4420,0
4421,1
4422,1
4423,1
4424,3
4425,0
4426,0
4427,3
4428,3
4429,0
4430,1
4431,1
4432,4
4433,3
4434,4
4435,0
4436,1
4437,5
4438,1
4439,5
4440,0
4441,1
4442,3
4443,4
4444,0
4445,3
4446,1
4447,3
4448,0
4449,0
4450,2
4451,0
4452,2
4453,0
4454,2
4455,4
4456,4
4457,1
4458,0
4459,3
4460,0
4461,1
4462,1
4463,3
4464,4
4465,0
4466,3
4467,0
4468,3
4469,4
4470,4
4471,2
4472,3
4473,3
4474,4
4475,3
4476,0
4477,3
4478,0
4479,0
4480,4
4481,0
4482,4
4483,3
4484,3
4485,0
4486,0
4487,1
4488,0
4489,1
4490,1
4491,1
4492,3
4493,1
4494,3
4495,3
4496,1
4497,0
4498,1
4499,0
4500,0
4501,3
4502,1
4503,4
4504,3
4505,0
4506,1
4507,0
4508,3
4509,0
4510,0
4511,3
4512,4
4513,1
4514,3
4515,0
4516,3
4517,0
4518,0
4519,1
4520,3
4521,0
4522,0
4523,2
4524,0
4525,0
4526,3
4527,0
4528,3
4529,0
4530,3
4531,0
4532,0
4533,1
4534,1
4535,2
4536,1
4537,0
4538,0
4539,4
4540,3
4541,3
4542,0
4543,0
4544,3
4545,1
4546,3
4547,0
4548,0
4549,3
4550,5
4551,0
4552,1
4553,3
4554,5
4555,0
4556,0
4557,0
4558,1
4559,0
4560,4
4561,4
4562,1
4563,4
4564,4
4565,3
4566,1
4567,1
4568,1
4569,3
4570,3
4571,0
4572,1
4573,0
4574,4
4575,0
4576,3
4577,3
4578,1
4579,3
4580,3
4581,3
4582,2
4583,3
4584,3
4585,1
4586,4
4587,0
4588,0
4589,0
4590,3
4591,4
4592,0
4593,3
4594,0
4595,0
4596,3
4597,3
4598,1
4599,0
4600,2
4601,1
4602,3
4603,4
4604,1
4605,1
4606,0
4607,0
4608,4
4609,0
4610,0
4611,3
4612,3
4613,1
4614,0
4615,0
4616,0
4617,0
4618,3
4619,4
4620,1
4621,0
4622,3
4623,0
4624,3
4625,3
4626,1
4627,1
4628,0
4629,0
4630,1
4631,3
4632,3
4633,3
4634,0
4635,3
4636,4
4637,1
4638,0
4639,3
4640,5
4641,0
4642,0
4643,0
4644,1
4645,3
4646,5
4647,3
4648,0
4649,4
4650,4
4651,1
4652,3
4653,1
4654,0
4655,5
4656,3
4657,4
4658,2
4659,1
4660,4
4661,3
4662,3
4663,3
4664,5
4665,1
4666,1
4667,0
4668,0
4669,0
4670,1
4671,3
4672,3
4673,3
4674,1
4675,3
4676,0
4677,3
4678,3
4679,0
4680,0
4681,3
4682,0
4683,3
4684,4
4685,0
4686,1
4687,0
4688,3
4689,0
4690,3
4691,0
4692,0
4693,0
4694,4
4695,3
4696,1
4697,1
4698,2
4699,0
4700,0
4701,4
4702,0
4703,3
4704,3
4705,0
4706,1
4707,3
4708,0
4709,3
4710,4
4711,1
4712,0
4713,4
4714,1
4715,0
4716,1
4717,0
4718,1
4719,3
4720,3
4721,0
4722,3
4723,0
4724,0
4725,1
4726,0
4727,0
4728,1
4729,1
4730,3
4731,0
4732,3
4733,1
4734,0
4735,0
4736,2
4737,1
4738,1
4739,3
4740,2
4741,5
4742,3
4743,3
4744,1
4745,3
4746,0
4747,0
4748,0
4749,0
4750,0
4751,3
4752,3
4753,1
4754,1
4755,4
4756,3
4757,4
4758,4
4759,3
4760,1
4761,0
4762,0
4763,3
4764,1
4765,4
4766,5
4767,3
4768,0
4769,0
4770,4
4771,3
4772,5
4773,3
4774,0
4775,0
4776,0
4777,1
4778,1
4779,2
4780,0
4781,3
4782,0
4783,0
4784,4
4785,0
4786,3
4787,1
4788,1
4789,3
4790,3
4791,3
4792,0
4793,1
4794,0
4795,0
4796,2
4797,3
4798,1
4799,0
4800,3
4801,3
4802,3
4803,3
4804,0
4805,3
4806,1
4807,4
4808,0
4809,3
4810,0
4811,1
4812,3
4813,1
4814,3
4815,1
4816,2
4817,1
4818,1
4819,1
4820,0
4821,0
4822,3
4823,0
4824,3
4825,0
4826,4
4827,0
4828,2
4829,1
4830,0
4831,0
4832,1
4833,1
4834,4
4835,5
4836,3
4837,3
4838,0
4839,2
4840,0
4841,1
4842,0
4843,3
4844,0
4845,3
4846,3
4847,0
4848,1
4849,1
4850,1
4851,4
4852,1
4853,1
4854,0
4855,4
4856,3
4857,0
4858,4
4859,3
4860,0
4861,3
4862,3
4863,0
4864,3
4865,3
4866,0
4867,3
4868,3
4869,3
4870,0
4871,1
4872,0
4873,0
4874,1
4875,0
4876,0
4877,3
4878,1
4879,0
4880,1
4881,3
4882,3
4883,3
4884,3
4885,0
4886,0
4887,1
4888,0
4889,3
4890,1
4891,3
4892,4
4893,3
4894,0
4895,3
4896,3
4897,1
4898,1
4899,4
4900,0
4901,1
4902,0
4903,3
4904,4
4905,0
4906,0
4907,4
4908,1
4909,4
4910,0
4911,1
4912,0
4913,1
4914,1
4915,3
4916,0
4917,0
4918,2
4919,1
4920,0
4921,4
4922,3
4923,0
4924,3
4925,0
4926,2
4927,3
4928,3
4929,0
4930,3
4931,3
4932,0
4933,3
4934,3
4935,3
4936,3
4937,3
4938,1
4939,3
4940,1
4941,4
4942,0
4943,3
4944,4
4945,5
4946,1
4947,3
4948,0
4949,1
4950,5
4951,1
4952,1
4953,2
4954,3
4955,4
4956,1
4957,1
4958,1
4959,1
4960,4
4961,3
4962,1
4963,3
4964,0
4965,1
4966,1
4967,1
4968,3
4969,4
4970,1
4971,0
4972,3
4973,3
4974,0
4975,3
4976,5
4977,0
4978,1
4979,4
4980,2
4981,0
4982,0
4983,2
4984,3
4985,3
4986,2
4987,1
4988,4
4989,3
4990,0
4991,0
4992,0
4993,3
4994,3
4995,4
4996,4
4997,0
4998,1
4999,3
5000,3
5001,1
5002,0
5003,3
5004,4
5005,0
5006,1
5007,3
5008,3
5009,1
5010,3
5011,1
5012,0
5013,3
5014,3
5015,0
5016,1
5017,3
5018,0
5019,0
5020,3
5021,3
5022,0
5023,1
5024,3
5025,0
5026,4
5027,4
5028,1
5029,3
5030,3
5031,0
5032,3
5033,3
5034,3
5035,0
5036,1
5037,2
5038,3
5039,4
5040,0
5041,3
5042,3
5043,3
5044,3
5045,0
5046,2
5047,0
5048,1
5049,0
5050,1
5051,1
5052,3
5053,1
5054,3
5055,3
5056,1
5057,1
5058,1
5059,3
5060,0
5061,3
5062,4
5063,3
5064,0
5065,3
5066,3
5067,1
5068,0
5069,3
5070,4
5071,0
5072,3
5073,1
5074,3
5075,1
5076,2
5077,4
5078,4
5079,3
5080,3
5081,3
5082,0
5083,1
5084,0
5085,4
5086,0
5087,0
5088,3
5089,0
5090,4
5091,3
5092,1
5093,0
5094,0
5095,3
5096,1
5097,1
5098,1
5099,3
5100,1
5101,3
5102,4
5103,0
5104,0
5105,1
5106,1
5107,4
5108,1
5109,1
5110,3
5111,3
5112,1
5113,0
5114,3
5115,1
5116,3
5117,4
5118,1
5119,3
5120,3
5121,3
5122,0
5123,0
5124,4
5125,0
5126,0
5127,3
5128,1
5129,0
5130,3
5131,0
5132,0
5133,0
5134,0
5135,3
5136,1
5137,3
5138,2
5139,0
5140,3
5141,0
5142,3
5143,3
5144,0
5145,1
5146,3
5147,4
5148,1
5149,1
5150,4
5151,4
5152,1
5153,0
5154,3
5155,3
5156,3
5157,1
5158,4
5159,0
5160,4
5161,0
5162,0
5163,5
5164,1
5165,5
5166,3
5167,3
5168,3
5169,3
5170,0
5171,0
5172,1
5173,3
5174,0
5175,0
5176,3
5177,1
5178,0
5179,3
5180,3
5181,0
5182,3
5183,3
5184,1
5185,0
5186,3
5187,0
5188,1
5189,4
5190,1
5191,1
5192,0
5193,4
5194,0
5195,0
5196,0
5197,4
5198,1
5199,1
5200,5
5201,3
5202,0
5203,1
5204,3
5205,1
5206,3
5207,4
5208,0
5209,0
5210,3
5211,4
5212,3
5213,0
5214,1
5215,0
5216,1
5217,1
5218,1
5219,1
5220,0
5221,1
5222,4
5223,3
5224,1
5225,3
5226,3
5227,3
5228,0
5229,3
5230,3
5231,3
5232,4
5233,2
5234,3
5235,1
5236,1
5237,0
5238,3
5239,1
5240,3
5241,3
5242,4
5243,4
5244,3
5245,1
5246,0
5247,2
5248,3
5249,3
5250,3
5251,4
5252,1
5253,3
5254,1
5255,5
5256,3
5257,1
5258,3
5259,1
5260,3
5261,0
5262,3
5263,3
5264,3
5265,3
5266,1
5267,4
5268,3
5269,0
5270,3
5271,5
5272,4
5273,4
5274,0
5275,0
5276,0
5277,1
5278,4
5279,3
5280,2
5281,0
5282,0
5283,0
5284,1
5285,3
5286,1
5287,3
5288,1
5289,1
5290,3
5291,1
5292,5
5293,3
5294,3
5295,3
5296,4
5297,0
5298,1
5299,3
5300,1
5301,0
5302,3
5303,3
5304,4
5305,3
5306,3
5307,0
5308,1
5309,3
5310,4
5311,1
5312,1
5313,3
5314,3
5315,0
5316,0
5317,3
5318,3
5319,0
5320,1
5321,1
5322,0
5323,1
5324,0
5325,5
5326,1
5327,2
5328,3
5329,0
5330,3
5331,2
5332,0
5333,3
5334,3
5335,0
5336,0
5337,3
5338,3
5339,0
5340,2
5341,0
5342,0
5343,0
5344,1
5345,1
5346,4
5347,1
5348,3
5349,2
5350,3
5351,4
5352,0
5353,0
5354,1
5355,0
5356,1
5357,4
5358,1
5359,1
5360,3
5361,1
5362,2
5363,0
5364,3
5365,1
5366,4
5367,4
5368,0
5369,3
5370,3
5371,0
5372,0
5373,3
5374,0
5375,2
5376,1
5377,1
5378,0
5379,0
5380,0
5381,4
5382,2
5383,0
5384,0
5385,4
5386,1
5387,3
5388,1
5389,1
5390,1
5391,0
5392,3
5393,3
5394,0
5395,4
5396,3
5397,1
5398,0
5399,0
5400,1
5401,1
5402,0
5403,2
5404,0
5405,5
5406,5
5407,1
5408,1
5409,3
5410,0
5411,3
5412,3
5413,3
5414,0
5415,4
5416,0
5417,1
5418,1
5419,4
5420,3
5421,3
5422,0
5423,0
5424,0
5425,3
5426,1
5427,1
5428,4
5429,3
5430,4
5431,3
5432,1
5433,1
5434,3
5435,1
5436,1
5437,3
5438,1
5439,3
5440,0
5441,3
5442,1
5443,3
5444,1
5445,1
5446,1
5447,1
5448,3
5449,3
5450,1
5451,4
5452,5
5453,3
5454,1
5455,1
5456,3
5457,3
5458,3
5459,2
5460,1
5461,3
5462,0
5463,1
5464,0
5465,3
5466,3
5467,3
5468,3
5469,0
5470,3
5471,0
5472,0
5473,0
5474,3
5475,1
5476,3
5477,1
5478,3
5479,3
5480,0
5481,3
5482,3
5483,0
5484,3
5485,0
5486,1
5487,3
5488,3
5489,3
5490,3
5491,3
5492,0
5493,4
5494,0
5495,1
5496,1
5497,3
5498,1
5499,1
5500,1
5501,4
5502,3
5503,0
5504,0
5505,1
5506,0
5507,0
5508,0
5509,1
5510,1
5511,3
5512,4
5513,1
5514,1
5515,3
5516,1
5517,3
5518,3
5519,0
5520,3
5521,4
5522,4
5523,0
5524,0
5525,2
5526,3
5527,1
5528,1
5529,2
5530,1
5531,4
5532,3
5533,1
5534,1
5535,1
5536,4
5537,1
5538,2
5539,1
5540,0
5541,3
5542,2
5543,3
5544,0
5545,3
5546,0
5547,1
5548,1
5549,1
5550,0
5551,4
5552,4
5553,3
5554,3
5555,1
5556,3
5557,0
5558,1
5559,3
5560,4
5561,0
5562,3
5563,1
5564,4
5565,0
5566,3
5567,1
5568,3
5569,3
5570,3
5571,3
5572,1
5573,0
5574,5
5575,3
5576,0
5577,0
5578,3
5579,3
5580,3
5581,3
5582,5
5583,0
5584,0
5585,3
5586,1
5587,0
5588,0
5589,4
5590,1
5591,1
5592,1
5593,3
5594,0
5595,3
5596,1
5597,1
5598,0
5599,1
5600,1
5601,4
5602,0
5603,3
5604,1
5605,0
5606,1
5607,4
5608,0
5609,0
5610,4
5611,1
5612,1
5613,3
5614,4
5615,4
5616,0
5617,4
5618,4
5619,1
5620,3
5621,3
5622,0
5623,1
5624,0
5625,1
5626,2
5627,1
5628,3
5629,0
5630,3
5631,1
5632,4
5633,0
5634,1
5635,3
5636,0
5637,3
5638,0
5639,1
5640,1
5641,1
5642,0
5643,3
5644,0
5645,3
5646,1
5647,0
5648,3
5649,0
5650,0
5651,3
5652,3
5653,3
5654,2
5655,3
5656,0
5657,1
5658,3
5659,4
5660,0
5661,1
5662,1
5663,2
5664,1
5665,4
5666,0
5667,1
5668,1
5669,3
5670,1
5671,0
5672,2
5673,1
5674,1
5675,1
5676,2
5677,1
5678,5
5679,1
5680,0
5681,3
5682,3
5683,1
5684,0
5685,4
5686,0
5687,3
5688,0
5689,0
5690,1
5691,3
5692,1
5693,3
5694,0
5695,1
5696,0
5697,0
5698,1
5699,4
5700,1
5701,0
5702,4
5703,3
5704,3
5705,3
5706,1
5707,1
5708,1
5709,1
5710,0
5711,3
5712,1
5713,3
5714,3
5715,1
5716,2
5717,0
5718,3
5719,1
5720,1
5721,1
5722,1
5723,1
5724,3
5725,0
5726,3
5727,1
5728,1
5729,0
5730,1
5731,3
5732,3
5733,1
5734,3
5735,3
5736,3
5737,1
5738,1
5739,2
5740,0
5741,0
5742,3
5743,0
5744,3
5745,1
5746,1
5747,0
5748,0
5749,1
5750,4
5751,0
5752,3
5753,3
5754,1
5755,3
5756,0
5757,1
5758,0
5759,1
5760,3
5761,3
5762,3
5763,3
5764,0
5765,3
5766,0
5767,3
5768,2
5769,4
5770,0
5771,4
5772,1
5773,5
5774,4
5775,1
5776,3
5777,1
5778,1
5779,1
5780,0
5781,0
5782,1
5783,3
5784,3
5785,2
5786,0
5787,1
5788,3
5789,0
5790,0
5791,4
5792,3
5793,4
5794,0
5795,3
5796,0
5797,1
5798,4
5799,1
5800,3
5801,3
5802,3
5803,3
5804,1
5805,1
5806,2
5807,3
5808,1
5809,3
5810,4
5811,1
5812,1
5813,3
5814,3
5815,0
5816,5
5817,4
5818,3
5819,4
5820,1
5821,4
5822,3
5823,3
5824,1
5825,0
5826,1
5827,1
5828,2
5829,0
5830,1
5831,2
5832,4
5833,3
5834,3
5835,1
5836,2
5837,3
5838,0
5839,3
5840,3
5841,1
5842,0
5843,3
5844,3
5845,0
5846,0
5847,2
5848,0
5849,1
5850,3
5851,0
5852,1
5853,1
5854,4
5855,3
5856,4
5857,0
5858,1
5859,4
5860,1
5861,3
5862,3
5863,4
5864,1
5865,2
5866,3
5867,1
5868,2
5869,1
5870,3
5871,0
5872,1
5873,4
5874,1
5875,1
5876,3
5877,2
5878,0
5879,0
5880,1
5881,3
5882,1
5883,0
5884,3
5885,3
5886,3
5887,0
5888,3
5889,2
5890,0
5891,1
5892,1
5893,3
5894,0
5895,2
5896,4
5897,3
5898,3
5899,3
5900,4
5901,3
5902,1
5903,3
5904,3
5905,3
5906,1
5907,2
5908,3
5909,3
5910,0
5911,0
5912,1
5913,3
5914,3
5915,3
5916,0
5917,1
5918,1
5919,3
5920,1
5921,3
5922,4
5923,0
5924,4
5925,3
5926,0
5927,1
5928,3
5929,0
5930,1
5931,0
5932,3
5933,3
5934,3
5935,1
5936,0
5937,1
5938,0
5939,3
5940,3
5941,0
5942,1
5943,0
5944,3
5945,0
5946,2
5947,0
5948,4
5949,2
5950,1
5951,0
5952,0
5953,3
5954,0
5955,1
5956,3
5957,4
5958,5
5959,1
5960,4
5961,1
5962,0
5963,3
5964,3
5965,0
5966,3
5967,1
5968,0
5969,3
5970,1
5971,4
5972,0
5973,0
5974,3
5975,1
5976,3
5977,3
5978,0
5979,0
5980,3
5981,1
5982,0
5983,1
5984,3
5985,3
5986,0
5987,4
5988,3
5989,3
5990,0
5991,2
5992,3
5993,3
5994,3
5995,0
5996,3
5997,0
5998,1
5999,3
6000,4
6001,3
6002,4
6003,0
6004,0
6005,0
6006,1
6007,4
6008,1
6009,1
6010,1
6011,1
6012,0
6013,0
6014,3
6015,0
6016,3
6017,3
6018,2
6019,1
6020,0
6021,0
6022,0
6023,4
6024,1
6025,4
6026,2
6027,3
6028,0
6029,1
6030,0
6031,2
6032,3
6033,1
6034,0
6035,0
6036,4
6037,1
6038,3
6039,3
6040,0
6041,3
6042,0
6043,3
6044,0
6045,3
6046,1
6047,3
6048,3
6049,0
6050,3
6051,1
6052,0
6053,4
6054,3
6055,0
6056,3
6057,1
6058,0
6059,3
6060,3
6061,0
6062,0
6063,3
6064,4
6065,2
6066,1
6067,3
6068,3
6069,0
6070,0
6071,1
6072,3
6073,4
6074,3
6075,0
6076,4
6077,0
6078,1
6079,1
6080,3
6081,4
6082,3
6083,3
6084,3
6085,0
6086,1
6087,3
6088,0
6089,0
6090,1
6091,1
6092,1
6093,0
6094,3
6095,4
6096,3
6097,2
6098,3
6099,3
6100,1
6101,3
6102,3
6103,3
6104,0
6105,0
6106,1
6107,2
6108,4
6109,1
6110,3
6111,1
6112,4
6113,4
6114,1
6115,4
6116,1
6117,1
6118,1
6119,0
6120,0
6121,0
6122,4
6123,1
6124,4
6125,4
6126,2
6127,1
6128,0
6129,3
6130,1
6131,1
6132,1
6133,3
6134,1
6135,0
6136,1
6137,1
6138,0
6139,0
6140,4
6141,3
6142,1
6143,1
6144,1
6145,3
6146,3
6147,3
6148,1
6149,4
6150,1
6151,3
6152,1
6153,2
6154,3
6155,1
6156,4
6157,1
6158,1
6159,3
6160,3
6161,5
6162,0
6163,3
6164,1
6165,1
6166,1
6167,0
6168,0
6169,0
6170,3
6171,4
6172,1
6173,0
6174,2
6175,1
6176,4
6177,3
6178,0
6179,2
6180,0
6181,3
6182,1
6183,4
6184,0
6185,3
6186,0
6187,0
6188,1
6189,3
6190,1
6191,1
6192,1
6193,3
6194,4
6195,3
6196,3
6197,4
6198,0
6199,1
6200,1
6201,3
6202,3
6203,3
6204,1
6205,1
6206,0
6207,0
6208,0
6209,0
6210,0
6211,1
6212,2
6213,1
6214,0
6215,1
6216,2
6217,1
6218,3
6219,1
6220,0
6221,3
6222,0
6223,4
6224,2
6225,3
6226,1
6227,1
6228,3
6229,3
6230,3
6231,3
6232,3
6233,0
6234,3
6235,0
6236,3
6237,2
6238,5
6239,1
6240,3
6241,4
6242,3
6243,4
6244,3
6245,4
6246,1
6247,3
6248,1
6249,1
6250,3
6251,3
6252,0
6253,1
6254,0
6255,3
6256,3
6257,4
6258,0
6259,3
6260,3
6261,0
6262,3
6263,1
6264,3
6265,1
6266,0
6267,4
6268,3
6269,3
6270,4
6271,1
6272,1
6273,0
6274,4
6275,1
6276,0
6277,0
6278,0
6279,3
6280,0
6281,4
6282,0
6283,4
6284,3
6285,1
6286,0
6287,1
6288,1
6289,5
6290,3
6291,1
6292,0
6293,2
6294,3
6295,2
6296,4
6297,1
6298,1
6299,3
6300,0
6301,0
6302,3
6303,1
6304,2
6305,4
6306,4
6307,4
6308,4
6309,0
6310,1
6311,1
6312,3
6313,1
6314,3
6315,1
6316,1
6317,4
6318,1
6319,1
6320,5
6321,0
6322,1
6323,0
6324,0
6325,3
6326,4
6327,0
6328,0
6329,5
6330,2
6331,1
6332,0
6333,1
6334,4
6335,0
6336,4
6337,0
6338,1
6339,4
6340,2
6341,3
6342,0
6343,1
6344,3
6345,1
6346,0
6347,0
6348,3
6349,1
6350,4
6351,5
6352,3
6353,2
6354,0
6355,4
6356,1
6357,0
6358,2
6359,4
6360,0
6361,3
6362,0
6363,0
6364,3
6365,4
6366,3
6367,3
6368,4
6369,0
6370,0
6371,3
6372,3
6373,3
6374,0
6375,0
6376,0
6377,4
6378,1
6379,1
6380,1
6381,0
6382,3
6383,0
6384,0
6385,1
6386,0
6387,3
6388,0
6389,3
6390,1
6391,0
6392,0
6393,0
6394,1
6395,0
6396,3
6397,2
6398,3
6399,1
6400,0
6401,0
6402,2
6403,1
6404,1
6405,1
6406,0
6407,1
6408,4
6409,0
6410,0
6411,3
6412,4
6413,0
6414,3
6415,3
6416,3
6417,0
6418,1
6419,3
6420,3
6421,1
6422,0
6423,3
6424,3
6425,1
6426,1
6427,4
6428,1
6429,0
6430,3
6431,0
6432,0
6433,1
6434,3
6435,4
6436,4
6437,4
6438,0
6439,0
6440,2
6441,0
6442,0
6443,0
6444,0
6445,4
6446,0
6447,1
6448,1
6449,3
6450,1
6451,4
6452,3
6453,3
6454,1
6455,0
6456,1
6457,1
6458,3
6459,0
6460,4
6461,0
6462,1
6463,1
6464,1
6465,0
6466,0
6467,1
6468,3
6469,4
6470,0
6471,0
6472,3
6473,0
6474,0
6475,3
6476,3
6477,0
6478,3
6479,1
6480,1
6481,1
6482,3
6483,0
6484,1
6485,3
6486,1
6487,0
6488,0
6489,3
6490,0
6491,1
6492,2
6493,3
6494,0
6495,3
6496,3
6497,3
6498,4
6499,0
6500,3
6501,1
6502,1
6503,5
6504,3
6505,1
6506,0
6507,1
6508,4
6509,0
6510,0
6511,3
6512,0
6513,1
6514,0
6515,0
6516,0
6517,3
6518,3
6519,0
6520,0
6521,4
6522,2
6523,0
6524,3
6525,0
6526,3
6527,0
6528,3
6529,3
6530,1
6531,3
6532,4
6533,1
6534,1
6535,3
6536,0
6537,0
6538,3
6539,0
6540,3
6541,2
6542,4
6543,0
6544,0
6545,0
6546,3
6547,5
6548,1
6549,3
6550,3
6551,0
6552,3
6553,0
6554,2
6555,3
6556,0
6557,1
6558,1
6559,0
6560,3
6561,4
6562,3
6563,4
6564,4
6565,3
6566,0
6567,0
6568,1
6569,4
6570,0
6571,0
6572,1
6573,1
6574,3
6575,3
6576,3
6577,1
6578,1
6579,1
6580,0
6581,0
6582,3
6583,1
6584,0
6585,0
6586,2
6587,4
6588,4
6589,0
6590,0
6591,3
6592,3
6593,3
6594,0
6595,0
6596,0
6597,3
6598,0
6599,0
6600,4
6601,3
6602,0
6603,4
6604,1
6605,1
6606,0
6607,1
6608,3
6609,1
6610,1
6611,0
6612,0
6613,1
6614,2
6615,2
6616,4
6617,0
6618,3
6619,3
6620,3
6621,1
6622,0
6623,3
6624,2
6625,2
6626,3
6627,0
6628,3
6629,0
6630,2
6631,1
6632,0
6633,4
6634,2
6635,3
6636,0
6637,4
6638,1
6639,3
6640,4
6641,0
6642,1
6643,0
6644,0
6645,4
6646,4
6647,1
6648,1
6649,0
6650,3
6651,0
6652,1
6653,2
6654,3
6655,3
6656,3
6657,0
6658,0
6659,1
6660,3
6661,3
6662,3
6663,4
6664,4
6665,3
6666,0
6667,3
6668,3
6669,3
6670,1
6671,1
6672,1
6673,0
6674,2
6675,3
6676,3
6677,2
6678,5
6679,3
6680,3
6681,1
6682,0
6683,3
6684,3
6685,1
6686,0
6687,3
6688,1
6689,1
6690,3
6691,4
6692,0
6693,2
6694,4
6695,2
6696,3
6697,2
6698,3
6699,1
6700,3
6701,1
6702,4
6703,3
6704,0
6705,1
6706,3
6707,1
6708,0
6709,3
6710,3
6711,1
6712,0
6713,0
6714,4
6715,1
6716,1
6717,3
6718,3
6719,4
6720,3
6721,0
6722,3
6723,3
6724,2
6725,1
6726,4
6727,1
6728,3
6729,1
6730,0
6731,3
6732,1
6733,1
6734,4
6735,1
6736,4
6737,2
6738,5
6739,0
6740,2
6741,0
6742,0
6743,0
6744,1
6745,3
6746,3
6747,3
6748,3
6749,3
6750,3
6751,1
6752,3
6753,3
6754,3
6755,1
6756,4
6757,3
6758,3
6759,0
6760,1
6761,3
6762,3
6763,1
6764,0
6765,1
6766,3
6767,0
6768,3
6769,3
6770,3
6771,1
6772,3
6773,4
6774,4
6775,0
6776,4
6777,3
6778,0
6779,3
6780,4
6781,0
6782,0
6783,3
6784,1
6785,3
6786,0
6787,3
6788,2
6789,0
6790,0
6791,3
6792,1
6793,2
6794,1
6795,0
6796,3
6797,3
6798,4
6799,2
6800,3
6801,0
6802,3
6803,3
6804,3
6805,3
6806,3
6807,4
6808,0
6809,3
6810,4
6811,1
6812,3
6813,1
6814,1
6815,3
6816,0
6817,0
6818,4
6819,3
6820,1
6821,0
6822,3
6823,0
6824,1
6825,3
6826,4
6827,3
6828,1
6829,1
6830,1
6831,3
6832,0
6833,0
6834,1
6835,3
6836,3
6837,1
6838,0
6839,1
6840,0
6841,2
6842,1
6843,0
6844,0
6845,0
6846,3
6847,3
6848,1
6849,4
6850,0
6851,3
6852,3
6853,3
6854,0
6855,4
6856,3
6857,4
6858,0
6859,2
6860,1
6861,4
6862,1
6863,1
6864,3
6865,2
6866,1
6867,2
6868,1
6869,3
6870,3
6871,3
6872,4
6873,1
6874,1
6875,4
6876,2
6877,0
6878,3
6879,3
6880,4
6881,3
6882,3
6883,1
6884,0
6885,0
6886,0
6887,1
6888,1
6889,3
6890,1
6891,3
6892,1
6893,0
6894,0
6895,3
6896,1
6897,1
6898,0
6899,1
6900,3
6901,1
6902,4
6903,4
6904,0
6905,0
6906,0
6907,1
6908,1
6909,0
6910,3
6911,0
6912,1
6913,1
6914,4
6915,2
6916,1
6917,3
6918,1
6919,3
6920,1
6921,0
6922,3
6923,1
6924,1
6925,4
6926,3
6927,0
6928,1
6929,1
6930,4
6931,3
6932,1
6933,3
6934,0
6935,3
6936,3
6937,3
6938,4
6939,4
6940,3
6941,3
6942,3
6943,3
6944,1
6945,1
6946,0
6947,0
6948,0
6949,1
6950,0
6951,0
6952,1
6953,1
6954,0
6955,0
6956,1
6957,1
6958,3
6959,1
6960,3
6961,2
6962,3
6963,3
6964,3
6965,0
6966,1
6967,1
6968,4
6969,0
6970,1
6971,3
6972,0
6973,3
6974,0
6975,0
6976,0
6977,3
6978,4
6979,4
6980,2
6981,3
6982,3
6983,0
6984,1
6985,4
6986,3
6987,0
6988,0
6989,3
6990,3
6991,0
6992,4
6993,1
6994,3
6995,3
6996,4
6997,0
6998,0
6999,3
7000,0
7001,3
7002,3
7003,1
7004,0
7005,1
7006,0
7007,0
7008,0
7009,1
7010,1
7011,4
7012,1
7013,0
7014,1
7015,4
7016,4
7017,1
7018,3
7019,2
7020,0
7021,1
7022,0
7023,3
7024,3
7025,1
7026,1
7027,2
7028,0
7029,1
7030,0
7031,0
7032,3
7033,0
7034,4
7035,4
7036,1
7037,0
7038,1
7039,0
7040,1
7041,0
7042,4
7043,1
7044,3
7045,1
7046,1
7047,4
7048,1
7049,4
7050,1
7051,1
7052,3
7053,3
7054,4
7055,3
7056,1
7057,0
7058,1
7059,4
7060,3
7061,1
7062,3
7063,1
7064,3
7065,0
7066,3
7067,3
7068,3
7069,1
7070,2
7071,4
7072,2
7073,0
7074,1
7075,0
7076,3
7077,4
7078,1
7079,3
7080,3
7081,3
7082,0
7083,3
7084,1
7085,1
7086,2
7087,1
7088,3
7089,3
7090,0
7091,3
7092,3
7093,3
7094,3
7095,3
7096,3
7097,4
7098,4
7099,4
7100,3
7101,4
7102,0
7103,1
7104,0
7105,4
7106,1
7107,4
7108,4
7109,3
7110,0
7111,1
7112,4
7113,3
7114,0
7115,4
7116,3
7117,1
7118,1
7119,0
7120,0
7121,4
7122,3
7123,1
7124,3
7125,1
7126,3
7127,3
7128,1
7129,3
7130,3
7131,0
7132,0
7133,3
7134,3
7135,0
7136,4
7137,1
7138,3
7139,0
7140,5
7141,4
7142,0
7143,3
7144,4
7145,1
7146,0
7147,1
7148,4
7149,2
7150,4
7151,0
7152,3
7153,1
7154,3
7155,4
7156,0
7157,3
7158,4
7159,3
7160,3
7161,3
7162,3
7163,1
7164,0
7165,1
7166,3
7167,1
7168,4
7169,1
7170,2
7171,1
7172,3
7173,1
7174,1
7175,0
7176,4
7177,1
7178,4
7179,3
7180,0
7181,0
7182,3
7183,3
7184,0
7185,4
7186,4
7187,1
7188,0
7189,4
7190,3
7191,4
7192,3
7193,0
7194,1
7195,0
7196,3
7197,1
7198,3
7199,3
7200,0
7201,1
7202,3
7203,4
7204,1
7205,3
7206,3
7207,0
7208,4
7209,0
7210,1
7211,0
7212,3
7213,0
7214,0
7215,0
7216,1
7217,3
7218,3
7219,3
7220,3
7221,3
7222,4
7223,0
7224,1
7225,0
7226,4
7227,1
7228,1
7229,3
7230,1
7231,3
7232,1
7233,5
7234,1
7235,0
7236,0
7237,0
7238,4
7239,0
7240,3
7241,1
7242,3
7243,3
7244,1
7245,3
7246,4
7247,3
7248,3
7249,3
7250,0
7251,1
7252,3
7253,4
7254,1
7255,3
7256,3
7257,1
7258,1
7259,0
7260,1
7261,0
7262,0
7263,0
7264,0
7265,0
7266,1
7267,2
7268,1
7269,3
7270,4
7271,3
7272,1
7273,4
7274,0
7275,1
7276,3
7277,3
7278,4
7279,0
7280,4
7281,3
7282,0
7283,4
7284,0
7285,3
7286,3
7287,0
7288,4
7289,0
7290,1
7291,0
7292,1
7293,1
7294,3
7295,3
7296,4
7297,1
7298,1
7299,0
7300,1
7301,1
7302,3
7303,3
7304,2
7305,4
7306,1
7307,1
7308,0
7309,1
7310,4
7311,5
7312,0
7313,3
7314,0
7315,1
7316,3
7317,4
7318,2
7319,0
7320,1
7321,0
7322,4
7323,1
7324,1
7325,3
7326,1
7327,0
7328,0
7329,1
7330,0
7331,3
7332,0
7333,0
7334,3
7335,3
7336,0
7337,3
7338,4
7339,1
7340,4
7341,1
7342,0
7343,2
7344,3
7345,3
7346,0
7347,1
7348,3
7349,4
7350,3
7351,1
7352,3
7353,4
7354,0
7355,3
7356,0
7357,1
7358,4
7359,3
7360,4
7361,0
7362,1
7363,3
7364,3
7365,0
7366,1
7367,0
7368,2
7369,3
7370,3
7371,4
7372,1
7373,4
7374,0
7375,3
7376,3
7377,3
7378,3
7379,1
7380,4
7381,3
7382,3
7383,1
7384,1
7385,0
7386,2
7387,2
7388,1
7389,3
7390,0
7391,0
7392,2
7393,4
7394,0
7395,1
7396,4
7397,2
7398,1
7399,1
7400,1
7401,3
7402,4
7403,1
7404,4
7405,3
7406,0
7407,1
7408,3
7409,0
7410,4
7411,1
7412,3
7413,1
7414,3
7415,0
7416,3
7417,1
7418,1
7419,0
7420,3
7421,3
7422,4
7423,1
7424,5
7425,0
7426,1
7427,2
7428,3
7429,1
7430,0
7431,3
7432,0
7433,3
7434,3
7435,1
7436,3
7437,4
7438,3
7439,3
7440,1
7441,2
7442,0
7443,3
7444,3
7445,3
7446,0
7447,4
7448,4
7449,3
7450,3
7451,3
7452,2
7453,0
7454,0
7455,2
7456,3
7457,0
7458,3
7459,1
7460,1
7461,3
7462,1
7463,3
7464,3
7465,3
7466,1
7467,3
7468,1
7469,0
7470,0
7471,0
7472,3
7473,4
7474,0
7475,0
7476,4
7477,0
7478,3
7479,0
7480,1
7481,3
7482,1
7483,3
7484,4
7485,3
7486,0
7487,0
7488,0
7489,1
7490,0
7491,1
7492,4
7493,1
7494,0
7495,0
7496,0
7497,1
7498,0
7499,1
7500,0
7501,3
7502,0
7503,3
7504,1
7505,4
7506,3
7507,0
7508,1
7509,0
7510,0
7511,3
7512,3
7513,0
7514,4
7515,1
7516,3
7517,1
7518,3
7519,1
7520,1
7521,1
7522,0
7523,1
7524,0
7525,4
7526,3
7527,3
7528,1
7529,3
7530,3
7531,0
7532,3
7533,3
7534,4
7535,2
7536,0
7537,3
7538,2
7539,0
7540,3
7541,4
7542,5
7543,1
7544,1
7545,0
7546,3
7547,1
7548,3
7549,5
7550,0
7551,3
7552,3
7553,0
7554,0
7555,0
7556,2
7557,3
7558,3
7559,4
7560,1
7561,4
7562,4
7563,3
7564,4
7565,1
7566,0
7567,0
7568,1
7569,1
7570,0
7571,3
7572,1
7573,0
7574,0
7575,3
7576,1
7577,3
7578,0
7579,4
7580,3
7581,2
7582,3
7583,2
7584,0
7585,4
7586,4
7587,3
7588,0
7589,1
7590,3
7591,2
7592,3
7593,0
7594,1
7595,4
7596,3
7597,1
7598,1
7599,1
7600,4
7601,0
7602,1
7603,0
7604,3
7605,1
7606,1
7607,3
7608,2
7609,3
7610,0
7611,0
7612,1
7613,0
7614,4
7615,1
7616,1
7617,1
7618,0
7619,0
7620,1
7621,0
7622,4
7623,1
7624,1
7625,1
7626,3
7627,4
7628,1
7629,1
7630,1
7631,0
7632,3
7633,1
7634,0
7635,4
7636,3
7637,1
7638,1
7639,3
7640,4
7641,0
7642,1
7643,3
7644,2
7645,1
7646,3
7647,0
7648,3
7649,0
7650,1
7651,0
7652,0
7653,0
7654,0
7655,1
7656,1
7657,1
7658,4
7659,0
7660,3
7661,3
7662,1
7663,0
7664,0
7665,3
7666,3
7667,0
7668,2
7669,2
7670,0
7671,3
7672,2
7673,3
7674,4
7675,3
7676,1
7677,3
7678,3
7679,1
7680,4
7681,0
7682,0
7683,3
7684,0
7685,3
7686,0
7687,3
7688,2
7689,0
7690,4
7691,0
7692,3
7693,3
7694,3
7695,5
7696,0
7697,4
7698,4
7699,1
7700,3
7701,3
7702,0
7703,1
7704,1
7705,0
7706,1
7707,0
7708,1
7709,0
7710,3
7711,0
7712,4
7713,3
7714,0
7715,4
7716,0
7717,4
7718,1
7719,0
7720,4
7721,0
7722,1
7723,1
7724,3
7725,3
7726,1
7727,0
7728,4
7729,4
7730,3
7731,0
7732,3
7733,4
7734,3
7735,4
7736,0
7737,1
7738,3
7739,3
7740,1
7741,3
7742,3
7743,3
7744,1
7745,1
7746,0
7747,1
7748,0
7749,3
7750,0
7751,0
7752,4
7753,3
7754,1
7755,1
7756,4
7757,2
7758,1
7759,1
7760,0
7761,0
7762,0
7763,4
7764,1
7765,1
7766,0
7767,3
7768,4
7769,0
7770,3
7771,4
7772,1
7773,3
7774,0
7775,3
7776,0
7777,3
7778,3
7779,0
7780,0
7781,0
7782,0
7783,0
7784,1
7785,0
7786,1
7787,3
7788,1
7789,1
7790,0
7791,2
7792,1
7793,3
7794,3
7795,0
7796,4
7797,4
7798,4
7799,3
7800,3
7801,1
7802,0
7803,1
7804,0
7805,3
7806,4
7807,1
7808,3
7809,3
7810,3
7811,0
7812,1
7813,0
7814,1
7815,3
7816,4
7817,4
7818,0
7819,3
7820,1
7821,1
7822,3
7823,4
7824,3
7825,4
7826,3
7827,0
7828,1
7829,0
7830,0
7831,3
7832,3
7833,2
7834,3
7835,0
7836,0
7837,3
7838,4
7839,1
7840,3
7841,2
7842,1
7843,3
7844,3
7845,3
7846,1
7847,1
7848,3
7849,2
7850,1
7851,0
7852,3
7853,0
7854,1
7855,2
7856,0
7857,0
7858,3
7859,1
7860,2
7861,1
7862,4
7863,0
7864,0
7865,1
7866,0
7867,3
7868,1
7869,3
7870,0
7871,0
7872,0
7873,3
7874,1
7875,0
7876,3
7877,3
7878,1
7879,1
7880,1
7881,1
7882,2
7883,0
7884,3
7885,1
7886,0
7887,1
7888,1
7889,1
7890,1
7891,0
7892,0
7893,3
7894,0
7895,3
7896,4
7897,1
7898,1
7899,0
7900,3
7901,3
7902,1
7903,4
7904,2
7905,0
7906,3
7907,0
7908,4
7909,3
7910,2
7911,0
7912,4
7913,0
7914,4
7915,1
7916,4
7917,0
7918,1
7919,3
7920,0
7921,1
7922,1
7923,0
7924,4
7925,1
7926,3
7927,0
7928,3
7929,0
7930,1
7931,3
7932,4
7933,2
7934,3
7935,0
7936,4
7937,1
7938,3
7939,0
7940,3
7941,0
7942,0
7943,2
7944,0
7945,2
7946,0
7947,1
7948,0
7949,3
7950,0
7951,4
7952,3
7953,3
7954,0
7955,4
7956,2
7957,2
7958,0
7959,0
7960,3
7961,3
7962,5
7963,1
7964,3
7965,4
7966,3
7967,3
7968,3
7969,3
7970,3
7971,3
7972,3
7973,3
7974,4
7975,3
7976,0
7977,1
7978,3
7979,0
7980,0
7981,0
7982,1
7983,1
7984,3
7985,2
7986,0
7987,3
7988,0
7989,3
7990,1
7991,0
7992,3
7993,1
7994,2
7995,0
7996,4
7997,5
7998,2
7999,0
8000,3
8001,0
8002,3
8003,1
8004,0
8005,0
8006,0
8007,4
8008,3
8009,4
8010,0
8011,3
8012,4
8013,4
8014,0
8015,0
8016,1
8017,3
8018,3
8019,3
8020,2
8021,4
8022,4
8023,0
8024,5
8025,4
8026,3
8027,0
8028,1
8029,3
8030,2
8031,1
8032,3
8033,0
8034,3
8035,0
8036,1
8037,1
8038,0
8039,0
8040,3
8041,4
8042,0
8043,3
8044,4
8045,1
8046,1
8047,0
8048,0
8049,3
8050,0
8051,0
8052,4
8053,4
8054,3
8055,0
8056,1
8057,0
8058,3
8059,3
8060,1
8061,4
8062,1
8063,0
8064,4
8065,3
8066,3
8067,3
8068,3
8069,2
8070,0
8071,3
8072,0
8073,3
8074,1
8075,3
8076,4
8077,0
8078,0
8079,0
8080,1
8081,1
8082,4
8083,3
8084,3
8085,0
8086,0
8087,0
8088,3
8089,4
8090,3
8091,3
8092,1
8093,1
8094,0
8095,5
8096,3
8097,4
8098,1
8099,1
8100,3
8101,3
8102,0
8103,3
8104,3
8105,0
8106,4
8107,3
8108,1
8109,3
8110,4
8111,1
8112,3
8113,1
8114,1
8115,1
8116,0
8117,1
8118,4
8119,1
8120,0
8121,3
8122,3
8123,0
8124,3
8125,3
8126,3
8127,3
8128,3
8129,4
8130,3
8131,3
8132,1
8133,1
8134,1
8135,0
8136,0
8137,3
8138,4
8139,0
8140,3
8141,0
8142,1
8143,0
8144,3
8145,3
8146,4
8147,1
8148,0
8149,1
8150,0
8151,0
8152,3
8153,4
8154,1
8155,1
8156,0
8157,3
8158,1
8159,1
8160,3
8161,3
8162,3
8163,1
8164,0
8165,0
8166,3
8167,2
8168,1
8169,3
8170,3
8171,4
8172,3
8173,1
8174,3
8175,1
8176,0
8177,0
8178,3
8179,4
8180,0
8181,2
8182,1
8183,2
8184,3
8185,3
8186,0
8187,4
8188,3
8189,1
8190,0
8191,1
8192,1
8193,3
8194,3
8195,3
8196,3
8197,0
8198,1
8199,1
8200,1
8201,1
8202,3
8203,0
8204,1
8205,3
8206,1
8207,0
8208,3
8209,3
8210,3
8211,1
8212,3
8213,4
8214,3
8215,1
8216,3
8217,1
8218,3
8219,3
8220,3
8221,1
8222,1
8223,0
8224,0
8225,1
8226,1
8227,5
8228,3
8229,3
8230,3
8231,1
8232,0
8233,3
8234,1
8235,1
8236,1
8237,3
8238,4
8239,3
8240,1
8241,3
8242,1
8243,0
8244,3
8245,3
8246,3
8247,4
8248,1
8249,0
8250,0
8251,1
8252,3
8253,1
8254,3
8255,3
8256,1
8257,3
8258,0
8259,1
8260,4
8261,5
8262,3
8263,3
8264,1
8265,0
8266,0
8267,4
8268,3
8269,3
8270,3
8271,4
8272,3
8273,3
8274,0
8275,3
8276,0
8277,3
8278,1
8279,3
8280,1
8281,0
8282,1
8283,1
8284,4
8285,3
8286,3
8287,1
8288,0
8289,4
8290,3
8291,0
8292,3
8293,3
8294,3
8295,1
8296,3
8297,3
8298,1
8299,2
8300,3
8301,0
8302,3
8303,1
8304,1
8305,4
8306,4
8307,4
8308,3
8309,0
8310,1
8311,1
8312,2
8313,4
8314,2
8315,3
8316,0
8317,4
8318,0
8319,3
8320,4
8321,1
8322,0
8323,3
8324,3
8325,4
8326,1
8327,1
8328,0
8329,3
8330,1
8331,4
8332,1
8333,5
8334,0
8335,0
8336,3
8337,4
8338,0
8339,0
8340,3
8341,3
8342,3
8343,1
8344,3
8345,3
8346,1
8347,3
8348,3
8349,1
8350,0
8351,3
8352,3
8353,3
8354,3
8355,3
8356,0
8357,3
8358,1
8359,3
8360,3
8361,1
8362,0
8363,1
8364,3
8365,3
8366,3
8367,3
8368,1
8369,3
8370,0
8371,0
8372,4
8373,0
8374,1
8375,0
8376,3
8377,0
8378,3
8379,1
8380,3
8381,0
8382,5
8383,4
8384,0
8385,1
8386,3
8387,0
8388,1
8389,0
8390,2
8391,0
8392,3
8393,0
8394,0
8395,3
8396,3
8397,0
8398,0
8399,3
8400,2
8401,1
8402,3
8403,3
8404,0
8405,1
8406,1
8407,0
8408,3
8409,3
8410,1
8411,3
8412,3
8413,4
8414,4
8415,1
8416,0
8417,3
8418,0
8419,3
8420,1
8421,1
8422,3
8423,3
8424,3
8425,3
8426,1
8427,3
8428,5
8429,1
8430,0
8431,0
8432,3
8433,1
8434,1
8435,1
8436,3
8437,1
8438,3
8439,1
8440,3
8441,0
8442,1
8443,4
8444,3
8445,4
8446,3
8447,0
8448,0
8449,3
8450,3
8451,0
8452,3
8453,1
8454,0
8455,0
8456,3
8457,0
8458,3
8459,0
8460,3
8461,0
8462,4
8463,3
8464,3
8465,0
8466,0
8467,3
8468,3
8469,3
8470,4
8471,0
8472,3
8473,0
8474,0
8475,3
8476,0
8477,1
8478,3
8479,0
8480,0
8481,3
8482,3
8483,3
8484,0
8485,3
8486,0
8487,0
8488,0
8489,3
8490,5
8491,0
8492,0
8493,0
8494,4
8495,0
8496,4
8497,1
8498,3
8499,1
8500,0
8501,1
8502,1
8503,0
8504,1
8505,1
8506,4
8507,3
8508,5
8509,1
8510,0
8511,1
8512,3
8513,1
8514,3
8515,3
8516,3
8517,1
8518,3
8519,0
8520,3
8521,0
8522,1
8523,2
8524,3
8525,1
8526,3
8527,3
8528,4
8529,4
8530,1
8531,1
8532,1
8533,0
8534,0
8535,0
8536,3
8537,4
8538,3
8539,0
8540,0
8541,3
8542,3
8543,5
8544,1
8545,3
8546,1
8547,1
8548,4
8549,3
8550,3
8551,1
8552,0
8553,0
8554,1
8555,4
8556,5
8557,1
8558,4
8559,0
8560,3
8561,3
8562,0
8563,0
8564,0
8565,4
8566,1
8567,3
8568,3
8569,1
8570,1
8571,4
8572,4
8573,1
8574,3
8575,3
8576,4
8577,1
8578,3
8579,1
8580,1
8581,0
8582,3
8583,0
8584,4
8585,4
8586,0
8587,5
8588,1
8589,1
8590,1
8591,0
8592,1
8593,1
8594,3
8595,4
8596,1
8597,1
8598,0
8599,1
8600,3
8601,3
8602,0
8603,5
8604,4
8605,3
8606,0
8607,0
8608,3
8609,1
8610,1
8611,0
8612,3
8613,1
8614,4
8615,0
8616,0
8617,3
8618,1
8619,3
8620,3
8621,1
8622,3
8623,0
8624,3
8625,1
8626,1
8627,1
8628,0
8629,3
8630,1
8631,0
8632,3
8633,3
8634,3
8635,0
8636,3
8637,3
8638,3
8639,0
8640,4
8641,0
8642,3
8643,3
8644,2
8645,3
8646,1
8647,1
8648,4
8649,3
8650,3
8651,1
8652,3
8653,3
8654,0
8655,1
8656,1
8657,3
8658,0
8659,3
8660,3
8661,3
8662,0
8663,3
8664,0
8665,1
8666,0
8667,0
8668,4
8669,3
8670,3
8671,1
8672,3
8673,3
8674,3
8675,1
8676,4
8677,1
8678,1
8679,1
8680,0
8681,0
8682,3
8683,0
8684,0
8685,3
8686,3
8687,1
8688,4
8689,3
8690,2
8691,3
8692,0
8693,1
8694,1
8695,2
8696,3
8697,0
8698,3
8699,1
8700,3
8701,3
8702,0
8703,1
8704,3
8705,0
8706,3
8707,3
8708,3
8709,4
8710,1
8711,1
8712,3
8713,0
8714,3
8715,0
8716,3
8717,1
8718,0
8719,0
8720,0
8721,0
8722,1
8723,3
8724,0
8725,1
8726,3
8727,0
8728,1
8729,0
8730,2
8731,1
8732,1
8733,3
8734,0
8735,3
8736,0
8737,0
8738,5
8739,0
8740,0
8741,0
8742,2
8743,1
8744,0
8745,1
8746,3
8747,1
8748,1
8749,1
8750,3
8751,3
8752,3
8753,0
8754,1
8755,4
8756,3
8757,3
8758,1
8759,0
8760,3
8761,3
8762,1
8763,1
8764,0
8765,1
8766,0
8767,1
8768,3
8769,1
8770,3
8771,1
8772,3
8773,5
8774,1
8775,3
8776,1
8777,4
8778,1
8779,3
8780,1
8781,3
8782,3
8783,4
8784,3
8785,0
8786,1
8787,3
8788,0
8789,1
8790,4
8791,1
8792,3
8793,1
8794,3
8795,0
8796,3
8797,2
8798,1
8799,3
8800,2
8801,3
8802,0
8803,1
8804,4
8805,0
8806,4
8807,1
8808,3
8809,3
8810,1
8811,1
8812,3
8813,4
8814,3
8815,0
8816,2
8817,3
8818,3
8819,0
8820,4
8821,4
8822,0
8823,2
8824,1
8825,1
8826,1
8827,3
8828,3
8829,1
8830,3
8831,3
8832,1
8833,1
8834,3
8835,3
8836,1
8837,4
8838,2
8839,3
8840,0
8841,2
8842,1
8843,3
8844,0
8845,3
8846,1
8847,1
8848,3
8849,1
8850,4
8851,1
8852,3
8853,1
8854,3
8855,1
8856,0
8857,3
8858,0
8859,0
8860,3
8861,0
8862,1
8863,0
8864,3
8865,0
8866,3
8867,4
8868,3
8869,0
8870,1
8871,1
8872,1
8873,3
8874,3
8875,1
8876,3
8877,2
8878,4
8879,0
8880,0
8881,4
8882,3
8883,0
8884,0
8885,0
8886,1
8887,4
8888,3
8889,0
8890,3
8891,0
8892,1
8893,4
8894,4
8895,3
8896,0
8897,0
8898,0
8899,3
8900,3
8901,3
8902,4
8903,1
8904,0
8905,0
8906,0
8907,0
8908,0
8909,3
8910,0
8911,1
8912,3
8913,0
8914,4
8915,0
8916,0
8917,0
8918,0
8919,4
8920,4
8921,3
8922,1
8923,1
8924,4
8925,1
8926,0
8927,3
8928,1
8929,0
8930,3
8931,3
8932,0
8933,0
8934,3
8935,1
8936,3
8937,0
8938,4
8939,3
8940,2
8941,3
8942,1
8943,2
8944,2
8945,3
8946,0
8947,1
8948,1
8949,4
8950,3
8951,3
8952,3
8953,4
8954,0
8955,1
8956,3
8957,0
8958,3
8959,0
8960,3
8961,0
8962,1
8963,4
8964,0
8965,4
8966,1
8967,0
8968,0
8969,3
8970,3
8971,1
8972,5
8973,0
8974,3
8975,1
8976,0
8977,0
8978,3
8979,1
8980,3
8981,1
8982,4
8983,4
8984,3
8985,0
8986,1
8987,0
8988,3
8989,3
8990,1
8991,0
8992,1
8993,1
8994,0
8995,0
8996,3
8997,0
8998,1
8999,4
9000,0
9001,3
9002,3
9003,1
9004,1
9005,0
9006,3
9007,0
9008,3
9009,3
9010,3
9011,4
9012,3
9013,4
9014,3
9015,3
9016,1
9017,1
9018,3
9019,0
9020,0
9021,3
9022,3
9023,4
9024,4
9025,2
9026,4
9027,4
9028,1
9029,4
9030,0
9031,3
9032,0
9033,0
9034,1
9035,0
9036,0
9037,0
9038,3
9039,4
9040,3
9041,0
9042,4
9043,0
9044,3
9045,0
9046,0
9047,1
9048,3
9049,1
9050,3
9051,1
9052,3
9053,0
9054,0
9055,1
9056,4
9057,0
9058,1
9059,0
9060,0
9061,3
9062,2
9063,1
9064,4
9065,1
9066,1
9067,4
9068,1
9069,0
9070,5
9071,3
9072,0
9073,2
9074,3
9075,3
9076,1
9077,1
9078,3
9079,0
9080,3
9081,1
9082,0
9083,3
9084,3
9085,1
9086,1
9087,3
9088,4
9089,1
9090,3
9091,3
9092,1
9093,3
9094,4
9095,4
9096,0
9097,3
9098,3
9099,0
9100,0
9101,4
9102,1
9103,0
9104,4
9105,1
9106,1
9107,1
9108,0
9109,4
9110,3
9111,1
9112,2
9113,4
9114,0
9115,4
9116,3
9117,3
9118,3
9119,3
9120,0
9121,2
9122,1
9123,4
9124,1
9125,0
9126,4
9127,3
9128,1
9129,3
9130,1
9131,3
9132,3
9133,3
9134,3
9135,0
9136,1
9137,0
9138,0
9139,3
9140,3
9141,1
9142,1
9143,3
9144,1
9145,1
9146,3
9147,3
9148,0
9149,0
9150,3
9151,3
9152,4
9153,1
9154,3
9155,1
9156,1
9157,1
9158,1
9159,4
9160,3
9161,4
9162,1
9163,1
9164,0
9165,4
9166,1
9167,1
9168,3
9169,3
9170,1
9171,0
9172,3
9173,0
9174,1
9175,0
9176,3
9177,4
9178,0
9179,4
9180,4
9181,0
9182,1
9183,3
9184,3
9185,1
9186,0
9187,3
9188,1
9189,0
9190,3
9191,1
9192,3
9193,0
9194,0
9195,3
9196,0
9197,1
9198,1
9199,0
9200,0
9201,1
9202,0
9203,3
9204,5
9205,0
9206,0
9207,3
9208,1
9209,0
9210,3
9211,3
9212,5
9213,1
9214,1
9215,3
9216,0
9217,3
9218,1
9219,1
9220,3
9221,3
9222,2
9223,0
9224,3
9225,3
9226,1
9227,3
9228,3
9229,0
9230,0
9231,3
9232,5
9233,3
9234,3
9235,4
9236,0
9237,0
9238,4
9239,0
9240,0
9241,3
9242,1
9243,4
9244,3
9245,3
9246,2
9247,0
9248,0
9249,3
9250,1
9251,3
9252,4
9253,0
9254,1
9255,4
9256,3
9257,1
9258,3
9259,1
9260,3
9261,3
9262,4
9263,3
9264,3
9265,2
9266,0
9267,0
9268,1
9269,3
9270,3
9271,1
9272,1
9273,3
9274,1
9275,0
9276,4
9277,0
9278,3
9279,3
9280,1
9281,3
9282,1
9283,4
9284,0
9285,4
9286,1
9287,4
9288,3
9289,0
9290,0
9291,0
9292,0
9293,3
9294,0
9295,3
9296,0
9297,0
9298,1
9299,0
9300,1
9301,0
9302,0
9303,1
9304,3
9305,0
9306,4
9307,3
9308,3
9309,3
9310,0
9311,0
9312,3
9313,0
9314,0
9315,3
9316,2
9317,4
9318,0
9319,0
9320,0
9321,1
9322,0
9323,3
9324,3
9325,0
9326,1
9327,3
9328,0
9329,3
9330,3
9331,3
9332,4
9333,1
9334,0
9335,1
9336,3
9337,1
9338,4
9339,5
9340,1
9341,3
9342,4
9343,0
9344,4
9345,1
9346,3
9347,4
9348,4
9349,0
9350,4
9351,3
9352,0
9353,3
9354,0
9355,3
9356,3
9357,1
9358,0
9359,1
9360,1
9361,3
9362,3
9363,0
9364,3
9365,3
9366,1
9367,1
9368,1
9369,1
9370,1
9371,2
9372,0
9373,3
9374,0
9375,3
9376,3
9377,3
9378,0
9379,0
9380,0
9381,3
9382,3
9383,1
9384,3
9385,0
9386,1
9387,3
9388,3
9389,1
9390,0
9391,0
9392,4
9393,2
9394,0
9395,3
9396,4
9397,4
9398,1
9399,3
9400,3
9401,1
9402,1
9403,0
9404,0
9405,0
9406,4
9407,1
9408,4
9409,0
9410,3
9411,1
9412,1
9413,3
9414,4
9415,4
9416,1
9417,0
9418,3
9419,5
9420,3
9421,3
9422,1
9423,3
9424,3
9425,2
9426,3
9427,3
9428,3
9429,1
9430,4
9431,1
9432,3
9433,0
9434,3
9435,3
9436,0
9437,4
9438,3
9439,3
9440,5
9441,3
9442,1
9443,3
9444,1
9445,4
9446,0
9447,0
9448,0
9449,0
9450,3
9451,4
9452,1
9453,4
9454,0
9455,3
9456,1
9457,1
9458,0
9459,0
9460,3
9461,3
9462,1
9463,0
9464,4
9465,4
9466,1
9467,1
9468,3
9469,1
9470,3
9471,0
9472,1
9473,4
9474,3
9475,2
9476,1
9477,0
9478,0
9479,3
9480,1
9481,1
9482,0
9483,4
9484,1
9485,3
9486,0
9487,0
9488,0
9489,0
9490,0
9491,3
9492,3
9493,0
9494,1
9495,0
9496,3
9497,3
9498,0
9499,3
9500,0
9501,3
9502,0
9503,1
9504,0
9505,0
9506,0
9507,0
9508,3
9509,3
9510,0
9511,3
9512,1
9513,1
9514,2
9515,4
9516,1
9517,3
9518,1
9519,0
9520,3
9521,3
9522,4
9523,3
9524,3
9525,4
9526,0
9527,1
9528,2
9529,2
9530,2
9531,1
9532,1
9533,3
9534,0
9535,1
9536,0
9537,4
9538,0
9539,2
9540,3
9541,1
9542,3
9543,4
9544,0
9545,1
9546,3
9547,3
9548,1
9549,4
9550,1
9551,5
9552,2
9553,3
9554,1
9555,3
9556,3
9557,0
9558,3
9559,1
9560,0
9561,0
9562,4
9563,1
9564,0
9565,3
9566,0
9567,0
9568,0
9569,0
9570,0
9571,0
9572,3
9573,3
9574,1
9575,3
9576,3
9577,0
9578,0
9579,4
9580,3
9581,3
9582,3
9583,0
9584,4
9585,4
9586,4
9587,0
9588,0
9589,4
9590,3
9591,3
9592,0
9593,3
9594,0
9595,3
9596,0
9597,1
9598,2
9599,3
9600,1
9601,1
9602,0
9603,3
9604,1
9605,1
9606,3
9607,3
9608,3
9609,3
9610,3
9611,1
9612,1
9613,0
9614,3
9615,1
9616,1
9617,4
9618,2
9619,3
9620,3
9621,1
9622,1
9623,4
9624,0
9625,1
9626,3
9627,3
9628,1
9629,3
9630,3
9631,4
9632,3
9633,1
9634,0
9635,3
9636,4
9637,3
9638,3
9639,0
9640,3
9641,1
9642,3
9643,4
9644,3
9645,3
9646,4
9647,3
9648,1
9649,3
9650,1
9651,3
9652,1
9653,0
9654,1
9655,3
9656,2
9657,3
9658,0
9659,3
9660,1
9661,5
9662,3
9663,0
9664,0
9665,0
9666,4
9667,0
9668,4
9669,3
9670,4
9671,3
9672,3
9673,0
9674,0
9675,3
9676,1
9677,1
9678,4
9679,0
9680,0
9681,1
9682,1
9683,4
9684,3
9685,0
9686,3
9687,0
9688,5
9689,0
9690,0
9691,3
9692,3
9693,4
9694,1
9695,1
9696,0
9697,1
9698,2
9699,1
9700,1
9701,0
9702,3
9703,2
9704,0
9705,0
9706,0
9707,1
9708,1
9709,0
9710,3
9711,4
9712,0
9713,0
9714,0
9715,0
9716,4
9717,1
9718,2
9719,4
9720,0
9721,1
9722,3
9723,1
9724,1
9725,2
9726,1
9727,3
9728,0
9729,1
9730,3
9731,3
9732,1
9733,3
9734,3
9735,1
9736,4
9737,0
9738,1
9739,0
9740,4
9741,1
9742,4
9743,3
9744,1
9745,3
9746,1
9747,0
9748,1
9749,3
9750,3
9751,1
9752,0
9753,0
9754,4
9755,3
9756,4
9757,0
9758,2
9759,0
9760,4
9761,0
9762,4
9763,3
9764,3
9765,1
9766,3
9767,0
9768,0
9769,1
9770,1
9771,3
9772,1
9773,3
9774,0
9775,0
9776,2
9777,0
9778,0
9779,0
9780,2
9781,1
9782,1
9783,3
9784,0
9785,0
9786,3
9787,0
9788,4
9789,1
9790,1
9791,0
9792,0
9793,0
9794,0
9795,1
9796,3
9797,0
9798,1
9799,3
9800,3
9801,3
9802,3
9803,1
9804,1
9805,3
9806,4
9807,3
9808,3
9809,1
9810,3
9811,2
9812,3
9813,0
9814,3
9815,3
9816,5
9817,3
9818,3
9819,3
9820,1
9821,1
9822,1
9823,0
9824,1
9825,3
9826,3
9827,0
9828,0
9829,1
9830,3
9831,1
9832,0
9833,4
9834,0
9835,3
9836,3
9837,3
9838,1
9839,5
9840,0
9841,4
9842,3
9843,0
9844,4
9845,1
9846,0
9847,3
9848,3
9849,0
9850,1
9851,3
9852,3
9853,4
9854,0
9855,3
9856,1
9857,0
9858,0
9859,1
9860,3
9861,1
9862,0
9863,3
9864,1
9865,0
9866,3
9867,3
9868,3
9869,1
9870,3
9871,0
9872,4
9873,1
9874,0
9875,3
9876,1
9877,2
9878,1
9879,0
9880,3
9881,3
9882,1
9883,4
9884,3
9885,3
9886,3
9887,3
9888,4
9889,2
9890,3
9891,1
9892,0
9893,1
9894,1
9895,0
9896,1
9897,0
9898,4
9899,1
9900,3
9901,1
9902,1
9903,4
9904,0
9905,0
9906,3
9907,4
9908,0
9909,1
9910,1
9911,3
9912,3
9913,3
9914,1
9915,4
9916,1
9917,0
9918,1
9919,1
9920,1
9921,3
9922,3
9923,5
9924,1
9925,3
9926,0
9927,3
9928,2
9929,1
9930,0
9931,3
9932,1
9933,3
9934,0
9935,0
9936,4
9937,1
9938,1
9939,0
9940,4
9941,1
9942,0
9943,0
9944,3
9945,0
9946,1
9947,1
9948,3
9949,3
9950,3
9951,4
9952,0
9953,3
9954,1
9955,0
9956,3
9957,1
9958,1
9959,1
9960,4
9961,4
9962,1
9963,0
9964,0
9965,0
9966,0
9967,3
9968,1
9969,1
9970,1
9971,4
9972,3
9973,0
9974,3
9975,4
9976,0
9977,1
9978,1
9979,3
9980,0
9981,1
9982,1
9983,3
9984,1
9985,2
9986,4
9987,3
9988,1
9989,3
9990,1
9991,4
9992,0
9993,1
9994,0
9995,4
9996,3
9997,3
9998,3
9999,4
10000,0
10001,0
10002,1
10003,3
10004,1
10005,0
10006,3
10007,0
10008,4
10009,3
10010,0
10011,3
10012,1
10013,0
10014,3
10015,3
10016,1
10017,1
10018,0
10019,0
10020,3
10021,1
10022,0
10023,3
10024,0
10025,3
10026,5
10027,4
10028,1
10029,2
10030,2
10031,0
10032,2
10033,1
10034,0
10035,0
10036,3
10037,3
10038,1
10039,3
10040,2
10041,3
10042,0
10043,1
10044,5
10045,2
10046,1
10047,4
10048,0
10049,1
10050,2
10051,3
10052,1
10053,0
10054,0
10055,1
10056,4
10057,3
10058,4
10059,4
10060,1
10061,4
10062,0
10063,3
10064,3
10065,0
10066,2
10067,3
10068,0
10069,1
10070,3
10071,1
10072,1
10073,3
10074,3
10075,0
10076,1
10077,3
10078,3
10079,1
10080,1
10081,1
10082,0
10083,1
10084,3
10085,3
10086,3
10087,0
10088,1
10089,3
10090,4
10091,1
10092,1
10093,1
10094,5
10095,0
10096,0
10097,1
10098,1
10099,0
10100,1
10101,4
10102,1
10103,0
10104,1
10105,1
10106,1
10107,1
10108,3
10109,0
10110,1
10111,3
10112,3
10113,3
10114,0
10115,3
10116,3
10117,2
10118,0
10119,3
10120,1
10121,1
10122,3
10123,3
10124,1
10125,4
10126,3
10127,3
10128,0
10129,0
10130,2
10131,1
10132,3
10133,4
10134,1
10135,3
10136,3
10137,2
10138,1
10139,0
10140,3
10141,0
10142,1
10143,1
10144,3
10145,2
10146,5
10147,1
10148,0
10149,1
10150,1
10151,0
10152,1
10153,3
10154,3
10155,3
10156,3
10157,4
10158,4
10159,3
10160,4
10161,0
10162,1
10163,3
10164,3
10165,1
10166,4
10167,4
10168,0
10169,0
10170,4
10171,3
10172,0
10173,4
10174,1
10175,1
10176,3
10177,0
10178,3
10179,1
10180,4
10181,0
10182,0
10183,0
10184,3
10185,1
10186,4
10187,2
10188,2
10189,3
10190,0
10191,4
10192,1
10193,0
10194,3
10195,1
10196,1
10197,1
10198,3
10199,3
10200,2
10201,3
10202,3
10203,0
10204,4
10205,0
10206,1
10207,3
10208,3
10209,3
10210,1
10211,3
10212,1
10213,3
10214,1
10215,1
10216,1
10217,0
10218,3
10219,1
10220,1
10221,3
10222,0
10223,4
10224,1
10225,3
10226,3
10227,0
10228,3
10229,3
10230,3
10231,0
10232,3
10233,0
10234,0
10235,3
10236,1
10237,4
10238,3
10239,1
10240,0
10241,0
10242,1
10243,1
10244,1
10245,1
10246,0
10247,0
10248,3
10249,0
10250,3
10251,0
10252,3
10253,0
10254,4
10255,3
10256,0
10257,0
10258,1
10259,1
10260,1
10261,0
10262,0
10263,4
10264,1
10265,3
10266,3
10267,0
10268,0
10269,0
10270,3
10271,0
10272,3
10273,1
10274,3
10275,4
10276,3
10277,0
10278,0
10279,0
10280,0
10281,0
10282,3
10283,3
10284,0
10285,0
10286,3
10287,0
10288,0
10289,3
10290,0
10291,1
10292,1
10293,3
10294,1
10295,3
10296,1
10297,0
10298,1
10299,0
10300,0
10301,3
10302,0
10303,3
10304,3
10305,1
10306,1
10307,3
10308,3
10309,3
10310,1
10311,0
10312,0
10313,4
10314,3
10315,3
10316,4
10317,0
10318,2
10319,1
10320,0
10321,5
10322,3
10323,1
10324,0
10325,0
10326,0
10327,1
10328,0
10329,1
10330,3
10331,1
10332,1
10333,0
10334,3
10335,1
10336,4
10337,4
10338,0
10339,1
10340,1
10341,3
10342,3
10343,1
10344,1
10345,1
10346,3
10347,3
10348,1
10349,0
10350,1
10351,1
10352,3
10353,1
10354,1
10355,4
10356,3
10357,3
10358,3
10359,2
10360,0
10361,0
10362,3
10363,3
10364,3
10365,1
10366,1
10367,0
10368,3
10369,1
10370,3
10371,3
10372,3
10373,3
10374,3
10375,0
10376,0
10377,4
10378,3
10379,0
10380,3
10381,3
10382,1
10383,1
10384,3
10385,3
10386,3
10387,3
10388,1
10389,5
10390,1
10391,0
10392,3
10393,3
10394,0
10395,0
10396,3
10397,0
10398,4
10399,1
10400,3
10401,4
10402,3
10403,0
10404,0
10405,1
10406,1
10407,1
10408,4
10409,0
10410,1
10411,1
10412,3
10413,0
10414,0
10415,3
10416,3
10417,1
10418,0
10419,3
10420,3
10421,0
10422,0
10423,1
10424,0
10425,1
10426,0
10427,1
10428,1
10429,3
10430,0
10431,0
10432,3
10433,4
10434,4
10435,0
10436,1
10437,0
10438,2
10439,3
10440,0
10441,0
10442,3
10443,3
10444,4
10445,4
10446,4
10447,1
10448,3
10449,0
10450,3
10451,3
10452,3
10453,3
10454,0
10455,0
10456,0
10457,3
10458,0
10459,0
10460,1
10461,0
10462,3
10463,1
10464,1
10465,3
10466,3
10467,3
10468,1
10469,4
10470,0
10471,1
10472,1
10473,3
10474,0
10475,3
10476,3
10477,3
10478,1
10479,4
10480,1
10481,0
10482,0
10483,0
10484,3
10485,1
10486,1
10487,1
10488,4
10489,3
10490,4
10491,0
10492,0
10493,3
10494,0
10495,3
10496,0
10497,4
10498,3
10499,3
10500,1
10501,0
10502,0
10503,1
10504,4
10505,0
10506,1
10507,4
10508,3
10509,0
10510,1
10511,0
10512,2
10513,1
10514,3
10515,4
10516,3
10517,3
10518,1
10519,1
10520,3
10521,3
10522,1
10523,0
10524,0
10525,3
10526,3
10527,4
10528,1
10529,3
10530,3
10531,3
10532,4
10533,3
10534,1
10535,3
10536,1
10537,1
10538,4
10539,3
10540,0
10541,3
10542,3
10543,4
10544,1
10545,0
10546,1
10547,0
10548,1
10549,3
10550,4
10551,0
10552,3
10553,3
10554,3
10555,3
10556,1
10557,3
10558,4
10559,4
10560,3
10561,0
10562,0
10563,1
10564,1
10565,1
10566,3
10567,0
10568,1
10569,4
10570,0
10571,3
10572,1
10573,2
10574,0
10575,0
10576,1
10577,0
10578,3
10579,4
10580,5
10581,1
10582,0
10583,4
10584,1
10585,1
10586,0
10587,0
10588,3
10589,1
10590,3
10591,3
10592,0
10593,0
10594,3
10595,4
10596,0
10597,0
10598,0
10599,1
10600,3
10601,3
10602,3
10603,0
10604,3
10605,0
10606,1
10607,0
10608,3
10609,1
10610,2
10611,1
10612,3
10613,3
10614,1
10615,0
10616,3
10617,3
10618,3
10619,3
10620,4
10621,3
10622,0
10623,4
10624,0
10625,1
10626,2
10627,3
10628,4
10629,1
10630,1
10631,4
10632,5
10633,1
10634,3
10635,0
10636,4
10637,1
10638,1
10639,1
10640,1
10641,3
10642,4
10643,1
10644,4
10645,1
10646,1
10647,0
10648,0
10649,5
10650,3
10651,4
10652,4
10653,3
10654,0
10655,4
10656,1
10657,0
10658,1
10659,0
10660,1
10661,3
10662,1
10663,1
10664,3
10665,0
10666,1
10667,4
10668,4
10669,3
10670,1
10671,2
10672,4
10673,4
10674,4
10675,0
10676,0
10677,0
10678,3
10679,4
10680,4
10681,3
10682,4
10683,1
10684,3
10685,4
10686,3
10687,3
10688,1
10689,3
10690,1
10691,4
10692,3
10693,0
10694,0
10695,0
10696,4
10697,1
10698,1
10699,3
10700,3
10701,3
10702,1
10703,1
10704,0
10705,4
10706,1
10707,0
10708,0
10709,0
10710,2
10711,0
10712,3
10713,1
10714,3
10715,1
10716,1
10717,1
10718,3
10719,0
10720,3
10721,3
10722,1
10723,3
10724,1
10725,3
10726,4
10727,1
10728,4
10729,1
10730,0
10731,3
10732,1
10733,1
10734,4
10735,4
10736,3
10737,3
10738,0
10739,0
10740,3
10741,0
10742,1
10743,1
10744,4
10745,0
10746,3
10747,1
10748,3
10749,3
10750,3
10751,3
10752,3
10753,0
10754,1
10755,0
10756,1
10757,1
10758,4
10759,1
10760,4
10761,3
10762,1
10763,4
10764,3
10765,2
10766,4
10767,1
10768,0
10769,3
10770,3
10771,1
10772,0
10773,1
10774,3
10775,0
10776,0
10777,1
10778,2
10779,3
10780,0
10781,1
10782,3
10783,0
10784,3
10785,0
10786,3
10787,1
10788,1
10789,3
10790,3
10791,1
10792,0
10793,3
10794,0
10795,0
10796,3
10797,4
10798,0
10799,3
10800,3
10801,1
10802,3
10803,1
10804,1
10805,4
10806,5
10807,0
10808,3
10809,3
10810,1
10811,4
10812,3
10813,3
10814,0
10815,0
10816,0
10817,3
10818,3
10819,3
10820,0
10821,0
10822,0
10823,1
10824,1
10825,3
10826,3
10827,3
10828,3
10829,1
10830,0
10831,4
10832,0
10833,0
10834,4
10835,1
10836,1
10837,3
10838,3
10839,3
10840,4
10841,3
10842,3
10843,0
10844,1
10845,1
10846,0
10847,3
10848,1
10849,0
10850,1
10851,1
10852,0
10853,2
10854,4
10855,3
10856,1
10857,4
10858,3
10859,3
10860,3
10861,3
10862,0
10863,0
10864,0
10865,4
10866,2
10867,1
10868,4
10869,0
10870,3
10871,4
10872,5
10873,1
10874,4
10875,0
10876,3
10877,0
10878,3
10879,4
10880,1
10881,3
10882,0
10883,3
10884,3
10885,1
10886,3
10887,0
10888,4
10889,4
10890,1
10891,1
10892,3
10893,1
10894,0
10895,1
10896,0
10897,3
10898,3
10899,0
10900,3
10901,1
10902,0
10903,3
10904,0
10905,3
10906,0
10907,0
10908,0
10909,3
10910,4
10911,0
10912,3
10913,3
10914,1
10915,4
10916,3
10917,0
10918,1
10919,3
10920,0
10921,3
10922,3
10923,3
10924,3
10925,0
10926,1
10927,0
10928,4
10929,3
10930,0
10931,3
10932,0
10933,3
10934,1
10935,0
10936,0
10937,3
10938,2
10939,3
10940,0
10941,4
10942,4
10943,3
10944,3
10945,1
10946,1
10947,0
10948,1
10949,3
10950,0
10951,3
10952,3
10953,3
10954,3
10955,3
10956,1
10957,0
10958,4
10959,1
10960,1
10961,3
10962,0
10963,1
10964,3
10965,3
10966,0
10967,3
10968,1
10969,2
10970,1
10971,3
10972,4
10973,4
10974,3
10975,2
10976,2
10977,0
10978,4
10979,0
10980,0
10981,3
10982,0
10983,1
10984,1
10985,0
10986,5
10987,1
10988,3
10989,0
10990,0
10991,3
10992,3
10993,3
10994,0
10995,0
10996,0
10997,0
10998,1
10999,3
11000,0
11001,3
11002,1
11003,3
11004,3
11005,3
11006,2
11007,0
11008,1
11009,1
11010,3
11011,3
11012,3
11013,0
11014,3
11015,4
11016,0
11017,3
11018,1
11019,3
11020,4
11021,4
11022,0
11023,1
11024,0
11025,0
11026,3
11027,3
11028,1
11029,1
11030,3
11031,0
11032,4
11033,0
11034,3
11035,3
11036,3
11037,3
11038,3
11039,0
11040,1
11041,0
11042,0
11043,3
11044,0
11045,3
11046,3
11047,3
11048,4
11049,4
11050,5
11051,0
11052,1
11053,0
11054,5
11055,3
11056,4
11057,3
11058,1
11059,1
11060,0
11061,0
11062,3
11063,4
11064,5
11065,4
11066,4
11067,3
11068,1
11069,3
11070,0
11071,0
11072,3
11073,4
11074,2
11075,3
11076,3
11077,1
11078,0
11079,1
11080,1
11081,3
11082,0
11083,0
11084,1
11085,0
11086,3
11087,0
11088,0
11089,1
11090,0
11091,0
11092,1
11093,0
11094,0
11095,1
11096,2
11097,0
11098,1
11099,0
11100,0
11101,4
11102,0
11103,1
11104,0
11105,1
11106,0
11107,2
11108,0
11109,0
11110,3
11111,3
11112,0
11113,3
11114,3
11115,3
11116,3
11117,0
11118,3
11119,3
11120,0
11121,3
11122,3
11123,0
11124,3
11125,1
11126,0
11127,0
11128,3
11129,1
11130,1
11131,1
11132,4
11133,3
11134,3
11135,4
11136,1
11137,0
11138,1
11139,0
11140,3
11141,1
11142,3
11143,4
11144,3
11145,1
11146,0
11147,3
11148,3
11149,0
11150,3
11151,3
11152,1
11153,3
11154,0
11155,4
11156,0
11157,4
11158,1
11159,0
11160,2
11161,3
11162,0
11163,0
11164,1
11165,4
11166,1
11167,0
11168,1
11169,1
11170,0
11171,0
11172,0
11173,3
11174,3
11175,3
11176,0
11177,3
11178,3
11179,1
11180,0
11181,3
11182,3
11183,1
11184,3
11185,1
11186,3
11187,3
11188,3
11189,0
11190,1
11191,1
11192,0
11193,3
11194,1
11195,3
11196,0
11197,1
11198,3
11199,1
11200,3
11201,1
11202,3
11203,0
11204,3
11205,0
11206,0
11207,0
11208,1
11209,3
11210,0
11211,1
11212,3
11213,4
11214,1
11215,2
11216,0
11217,4
11218,2
11219,4
11220,1
11221,0
11222,3
11223,4
11224,0
11225,0
11226,1
11227,4
11228,3
11229,3
11230,0
11231,0
11232,1
11233,1
11234,3
11235,1
11236,1
11237,1
11238,3
11239,0
11240,0
11241,0
11242,0
11243,4
11244,3
11245,1
11246,3
11247,3
11248,2
11249,1
11250,1
11251,1
11252,4
11253,1
11254,0
11255,1
11256,3
11257,0
11258,1
11259,1
11260,1
11261,3
11262,1
11263,1
11264,1
11265,3
11266,2
11267,1
11268,0
11269,3
11270,1
11271,4
11272,1
11273,2
11274,1
11275,0
11276,0
11277,0
11278,1
11279,4
11280,3
11281,0
11282,1
11283,1
11284,0
11285,4
11286,3
11287,1
11288,3
11289,4
11290,3
11291,4
11292,4
11293,3
11294,0
11295,1
11296,0
11297,3
11298,1
11299,2
11300,4
11301,1
11302,3
11303,2
11304,3
11305,0
11306,3
11307,3
11308,1
11309,0
11310,2
11311,4
11312,0
11313,0
11314,0
11315,4
11316,2
11317,4
11318,1
11319,3
11320,0
11321,4
11322,1
11323,1
11324,1
11325,5
11326,3
11327,0
11328,4
11329,3
11330,0
11331,4
11332,0
11333,2
11334,3
11335,1
11336,3
11337,3
11338,1
11339,0
11340,0
11341,4
11342,1
11343,3
11344,2
11345,3
11346,3
11347,1
11348,4
11349,3
11350,4
11351,4
11352,3
11353,1
11354,1
11355,0
11356,1
11357,1
11358,3
11359,4
11360,1
11361,3
11362,0
11363,0
11364,4
11365,1
11366,1
11367,0
11368,4
11369,3
11370,1
11371,0
11372,1
11373,1
11374,3
11375,0
11376,0
11377,0
11378,1
11379,4
11380,1
11381,3
11382,0
11383,0
11384,0
11385,1
11386,1
11387,3
11388,1
11389,3
11390,1
11391,0
11392,0
11393,4
11394,2
11395,0
11396,3
11397,3
11398,1
11399,4
11400,1
11401,4
11402,3
11403,2
11404,1
11405,1
11406,0
11407,2
11408,3
11409,4
11410,0
11411,2
11412,0
11413,4
11414,3
11415,1
11416,3
11417,0
11418,3
11419,3
11420,4
11421,3
11422,3
11423,0
11424,0
11425,1
11426,3
11427,3
11428,3
11429,1
11430,4
11431,0
11432,1
11433,0
11434,1
11435,1
11436,3
11437,3
11438,4
11439,3
11440,0
11441,0
11442,0
11443,0
11444,0
11445,3
11446,1
11447,1
11448,3
11449,3
11450,1
11451,4
11452,3
11453,0
11454,3
11455,0
11456,2
11457,1
11458,3
11459,3
11460,1
11461,1
11462,2
11463,0
11464,1
11465,4
11466,0
11467,3
11468,0
11469,1
11470,0
11471,3
11472,4
11473,4
11474,2
11475,1
11476,0
11477,0
11478,0
11479,1
11480,1
11481,1
11482,1
11483,0
11484,0
11485,0
11486,1
11487,0
11488,0
11489,3
11490,3
11491,3
11492,1
11493,3
11494,1
11495,1
11496,1
11497,0
11498,0
11499,1
11500,3
11501,3
11502,1
11503,1
11504,1
11505,1
11506,0
11507,1
11508,0
11509,1
11510,0
11511,0
11512,2
11513,0
11514,0
11515,0
11516,0
11517,1
11518,3
11519,3
11520,1
11521,0
11522,0
11523,1
11524,4
11525,4
11526,0
11527,1
11528,0
11529,0
11530,3
11531,1
11532,3
11533,0
11534,4
11535,3
11536,1
11537,3
11538,4
11539,0
11540,1
11541,1
11542,4
11543,4
11544,4
11545,4
11546,4
11547,1
11548,0
11549,0
11550,4
11551,0
11552,0
11553,0
11554,0
11555,3
11556,0
11557,1
11558,3
11559,1
11560,1
11561,1
11562,2
11563,0
11564,1
11565,3
11566,1
11567,4
11568,1
11569,3
11570,0
11571,0
11572,2
11573,2
11574,1
11575,0
11576,3
11577,1
11578,3
11579,3
11580,3
11581,0
11582,4
11583,3
11584,4
11585,1
11586,0
11587,3
11588,0
11589,0
11590,0
11591,4
11592,1
11593,3
11594,3
11595,4
11596,4
11597,0
11598,0
11599,3
11600,1
11601,3
11602,1
11603,0
11604,1
11605,0
11606,4
11607,3
11608,3
11609,0
11610,1
11611,1
11612,4
11613,3
11614,0
11615,3
11616,0
11617,0
11618,1
11619,0
11620,1
11621,0
11622,4
11623,0
11624,3
11625,3
11626,3
11627,3
11628,0
11629,3
11630,2
11631,3
11632,1
11633,3
11634,0
11635,3
11636,3
11637,5
11638,0
11639,0
11640,1
11641,0
11642,1
11643,0
11644,4
11645,0
11646,1
11647,3
11648,3
11649,1
11650,0
11651,3
11652,0
11653,3
11654,0
11655,3
11656,3
11657,0
11658,1
11659,4
11660,1
11661,3
11662,4
11663,2
11664,1
11665,0
11666,1
11667,3
11668,0
11669,3
11670,0
11671,5
11672,3
11673,0
11674,1
11675,0
11676,0
11677,1
11678,4
11679,4
11680,3
11681,4
11682,3
11683,2
11684,3
11685,3
11686,0
11687,0
11688,4
11689,0
11690,2
11691,3
11692,1
11693,5
11694,1
11695,3
11696,3
11697,0
11698,4
11699,0
11700,3
11701,0
11702,0
11703,0
11704,1
11705,4
11706,3
11707,0
11708,4
11709,3
11710,4
11711,3
11712,3
11713,0
11714,1
11715,3
11716,4
11717,0
11718,4
11719,0
11720,1
11721,4
11722,1
11723,0
11724,3
11725,3
11726,3
11727,0
11728,3
11729,4
11730,1
11731,3
11732,3
11733,3
11734,3
11735,1
11736,3
11737,3
11738,3
11739,3
11740,1
11741,3
11742,4
11743,1
11744,2
11745,0
11746,0
11747,3
11748,1
11749,0
11750,3
11751,1
11752,3
11753,4
11754,1
11755,1
11756,3
11757,0
11758,4
11759,3
11760,3
11761,3
11762,5
11763,0
11764,1
11765,4
11766,3
11767,3
11768,2
11769,3
11770,3
11771,3
11772,0
11773,1
11774,3
11775,1
11776,3
11777,1
11778,3
11779,3
11780,1
11781,1
11782,3
11783,3
11784,0
11785,1
11786,1
11787,0
11788,0
11789,0
11790,3
11791,5
11792,0
11793,4
11794,3
11795,4
11796,4
11797,3
11798,3
11799,3
11800,0
11801,1
11802,1
11803,3
11804,1
11805,3
11806,0
11807,3
11808,0
11809,4
11810,4
11811,1
11812,4
11813,4
11814,3
11815,2
11816,0
11817,0
11818,2
11819,1
11820,4
11821,0
11822,3
11823,1
11824,3
11825,0
11826,3
11827,3
11828,1
11829,0
11830,1
11831,1
11832,3
11833,1
11834,1
11835,0
11836,1
11837,0
11838,4
11839,0
11840,0
11841,3
11842,0
11843,0
11844,3
11845,4
11846,4
11847,3
11848,3
11849,1
11850,4
11851,3
11852,4
11853,3
11854,3
11855,1
11856,3
11857,3
11858,3
11859,0
11860,0
11861,1
11862,1
11863,3
11864,1
11865,1
11866,1
11867,0
11868,4
11869,3
11870,1
11871,0
11872,0
11873,5
11874,4
11875,1
11876,4
11877,3
11878,3
11879,3
11880,1
11881,3
11882,3
11883,3
11884,1
11885,1
11886,4
11887,1
11888,0
11889,1
11890,3
11891,3
11892,2
11893,0
11894,3
11895,1
11896,0
11897,0
11898,1
11899,3
11900,2
11901,1
11902,3
11903,1
11904,3
11905,3
11906,3
11907,3
11908,3
11909,4
11910,3
11911,1
11912,3
11913,0
11914,0
11915,4
11916,3
11917,3
11918,3
11919,4
11920,1
11921,4
11922,0
11923,1
11924,2
11925,3
11926,1
11927,1
11928,3
11929,1
11930,1
11931,3
11932,1
11933,3
11934,1
11935,0
11936,1
11937,0
11938,1
11939,0
11940,2
11941,3
11942,0
11943,3
11944,0
11945,0
11946,3
11947,3
11948,4
11949,0
11950,3
11951,1
11952,3
11953,0
11954,3
11955,0
11956,1
11957,4
11958,3
11959,4
11960,2
11961,4
11962,1
11963,1
11964,3
11965,3
11966,3
11967,3
11968,3
11969,3
11970,3
11971,3
11972,1
11973,0
11974,3
11975,3
11976,1
11977,0
11978,3
11979,4
11980,3
11981,1
11982,0
11983,0
11984,0
11985,3
11986,2
11987,3
11988,1
11989,5
11990,0
11991,0
11992,1
11993,1
11994,3
11995,3
11996,3
11997,0
11998,3
11999,3
12000,3
12001,1
12002,2
12003,1
12004,5
12005,3
12006,0
12007,3
12008,1
12009,0
12010,3
12011,3
12012,1
12013,1
12014,1
12015,1
12016,1
12017,0
12018,3
12019,0
12020,3
12021,5
12022,3
12023,0
12024,0
12025,3
12026,0
12027,1
12028,0
12029,0
12030,3
12031,1
12032,1
12033,5
12034,1
12035,0
12036,3
12037,1
12038,4
12039,3
12040,3
12041,3
12042,1
12043,3
12044,0
12045,1
12046,4
12047,3
12048,4
12049,0
12050,3
12051,3
12052,3
12053,4
12054,0
12055,0
12056,1
12057,3
12058,1
12059,4
12060,3
12061,0
12062,1
12063,2
12064,4
12065,4
12066,0
12067,0
12068,1
12069,0
12070,1
12071,3
12072,5
12073,0
12074,1
12075,3
12076,1
12077,0
12078,0
12079,3
12080,1
12081,1
12082,1
12083,1
12084,3
12085,1
12086,2
12087,0
12088,1
12089,0
12090,3
12091,1
12092,3
12093,0
12094,1
12095,2
12096,2
12097,1
12098,3
12099,3
12100,0
12101,3
12102,0
12103,3
12104,0
12105,0
12106,1
12107,3
12108,1
12109,0
12110,4
12111,1
12112,3
12113,1
12114,1
12115,0
12116,3
12117,3
12118,1
12119,1
12120,0
12121,3
12122,2
12123,4
12124,0
12125,0
12126,2
12127,3
12128,1
12129,3
12130,0
12131,1
12132,3
12133,3
12134,3
12135,4
12136,2
12137,3
12138,1
12139,2
12140,0
12141,0
12142,3
12143,0
12144,1
12145,0
12146,0
12147,0
12148,3
12149,1
12150,3
12151,3
12152,0
12153,0
12154,1
12155,4
12156,3
12157,0
12158,3
12159,3
12160,1
12161,4
12162,1
12163,0
12164,3
12165,4
12166,2
12167,1
12168,0
12169,0
12170,0
12171,0
12172,0
12173,1
12174,1
12175,3
12176,3
12177,0
12178,1
12179,3
12180,0
12181,4
12182,4
12183,0
12184,0
12185,1
12186,0
12187,3
12188,1
12189,3
12190,3
12191,1
12192,0
12193,3
12194,1
12195,3
12196,3
12197,0
12198,0
12199,4
12200,4
12201,0
12202,3
12203,1
12204,3
12205,0
12206,1
12207,3
12208,3
12209,4
12210,0
12211,4
12212,3
12213,3
12214,3
12215,1
12216,0
12217,4
12218,0
12219,5
12220,3
12221,0
12222,3
12223,1
12224,4
12225,3
12226,0
12227,3
12228,1
12229,0
12230,1
12231,4
12232,1
12233,1
12234,1
12235,2
12236,3
12237,0
12238,3
12239,1
12240,1
12241,3
12242,0
12243,3
12244,5
12245,0
12246,3
12247,4
12248,5
12249,1
12250,0
12251,1
12252,1
12253,1
12254,0
12255,3
12256,1
12257,2
12258,0
12259,2
12260,1
12261,1
12262,2
12263,4
12264,3
12265,1
12266,3
12267,1
12268,3
12269,1
12270,1
12271,1
12272,1
12273,1
12274,4
12275,5
12276,3
12277,1
12278,1
12279,4
12280,0
12281,2
12282,2
12283,3
12284,3
12285,1
12286,4
12287,3
12288,1
12289,1
12290,3
12291,1
12292,1
12293,4
12294,3
12295,3
12296,3
12297,0
12298,0
12299,2
12300,3
12301,0
12302,3
12303,0
12304,0
12305,3
12306,1
12307,2
12308,4
12309,3
12310,3
12311,4
12312,0
12313,3
12314,1
12315,4
12316,4
12317,1
12318,3
12319,3
12320,1
12321,1
12322,0
12323,4
12324,1
12325,3
12326,3
12327,0
12328,3
12329,1
12330,3
12331,0
12332,4
12333,3
12334,0
12335,4
12336,0
12337,1
12338,3
12339,0
12340,4
12341,0
12342,1
12343,0
12344,0
12345,3
12346,0
12347,3
12348,1
12349,1
12350,4
12351,0
12352,1
12353,0
12354,0
12355,3
12356,4
12357,1
12358,0
12359,3
12360,1
12361,3
12362,1
12363,1
12364,3
12365,3
12366,3
12367,1
12368,1
12369,0
12370,0
12371,0
12372,4
12373,4
12374,0
12375,1
12376,0
12377,3
12378,1
12379,3
12380,4
12381,0
12382,1
12383,4
12384,4
12385,1
12386,0
12387,1
12388,4
12389,3
12390,0
12391,0
12392,0
12393,3
12394,1
12395,1
12396,0
12397,0
12398,3
12399,0
12400,2
12401,3
12402,1
12403,0
12404,1
12405,1
12406,4
12407,3
12408,0
12409,4
12410,3
12411,3
12412,4
12413,1
12414,3
12415,4
12416,3
12417,1
12418,3
12419,4
12420,1
12421,3
12422,3
12423,3
12424,4
12425,3
12426,1
12427,1
12428,4
12429,3
12430,0
12431,3
12432,0
12433,4
12434,1
12435,1
12436,1
12437,0
12438,1
12439,3
12440,3
12441,2
12442,0
12443,0
12444,0
12445,4
12446,1
12447,0
12448,1
12449,4
12450,1
12451,0
12452,3
12453,0
12454,3
12455,1
12456,1
12457,1
12458,1
12459,3
12460,0
12461,0
12462,0
12463,3
12464,3
12465,3
12466,0
12467,1
12468,3
12469,1
12470,4
12471,3
12472,3
12473,3
12474,0
12475,4
12476,0
12477,1
12478,0
12479,0
12480,3
12481,0
12482,1
12483,1
12484,0
12485,3
12486,3
12487,5
12488,3
12489,3
12490,0
12491,3
12492,3
12493,1
12494,3
12495,3
12496,4
12497,1
12498,0
12499,1
12500,1
12501,1
12502,0
12503,1
12504,0
12505,2
12506,1
12507,1
12508,1
12509,0
12510,0
12511,3
12512,3
12513,2
12514,3
12515,0
12516,1
12517,3
12518,0
12519,1
12520,0
12521,0
12522,0
12523,3
12524,1
12525,3
12526,0
12527,4
12528,0
12529,4
12530,0
12531,3
12532,1
12533,3
12534,5
12535,0
12536,4
12537,4
12538,3
12539,3
12540,3
12541,3
12542,0
12543,1
12544,0
12545,3
12546,3
12547,0
12548,3
12549,1
12550,4
12551,0
12552,4
12553,0
12554,1
12555,0
12556,4
12557,2
12558,0
12559,4
12560,3
12561,4
12562,0
12563,0
12564,4
12565,1
12566,3
12567,1
12568,0
12569,4
12570,3
12571,4
12572,3
12573,4
12574,3
12575,3
12576,0
12577,2
12578,0
12579,4
12580,1
12581,5
12582,1
12583,1
12584,4
12585,1
12586,1
12587,0
12588,1
12589,3
12590,3
12591,3
12592,3
12593,1
12594,3
12595,3
12596,1
12597,3
12598,0
12599,1
12600,1
12601,1
12602,4
12603,3
12604,0
12605,4
12606,4
12607,3
12608,1
12609,3
12610,3
12611,0
12612,3
12613,0
12614,0
12615,2
12616,3
12617,3
12618,3
12619,3
12620,3
12621,2
12622,1
12623,5
12624,3
12625,3
12626,2
12627,3
12628,3
12629,4
12630,1
12631,1
12632,3
12633,1
12634,1
12635,4
12636,3
12637,3
12638,3
12639,1
12640,4
12641,1
12642,1
12643,1
12644,0
12645,4
12646,3
12647,3
12648,0
12649,3
12650,0
12651,3
12652,1
12653,2
12654,5
12655,3
12656,0
12657,0
12658,3
12659,0
12660,1
12661,3
12662,1
12663,3
12664,1
12665,0
12666,1
12667,1
12668,4
12669,3
12670,3
12671,3
12672,0
12673,3
12674,0
12675,3
12676,0
12677,3
12678,0
12679,3
12680,1
12681,3
12682,0
12683,1
12684,3
12685,1
12686,1
12687,0
12688,0
12689,3
12690,0
12691,1
12692,1
12693,1
12694,3
12695,1
12696,4
12697,0
12698,4
12699,4
12700,0
12701,4
12702,1
12703,1
12704,0
12705,4
12706,4
12707,4
12708,3
12709,1
12710,1
12711,0
12712,4
12713,1
12714,3
12715,3
12716,4
12717,3
12718,1
12719,0
12720,0
12721,4
12722,3
12723,1
12724,0
12725,0
12726,3
12727,1
12728,3
12729,1
12730,0
12731,3
12732,0
12733,0
12734,3
12735,0
12736,1
12737,4
12738,5
12739,1
12740,1
12741,1
12742,1
12743,3
12744,0
12745,0
12746,2
12747,5
12748,3
12749,3
12750,3
12751,4
12752,1
12753,3
12754,3
12755,0
12756,1
12757,0
12758,4
12759,4
12760,3
12761,3
12762,4
12763,1
12764,3
12765,3
12766,4
12767,1
12768,0
12769,1
12770,0
12771,1
12772,4
12773,0
12774,4
12775,3
12776,1
12777,2
12778,3
12779,1
12780,4
12781,3
12782,3
12783,3
12784,1
12785,2
12786,3
12787,1
12788,1
12789,3
12790,3
12791,3
12792,5
12793,3
12794,1
12795,1
12796,1
12797,0
12798,0
12799,2
12800,1
12801,3
12802,0
12803,3
12804,3
12805,1
12806,0
12807,1
12808,0
12809,4
12810,0
12811,0
12812,3
12813,0
12814,3
12815,3
12816,0
12817,1
12818,3
12819,3
12820,1
12821,0
12822,3
12823,4
12824,1
12825,4
12826,2
12827,1
12828,2
12829,1
12830,3
12831,3
12832,1
12833,0
12834,4
12835,5
12836,4
12837,1
12838,1
12839,0
12840,3
12841,1
12842,4
12843,0
12844,0
12845,1
12846,0
12847,3
12848,1
12849,3
12850,3
12851,3
12852,1
12853,3
12854,1
12855,1
12856,1
12857,0
12858,3
12859,3
12860,0
12861,4
12862,3
12863,3
12864,0
12865,1
12866,0
12867,4
12868,4
12869,4
12870,4
12871,3
12872,0
12873,0
12874,0
12875,3
12876,0
12877,1
12878,4
12879,3
12880,0
12881,4
12882,1
12883,3
12884,1
12885,3
12886,3
12887,4
12888,0
12889,1
12890,1
12891,3
12892,3
12893,1
12894,3
12895,3
12896,3
12897,3
12898,0
12899,3
12900,1
12901,1
12902,2
12903,0
12904,1
12905,1
12906,0
12907,3
12908,3
12909,1
12910,4
12911,3
12912,0
12913,2
12914,4
12915,4
12916,3
12917,0
12918,3
12919,3
12920,3
12921,3
12922,1
12923,3
12924,1
12925,0
12926,3
12927,1
12928,1
12929,4
12930,1
12931,1
12932,3
12933,1
12934,0
12935,0
12936,1
12937,0
12938,3
12939,0
12940,1
12941,0
12942,3
12943,3
12944,1
12945,1
12946,1
12947,3
12948,3
12949,4
12950,3
12951,5
12952,3
12953,1
12954,0
12955,0
12956,0
12957,3
12958,1
12959,4
12960,1
12961,3
12962,2
12963,1
12964,1
12965,3
12966,0
12967,0
12968,3
12969,1
12970,4
12971,3
12972,3
12973,0
12974,0
12975,3
12976,0
12977,3
12978,0
12979,4
12980,1
12981,4
12982,0
12983,3
12984,3
12985,0
12986,3
12987,3
12988,3
12989,3
12990,4
12991,0
12992,0
12993,0
12994,3
12995,1
12996,0
12997,0
12998,3
12999,1
13000,0
13001,0
13002,3
13003,0
13004,3
13005,0
13006,3
13007,0
13008,4
13009,3
13010,3
13011,0
13012,1
13013,0
13014,3
13015,1
13016,3
13017,3
13018,4
13019,3
13020,1
13021,4
13022,0
13023,0
13024,3
13025,0
13026,1
13027,3
13028,3
13029,0
13030,0
13031,0
13032,2
13033,1
13034,4
13035,0
13036,3
13037,0
13038,0
13039,3
13040,3
13041,0
13042,1
13043,1
13044,0
13045,3
13046,3
13047,3
13048,1
13049,3
13050,2
13051,1
13052,1
13053,0
13054,3
13055,4
13056,5
13057,3
13058,3
13059,0
13060,3
13061,1
13062,3
13063,0
13064,0
13065,1
13066,0
13067,0
13068,3
13069,1
13070,3
13071,2
13072,1
13073,3
13074,3
13075,0
13076,3
13077,0
13078,4
13079,3
13080,0
13081,4
13082,1
13083,3
13084,4
13085,3
13086,3
13087,3
13088,1
13089,1
13090,1
13091,4
13092,1
13093,1
13094,1
13095,1
13096,3
13097,0
13098,1
13099,0
13100,0
13101,3
13102,1
13103,0
13104,1
13105,1
13106,3
13107,3
13108,0
13109,1
13110,4
13111,1
13112,1
13113,2
13114,1
13115,0
13116,3
13117,4
13118,1
13119,2
13120,1
13121,1
13122,4
13123,0
13124,3
13125,1
13126,1
13127,1
13128,3
13129,3
13130,1
13131,2
13132,0
13133,4
13134,4
13135,1
13136,0
13137,3
13138,1
13139,4
13140,1
13141,1
13142,1
13143,1
13144,3
13145,1
13146,0
13147,0
13148,3
13149,3
13150,0
13151,0
13152,1
13153,1
13154,1
13155,4
13156,1
13157,0
13158,1
13159,3
13160,3
13161,1
13162,0
13163,1
13164,2
13165,0
13166,1
13167,3
13168,0
13169,3
13170,0
13171,0
13172,3
13173,4
13174,0
13175,1
13176,3
13177,1
13178,1
13179,3
13180,3
13181,0
13182,4
13183,3
13184,4
13185,3
13186,3
13187,1
13188,0
13189,1
13190,3
13191,1
13192,3
13193,0
13194,0
13195,1
13196,1
13197,4
13198,1
13199,1
13200,4
13201,1
13202,1
13203,2
13204,3
13205,1
13206,1
13207,1
13208,0
13209,3
13210,4
13211,0
13212,0
13213,3
13214,0
13215,1
13216,3
13217,3
13218,3
13219,1
13220,1
13221,0
13222,4
13223,3
13224,2
13225,3
13226,2
13227,3
13228,1
13229,1
13230,5
13231,1
13232,0
13233,1
13234,0
13235,3
13236,0
13237,3
13238,1
13239,0
13240,1
13241,3
13242,0
13243,4
13244,1
13245,0
13246,3
13247,3
13248,3
13249,0
13250,3
13251,0
13252,3
13253,0
13254,4
13255,0
13256,3
13257,0
13258,4
13259,4
13260,1
13261,3
13262,1
13263,1
13264,1
13265,3
13266,1
13267,1
13268,0
13269,3
13270,1
13271,1
13272,1
13273,2
13274,4
13275,3
13276,0
13277,1
13278,1
13279,1
13280,1
13281,3
13282,4
13283,4
13284,1
13285,1
13286,0
13287,3
13288,0
13289,3
13290,1
13291,3
13292,1
13293,4
13294,3
13295,3
13296,3
13297,4
13298,0
13299,4
13300,0
13301,3
13302,0
13303,2
13304,0
13305,0
13306,1
13307,4
13308,5
13309,3
13310,0
13311,3
13312,3
13313,2
13314,4
13315,1
13316,3
13317,1
13318,3
13319,0
13320,4
13321,1
13322,1
13323,0
13324,5
13325,3
13326,0
13327,1
13328,4
13329,3
13330,0
13331,3
13332,1
13333,2
13334,2
13335,0
13336,4
13337,3
13338,3
13339,3
13340,0
13341,3
13342,0
13343,3
13344,0
13345,0
13346,4
13347,0
13348,0
13349,0
13350,0
13351,1
13352,3
13353,1
13354,4
13355,0
13356,1
13357,4
13358,5
13359,1
13360,0
13361,0
13362,0
13363,4
13364,0
13365,0
13366,0
13367,3
13368,3
13369,3
13370,0
13371,3
13372,1
13373,0
13374,3
13375,3
13376,3
13377,0
13378,0
13379,1
13380,5
13381,3
13382,1
13383,4
13384,3
13385,0
13386,3
13387,3
13388,0
13389,4
13390,0
13391,0
13392,0
13393,0
13394,1
13395,1
13396,0
13397,3
13398,0
13399,3
13400,1
13401,0
13402,1
13403,1
13404,1
13405,0
13406,0
13407,2
13408,3
13409,1
13410,1
13411,3
13412,3
13413,0
13414,3
13415,0
13416,2
13417,0
13418,3
13419,1
13420,1
13421,0
13422,0
13423,0
13424,1
13425,3
13426,1
13427,3
13428,1
13429,0
13430,3
13431,0
13432,0
13433,4
13434,4
13435,1
13436,3
13437,1
13438,0
13439,1
13440,1
13441,0
13442,0
13443,3
13444,1
13445,2
13446,0
13447,3
13448,3
13449,0
13450,0
13451,2
13452,0
13453,1
13454,3
13455,4
13456,3
13457,4
13458,3
13459,1
13460,4
13461,3
13462,3
13463,3
13464,3
13465,0
13466,1
13467,3
13468,3
13469,0
13470,3
13471,1
13472,3
13473,0
13474,0
13475,1
13476,0
13477,4
13478,3
13479,0
13480,3
13481,0
13482,3
13483,1
13484,0
13485,3
13486,0
13487,3
13488,0
13489,0
13490,3
13491,3
13492,4
13493,4
13494,0
13495,1
13496,0
13497,3
13498,1
13499,0
13500,0
13501,0
13502,0
13503,5
13504,1
13505,1
13506,0
13507,1
13508,3
13509,3
13510,1
13511,3
13512,0
13513,4
13514,0
13515,1
13516,1
13517,3
13518,3
13519,1
13520,1
13521,1
13522,4
13523,0
13524,0
13525,3
13526,1
13527,1
13528,1
13529,1
13530,3
13531,0
13532,3
13533,1
13534,3
13535,3
13536,0
13537,2
13538,1
13539,4
13540,4
13541,3
13542,0
13543,0
13544,1
13545,2
13546,3
13547,4
13548,1
13549,0
13550,1
13551,3
13552,1
13553,1
13554,3
13555,1
13556,3
13557,0
13558,0
13559,3
13560,0
13561,1
13562,0
13563,1
13564,4
13565,0
13566,0
13567,3
13568,3
13569,1
13570,5
13571,3
13572,0
13573,3
13574,3
13575,1
13576,2
13577,4
13578,1
13579,1
13580,3
13581,0
13582,5
13583,0
13584,1
13585,3
13586,1
13587,0
13588,3
13589,0
13590,3
13591,2
13592,0
13593,1
13594,1
13595,3
13596,3
13597,1
13598,0
13599,1
13600,0
13601,3
13602,1
13603,3
13604,1
13605,3
13606,4
13607,1
13608,3
13609,3
13610,3
13611,1
13612,1
13613,4
13614,0
13615,4
13616,3
13617,1
13618,4
13619,1
13620,4
13621,0
13622,1
13623,1
13624,3
13625,0
13626,3
13627,3
13628,3
13629,0
13630,4
13631,3
13632,0
13633,0
13634,1
13635,0
13636,3
13637,1
13638,0
13639,1
13640,3
13641,3
13642,0
13643,1
13644,3
13645,1
13646,0
13647,3
13648,1
13649,0
13650,1
13651,0
13652,1
13653,3
13654,0
13655,3
13656,4
13657,3
13658,1
13659,0
13660,1
13661,1
13662,0
13663,1
13664,0
13665,3
13666,1
13667,0
13668,4
13669,1
13670,1
13671,4
13672,1
13673,3
13674,0
13675,0
13676,0
13677,3
13678,1
13679,1
13680,2
13681,5
13682,0
13683,3
13684,3
13685,3
13686,1
13687,4
13688,0
13689,3
13690,2
13691,3
13692,1
13693,3
13694,4
13695,4
13696,3
13697,0
13698,1
13699,0
13700,3
13701,3
13702,3
13703,0
13704,4
13705,1
13706,1
13707,3
13708,1
13709,2
13710,0
13711,1
13712,3
13713,4
13714,1
13715,1
13716,0
13717,0
13718,3
13719,3
13720,1
13721,0
13722,4
13723,1
13724,3
13725,1
13726,4
13727,1
13728,3
13729,3
13730,3
13731,5
13732,3
13733,4
13734,2
13735,0
13736,3
13737,2
13738,2
13739,2
13740,1
13741,1
13742,3
13743,0
13744,3
13745,0
13746,3
13747,0
13748,0
13749,3
13750,1
13751,3
13752,3
13753,2
13754,4
13755,3
13756,4
13757,3
13758,3
13759,0
13760,2
13761,3
13762,4
13763,0
13764,0
13765,3
13766,0
13767,3
13768,1
13769,3
13770,1
13771,0
13772,3
13773,1
13774,0
13775,3
13776,0
13777,3
13778,0
13779,1
13780,1
13781,1
13782,0
13783,3
13784,1
13785,1
13786,1
13787,0
13788,0
13789,3
13790,3
13791,0
13792,3
13793,3
13794,3
13795,0
13796,0
13797,4
13798,1
13799,1
13800,4
13801,1
13802,0
13803,0
13804,3
13805,3
13806,1
13807,3
13808,1
13809,0
13810,3
13811,0
13812,1
13813,0
13814,3
13815,3
13816,3
13817,2
13818,1
13819,0
13820,1
13821,1
13822,1
13823,1
13824,4
13825,4
13826,1
13827,1
13828,0
13829,2
13830,0
13831,4
13832,2
13833,0
13834,1
13835,0
13836,3
13837,3
13838,3
13839,1
13840,3
13841,3
13842,0
13843,1
13844,1
13845,1
13846,3
13847,3
13848,3
13849,0
13850,3
13851,5
13852,0
13853,0
13854,4
13855,0
13856,3
13857,0
13858,4
13859,3
13860,1
13861,3
13862,3
13863,4
13864,0
13865,3
13866,1
13867,3
13868,2
13869,1
13870,1
13871,3
13872,0
13873,1
13874,3
13875,3
13876,0
13877,0
13878,0
13879,0
13880,0
13881,1
13882,0
13883,3
13884,3
13885,0
13886,1
13887,0
13888,0
13889,3
13890,4
13891,4
13892,1
13893,0
13894,0
13895,1
13896,0
13897,4
13898,1
13899,1
13900,0
13901,3
13902,3
13903,1
13904,3
13905,1
13906,1
13907,4
13908,3
13909,0
13910,0
13911,0
13912,1
13913,3
13914,1
13915,1
13916,0
13917,4
13918,0
13919,4
13920,1
13921,3
13922,3
13923,2
13924,1
13925,3
13926,1
13927,0
13928,0
13929,0
13930,3
13931,1
13932,1
13933,1
13934,1
13935,0
13936,0
13937,0
13938,5
13939,3
13940,5
13941,0
13942,1
13943,3
13944,0
13945,0
13946,1
13947,4
13948,3
13949,0
13950,0
13951,3
13952,0
13953,3
13954,3
13955,1
13956,4
13957,4
13958,3
13959,3
13960,0
13961,0
13962,1
13963,3
13964,0
13965,4
13966,1
13967,4
13968,1
13969,3
13970,3
13971,3
13972,3
13973,3
13974,1
13975,4
13976,4
13977,3
13978,3
13979,1
13980,0
13981,1
13982,1
13983,1
13984,1
13985,3
13986,1
13987,3
13988,0
13989,0
13990,1
13991,1
13992,0
13993,3
13994,0
13995,0
13996,3
13997,4
13998,3
13999,1
14000,4
14001,3
14002,1
14003,3
14004,1
14005,1
14006,1
14007,3
14008,3
14009,3
14010,3
14011,3
14012,1
14013,3
14014,0
14015,3
14016,1
14017,1
14018,1
14019,3
14020,1
14021,4
14022,0
14023,0
14024,5
14025,1
14026,0
14027,0
14028,0
14029,0
14030,4
14031,3
14032,0
14033,1
14034,1
14035,4
14036,0
14037,1
14038,3
14039,3
14040,4
14041,0
14042,3
14043,1
14044,2
14045,3
14046,2
14047,1
14048,1
14049,3
14050,1
14051,4
14052,4
14053,3
14054,1
14055,1
14056,3
14057,1
14058,0
14059,3
14060,0
14061,0
14062,0
14063,3
14064,0
14065,1
14066,2
14067,0
14068,0
14069,0
14070,0
14071,1
14072,0
14073,3
14074,3
14075,0
14076,3
14077,4
14078,0
14079,4
14080,3
14081,1
14082,3
14083,0
14084,0
14085,2
14086,1
14087,4
14088,3
14089,4
14090,4
14091,1
14092,4
14093,1
14094,0
14095,1
14096,4
14097,3
14098,0
14099,1
14100,1
14101,3
14102,0
14103,4
14104,0
14105,1
14106,3
14107,5
14108,3
14109,3
14110,3
14111,1
14112,3
14113,1
14114,3
14115,4
14116,3
14117,1
14118,1
14119,2
14120,3
14121,3
14122,5
14123,1
14124,0
14125,3
14126,1
14127,1
14128,0
14129,2
14130,0
14131,3
14132,3
14133,4
14134,0
14135,1
14136,3
14137,3
14138,4
14139,1
14140,1
14141,1
14142,2
14143,0
14144,0
14145,3
14146,0
14147,3
14148,3
14149,1
14150,0
14151,2
14152,0
14153,4
14154,3
14155,1
14156,1
14157,4
14158,0
14159,1
14160,1
14161,0
14162,0
14163,1
14164,1
14165,3
14166,4
14167,3
14168,0
14169,2
14170,0
14171,0
14172,0
14173,0
14174,3
14175,3
14176,0
14177,1
14178,0
14179,4
14180,0
14181,1
14182,1
14183,3
14184,2
14185,1
14186,1
14187,1
14188,1
14189,4
14190,3
14191,1
14192,4
14193,1
14194,0
14195,0
14196,0
14197,3
14198,3
14199,1
14200,0
14201,0
14202,3
14203,3
14204,1
14205,3
14206,3
14207,1
14208,0
14209,3
14210,1
14211,0
14212,4
14213,1
14214,1
14215,0
14216,0
14217,3
14218,0
14219,0
14220,3
14221,3
14222,3
14223,3
14224,3
14225,3
14226,2
14227,0
14228,0
14229,3
14230,0
14231,0
14232,1
14233,4
14234,0
14235,3
14236,2
14237,3
14238,0
14239,4
14240,0
14241,4
14242,2
14243,3
14244,1
14245,0
14246,0
14247,5
14248,0
14249,3
14250,3
14251,1
14252,0
14253,0
14254,3
14255,1
14256,3
14257,1
14258,0
14259,1
14260,0
14261,3
14262,0
14263,0
14264,0
14265,1
14266,1
14267,1
14268,3
14269,3
14270,3
14271,3
14272,3
14273,3
14274,0
14275,4
14276,1
14277,3
14278,1
14279,0
14280,3
14281,1
14282,5
14283,0
14284,0
14285,1
14286,1
14287,2
14288,0
14289,0
14290,1
14291,3
14292,3
14293,0
14294,0
14295,3
14296,3
14297,1
14298,0
14299,0
14300,3
14301,3
14302,1
14303,0
14304,0
14305,0
14306,1
14307,3
14308,3
14309,1
14310,0
14311,0
14312,3
14313,3
14314,1
14315,0
14316,2
14317,0
14318,1
14319,3
14320,4
14321,3
14322,0
14323,4
14324,3
14325,2
14326,3
14327,4
14328,3
14329,0
14330,1
14331,3
14332,3
14333,3
14334,2
14335,0
14336,3
14337,4
14338,0
14339,1
14340,1
14341,0
14342,0
14343,1
14344,1
14345,4
14346,3
14347,1
14348,1
14349,1
14350,4
14351,0
14352,0
14353,1
14354,3
14355,0
14356,3
14357,3
14358,3
14359,4
14360,4
14361,3
14362,1
14363,0
14364,3
14365,3
14366,1
14367,3
14368,0
14369,3
14370,0
14371,1
14372,3
14373,0
14374,0
14375,1
14376,0
14377,1
14378,3
14379,1
14380,3
14381,1
14382,0
14383,0
14384,1
14385,3
14386,2
14387,1
14388,4
14389,3
14390,2
14391,3
14392,2
14393,0
14394,1
14395,1
14396,2
14397,3
14398,3
14399,4
14400,0
14401,4
14402,3
14403,2
14404,0
14405,1
14406,3
14407,3
14408,0
14409,1
14410,0
14411,3
14412,3
14413,1
14414,0
14415,3
14416,1
14417,0
14418,1
14419,1
14420,1
14421,4
14422,1
14423,1
14424,4
14425,0
14426,3
14427,3
14428,0
14429,0
14430,1
14431,3
14432,3
14433,4
14434,4
14435,3
14436,4
14437,1
14438,1
14439,0
14440,1
14441,0
14442,1
14443,1
14444,1
14445,5
14446,1
14447,0
14448,1
14449,3
14450,4
14451,3
14452,0
14453,3
14454,4
14455,0
14456,0
14457,1
14458,4
14459,0
14460,0
14461,0
14462,3
14463,0
14464,4
14465,0
14466,0
14467,1
14468,1
14469,1
14470,3
14471,1
14472,1
14473,3
14474,1
14475,4
14476,1
14477,4
14478,3
14479,3
14480,0
14481,3
14482,3
14483,2
14484,3
14485,3
14486,1
14487,0
14488,4
14489,3
14490,4
14491,0
14492,0
14493,0
14494,0
14495,0
14496,3
14497,0
14498,0
14499,0
14500,0
14501,1
14502,3
14503,0
14504,3
14505,1
14506,1
14507,1
14508,3
14509,1
14510,3
14511,1
14512,0
14513,0
14514,4
14515,3
14516,3
14517,3
14518,0
14519,4
14520,4
14521,0
14522,3
14523,0
14524,4
14525,1
14526,4
14527,1
14528,1
14529,2
14530,3
14531,4
14532,1
14533,1
14534,4
14535,3
14536,0
14537,1
14538,0
14539,3
14540,4
14541,1
14542,0
14543,1
14544,1
14545,1
14546,1
14547,0
14548,1
14549,4
14550,4
14551,3
14552,1
14553,3
14554,0
14555,1
14556,1
14557,4
14558,1
14559,4
14560,0
14561,0
14562,0
14563,0
14564,0
14565,1
14566,0
14567,0
14568,1
14569,0
14570,0
14571,0
14572,3
14573,0
14574,3
14575,0
14576,0
14577,3
14578,0
14579,1
14580,2
14581,0
14582,3
14583,1
14584,3
14585,4
14586,0
14587,0
14588,0
14589,4
14590,0
14591,1
14592,0
14593,4
14594,3
14595,0
14596,0
14597,3
14598,1
14599,0
14600,3
14601,3
14602,0
14603,2
14604,4
14605,2
14606,0
14607,1
14608,4
14609,3
14610,0
14611,1
14612,3
14613,3
14614,0
14615,3
14616,1
14617,4
14618,4
14619,3
14620,0
14621,1
14622,3
14623,4
14624,3
14625,1
14626,1
14627,4
14628,3
14629,3
14630,0
14631,1
14632,3
14633,1
14634,0
14635,2
14636,0
14637,3
14638,3
14639,4
14640,1
14641,1
14642,1
14643,3
14644,4
14645,3
14646,3
14647,1
14648,0
14649,1
14650,3
14651,5
14652,1
14653,3
14654,3
14655,4
14656,1
14657,4
14658,0
14659,1
14660,0
14661,1
14662,3
14663,0
14664,0
14665,3
14666,5
14667,4
14668,0
14669,2
14670,0
14671,4
14672,1
14673,0
14674,2
14675,4
14676,1
14677,3
14678,3
14679,3
14680,3
14681,3
14682,1
14683,1
14684,3
14685,3
14686,0
14687,0
14688,3
14689,0
14690,3
14691,1
14692,0
14693,3
14694,0
14695,0
14696,1
14697,4
14698,1
14699,3
14700,1
14701,3
14702,0
14703,3
14704,0
14705,0
14706,0
14707,3
14708,3
14709,3
14710,0
14711,1
14712,3
14713,1
14714,1
14715,3
14716,3
14717,1
14718,1
14719,4
14720,1
14721,0
14722,3
14723,3
14724,3
14725,4
14726,1
14727,0
14728,3
14729,0
14730,3
14731,0
14732,1
14733,1
14734,0
14735,3
14736,0
14737,0
14738,1
14739,0
14740,0
14741,3
14742,0
14743,3
14744,1
14745,3
14746,0
14747,3
14748,3
14749,3
14750,5
14751,1
14752,1
14753,0
14754,3
14755,1
14756,1
14757,4
14758,1
14759,0
14760,1
14761,3
14762,3
14763,5
14764,0
14765,4
14766,3
14767,1
14768,3
14769,0
14770,1
14771,3
14772,0
14773,3
14774,4
14775,3
14776,4
14777,3
14778,0
14779,3
14780,0
14781,1
14782,4
14783,3
14784,0
14785,1
14786,0
14787,1
14788,3
14789,3
14790,4
14791,4
14792,1
14793,1
14794,3
14795,3
14796,3
14797,4
14798,0
14799,4
14800,0
14801,1
14802,0
14803,3
14804,1
14805,0
14806,2
14807,3
14808,1
14809,2
14810,1
14811,1
14812,1
14813,4
14814,1
14815,4
14816,0
14817,1
14818,4
14819,0
14820,3
14821,3
14822,0
14823,2
14824,1
14825,4
14826,0
14827,1
14828,0
14829,1
14830,4
14831,4
14832,1
14833,1
14834,1
14835,3
14836,0
14837,1
14838,4
14839,1
14840,0
14841,3
14842,3
14843,2
14844,3
14845,2
14846,0
14847,3
14848,3
14849,3
14850,0
14851,3
14852,1
14853,1
14854,1
14855,0
14856,1
14857,0
14858,1
14859,3
14860,4
14861,1
14862,1
14863,0
14864,0
14865,0
14866,0
14867,3
14868,3
14869,1
14870,3
14871,0
14872,3
14873,0
14874,1
14875,3
14876,0
14877,3
14878,0
14879,4
14880,3
14881,3
14882,4
14883,3
14884,0
14885,3
14886,3
14887,3
14888,4
14889,3
14890,1
14891,3
14892,1
14893,4
14894,4
14895,1
14896,4
14897,3
14898,3
14899,0
14900,1
14901,0
14902,1
14903,4
14904,0
14905,4
14906,0
14907,3
14908,4
14909,3
14910,1
14911,3
14912,1
14913,1
14914,1
14915,3
14916,0
14917,0
14918,2
14919,1
14920,3
14921,0
14922,0
14923,0
14924,0
14925,0
14926,0
14927,3
14928,0
14929,0
14930,3
14931,0
14932,2
14933,2
14934,3
14935,3
14936,0
14937,4
14938,0
14939,3
14940,0
14941,1
14942,0
14943,3
14944,4
14945,1
14946,0
14947,3
14948,2
14949,1
14950,3
14951,3
14952,0
14953,3
14954,0
14955,0
14956,3
14957,1
14958,0
14959,4
14960,0
14961,1
14962,0
14963,0
14964,4
14965,0
14966,0
14967,0
14968,3
14969,1
14970,1
14971,1
14972,3
14973,2
14974,4
14975,3
14976,3
14977,0
14978,0
14979,1
14980,4
14981,0
14982,1
14983,3
14984,3
14985,4
14986,1
14987,3
14988,0
14989,3
14990,3
14991,3
14992,0
14993,0
14994,3
14995,2
14996,1
14997,1
14998,4
14999,3
15000,4
15001,1
15002,3
15003,3
15004,2
15005,2
15006,0
15007,3
15008,1
15009,0
15010,3
15011,0
15012,3
15013,4
15014,1
15015,3
15016,3
15017,0
15018,4
15019,3
15020,0
15021,4
15022,0
15023,1
15024,3
15025,3
15026,3
15027,3
15028,3
15029,3
15030,4
15031,4
15032,0
15033,3
15034,3
15035,0
15036,4
15037,0
15038,0
15039,3
15040,3
15041,0
15042,1
15043,3
15044,3
15045,3
15046,0
15047,0
15048,0
15049,3
15050,4
15051,3
15052,1
15053,1
15054,5
15055,3
15056,0
15057,3
15058,3
15059,1
15060,4
15061,1
15062,4
15063,0
15064,1
15065,0
15066,4
15067,3
15068,3
15069,0
15070,3
15071,1
15072,1
15073,1
15074,3
15075,1
15076,0
15077,0
15078,1
15079,1
15080,1
15081,3
15082,1
15083,4
15084,3
15085,3
15086,2
15087,1
15088,3
15089,4
15090,4
15091,5
15092,1
15093,1
15094,1
15095,0
15096,1
15097,0
15098,1
15099,1
15100,5
15101,1
15102,4
15103,0
15104,1
15105,4
15106,4
15107,0
15108,0
15109,0
15110,0
15111,1
15112,0
15113,1
15114,3
15115,4
15116,0
15117,1
15118,1
15119,3
15120,3
15121,1
15122,1
15123,3
15124,4
15125,3
15126,3
15127,0
15128,0
15129,4
15130,1
15131,3
15132,4
15133,1
15134,3
15135,3
15136,0
15137,0
15138,1
15139,1
15140,0
15141,3
15142,0
15143,5
15144,0
15145,1
15146,3
15147,0
15148,0
15149,1
15150,1
15151,4
15152,0
15153,3
15154,1
15155,3
15156,3
15157,3
15158,3
15159,0
15160,4
15161,0
15162,1
15163,0
15164,3
15165,0
15166,0
15167,3
15168,1
15169,1
15170,3
15171,1
15172,1
15173,0
15174,1
15175,0
15176,1
15177,1
15178,4
15179,1
15180,3
15181,1
15182,3
15183,1
15184,1
15185,1
15186,3
15187,0
15188,4
15189,1
15190,3
15191,3
15192,3
15193,3
15194,1
15195,3
15196,4
15197,1
15198,4
15199,1
15200,4
15201,0
15202,3
15203,2
15204,3
15205,0
15206,4
15207,1
15208,0
15209,3
15210,0
15211,1
15212,3
15213,0
15214,4
15215,3
15216,3
15217,1
15218,3
15219,4
15220,0
15221,0
15222,0
15223,3
15224,3
15225,0
15226,0
15227,4
15228,0
15229,0
15230,1
15231,0
15232,5
15233,3
15234,1
15235,1
15236,3
15237,1
15238,3
15239,3
15240,3
15241,0
15242,1
15243,4
15244,3
15245,3
15246,1
15247,3
15248,3
15249,0
15250,3
15251,3
15252,3
15253,3
15254,0
15255,1
15256,0
15257,3
15258,3
15259,0
15260,0
15261,1
15262,0
15263,3
15264,1
15265,1
15266,1
15267,3
15268,1
15269,0
15270,0
15271,3
15272,3
15273,3
15274,0
15275,1
15276,3
15277,4
15278,1
15279,3
15280,1
15281,4
15282,1
15283,0
15284,3
15285,1
15286,1
15287,0
15288,0
15289,4
15290,4
15291,1
15292,3
15293,3
15294,0
15295,3
15296,3
15297,1
15298,1
15299,1
15300,1
15301,0
15302,1
15303,1
15304,1
15305,3
15306,3
15307,3
15308,3
15309,0
15310,3
15311,3
15312,4
15313,1
15314,1
15315,3
15316,0
15317,4
15318,4
15319,4
15320,1
15321,3
15322,1
15323,0
15324,3
15325,3
15326,3
15327,1
15328,3
15329,0
15330,3
15331,0
15332,5
15333,1
15334,3
15335,4
15336,1
15337,4
15338,2
15339,4
15340,1
15341,0
15342,0
15343,1
15344,0
15345,3
15346,3
15347,3
15348,1
15349,0
15350,0
15351,1
15352,0
15353,3
15354,1
15355,3
15356,3
15357,3
15358,1
15359,3
15360,0
15361,3
15362,0
15363,1
15364,0
15365,1
15366,3
15367,4
15368,3
15369,3
15370,1
15371,3
15372,1
15373,4
15374,2
15375,3
15376,3
15377,1
15378,0
15379,3
15380,4
15381,0
15382,4
15383,1
15384,1
15385,3
15386,3
15387,3
15388,1
15389,3
15390,1
15391,0
15392,1
15393,0
15394,1
15395,1
15396,3
15397,3
15398,2
15399,0
15400,0
15401,4
15402,0
15403,4
15404,0
15405,1
15406,0
15407,1
15408,1
15409,4
15410,3
15411,0
15412,3
15413,3
15414,3
15415,0
15416,0
15417,1
15418,5
15419,1
15420,3
15421,1
15422,0
15423,0
15424,3
15425,0
15426,1
15427,3
15428,3
15429,3
15430,3
15431,0
15432,1
15433,4
15434,0
15435,0
15436,3
15437,0
15438,3
15439,0
15440,1
15441,4
15442,3
15443,0
15444,0
15445,3
15446,4
15447,3
15448,1
15449,0
15450,0
15451,2
15452,0
15453,4
15454,0
15455,3
15456,1
15457,0
15458,0
15459,1
15460,4
15461,0
15462,1
15463,1
15464,3
15465,3
15466,3
15467,4
15468,3
15469,3
15470,3
15471,3
15472,0
15473,0
15474,4
15475,3
15476,0
15477,0
15478,2
15479,3
15480,0
15481,3
15482,3
15483,3
15484,1
15485,0
15486,1
15487,0
15488,4
15489,3
15490,3
15491,2
15492,3
15493,3
15494,1
15495,1
15496,3
15497,0
15498,3
15499,1
15500,3
15501,3
15502,1
15503,0
15504,3
15505,3
15506,4
15507,3
15508,1
15509,1
15510,1
15511,0
15512,1
15513,3
15514,3
15515,4
15516,4
15517,1
15518,3
15519,3
15520,3
15521,1
15522,3
15523,3
15524,3
15525,2
15526,3
15527,3
15528,0
15529,3
15530,1
15531,3
15532,1
15533,1
15534,3
15535,3
15536,1
15537,1
15538,1
15539,1
15540,1
15541,1
15542,1
15543,3
15544,0
15545,1
15546,0
15547,1
15548,1
15549,1
15550,0
15551,3
15552,0
15553,0
15554,0
15555,1
15556,1
15557,3
15558,4
15559,1
15560,0
15561,3
15562,1
15563,3
15564,0
15565,0
15566,3
15567,5
15568,1
15569,1
15570,1
15571,3
15572,0
15573,0
15574,0
15575,3
15576,4
15577,1
15578,3
15579,2
15580,0
15581,3
15582,4
15583,3
15584,3
15585,4
15586,4
15587,5
15588,4
15589,1
15590,1
15591,3
15592,1
15593,3
15594,2
15595,3
15596,4
15597,3
15598,3
15599,3
15600,1
15601,0
15602,3
15603,3
15604,1
15605,0
15606,3
15607,0
15608,0
15609,3
15610,0
15611,1
15612,3
15613,0
15614,3
15615,0
15616,3
15617,1
15618,3
15619,3
15620,0
15621,3
15622,0
15623,3
15624,0
15625,0
15626,0
15627,3
15628,3
15629,0
15630,3
15631,3
15632,0
15633,3
15634,1
15635,0
15636,3
15637,1
15638,3
15639,1
15640,0
15641,1
15642,4
15643,0
15644,0
15645,1
15646,1
15647,3
15648,4
15649,1
15650,1
15651,3
15652,0
15653,0
15654,0
15655,1
15656,0
15657,3
15658,4
15659,1
15660,0
15661,0
15662,1
15663,1
15664,3
15665,3
15666,0
15667,0
15668,0
15669,3
15670,0
15671,1
15672,1
15673,4
15674,3
15675,0
15676,2
15677,5
15678,4
15679,1
15680,1
15681,0
15682,2
15683,2
15684,4
15685,3
15686,0
15687,1
15688,0
15689,0
15690,1
15691,4
15692,0
15693,0
15694,1
15695,3
15696,0
15697,0
15698,4
15699,1
15700,2
15701,3
15702,3
15703,4
15704,3
15705,4
15706,0
15707,1
15708,1
15709,0
15710,0
15711,0
15712,0
15713,3
15714,1
15715,0
15716,1
15717,1
15718,4
15719,1
15720,1
15721,4
15722,0
15723,4
15724,1
15725,0
15726,0
15727,3
15728,4
15729,0
15730,3
15731,3
15732,4
15733,1
15734,1
15735,4
15736,0
15737,4
15738,1
15739,3
15740,4
15741,0
15742,0
15743,1
15744,0
15745,0
15746,0
15747,1
15748,0
15749,1
15750,3
15751,1
15752,3
15753,3
15754,5
15755,3
15756,1
15757,3
15758,0
15759,4
15760,1
15761,0
15762,3
15763,4
15764,0
15765,5
15766,0
15767,4
15768,4
15769,4
15770,1
15771,0
15772,3
15773,4
15774,1
15775,3
15776,3
15777,0
15778,0
15779,3
15780,3
15781,3
15782,2
15783,1
15784,0
15785,1
15786,0
15787,3
15788,0
15789,1
15790,1
15791,0
15792,3
15793,4
15794,1
15795,4
15796,0
15797,4
15798,1
15799,5
15800,3
15801,4
15802,1
15803,0
15804,1
15805,3
15806,4
15807,0
15808,0
15809,1
15810,1
15811,1
15812,4
15813,0
15814,0
15815,3
15816,3
15817,1
15818,0
15819,4
15820,1
15821,3
15822,0
15823,3
15824,0
15825,4
15826,3
15827,4
15828,3
15829,3
15830,3
15831,3
15832,4
15833,0
15834,3
15835,0
15836,0
15837,0
15838,3
15839,0
15840,5
15841,2
15842,0
15843,3
15844,3
15845,2
15846,5
15847,3
15848,1
15849,0
15850,0
15851,3
15852,3
15853,0
15854,0
15855,0
15856,3
15857,3
15858,3
15859,0
15860,4
15861,4
15862,0
15863,3
15864,3
15865,1
15866,0
15867,4
15868,3
15869,0
15870,3
15871,3
15872,4
15873,3
15874,1
15875,4
15876,0
15877,3
15878,3
15879,0
15880,3
15881,3
15882,0
15883,1
15884,1
15885,0
15886,3
15887,2
15888,4
15889,4
15890,3
15891,0
15892,2
15893,0
15894,1
15895,3
15896,3
15897,1
15898,1
15899,0
15900,4
15901,4
15902,0
15903,2
15904,1
15905,2
15906,0
15907,3
15908,2
15909,4
15910,3
15911,3
15912,0
15913,4
15914,1
15915,0
15916,1
15917,1
15918,3
15919,3
15920,0
15921,0
15922,3
15923,5
15924,1
15925,0
15926,3
15927,3
15928,4
15929,0
15930,4
15931,0
15932,5
15933,3
15934,1
15935,1
15936,3
15937,0
15938,1
15939,2
15940,3
15941,3
15942,3
15943,1
15944,3
15945,0
15946,1
15947,1
15948,0
15949,4
15950,3
15951,3
15952,0
15953,2
15954,3
15955,3
15956,3
15957,0
15958,1
15959,0
15960,0
15961,0
15962,0
15963,1
15964,4
15965,3
15966,1
15967,0
15968,3
15969,3
15970,3
15971,1
15972,3
15973,0
15974,1
15975,1
15976,0
15977,3
15978,3
15979,1
15980,2
15981,3
15982,3
15983,3
15984,0
15985,0
15986,3
15987,4
15988,2
15989,0
15990,4
15991,0
15992,3
15993,1
15994,1
15995,1
15996,4
15997,1
15998,1
15999,0
16000,1
16001,1
16002,3
16003,3
16004,1
16005,4
16006,3
16007,1
16008,4
16009,3
16010,4
16011,0
16012,0
16013,1
16014,3
16015,3
16016,4
16017,0
16018,0
16019,2
16020,1
16021,1
16022,1
16023,0
16024,0
16025,1
16026,3
16027,3
16028,1
16029,4
16030,2
16031,0
16032,3
16033,0
16034,3
16035,3
16036,3
16037,3
16038,3
16039,3
16040,1
16041,1
16042,1
16043,5
16044,3
16045,3
16046,3
16047,0
16048,3
16049,4
16050,3
16051,3
16052,0
16053,3
16054,3
16055,3
16056,1
16057,0
16058,4
16059,3
16060,3
16061,0
16062,1
16063,0
16064,0
16065,2
16066,3
16067,0
16068,3
16069,0
16070,3
16071,4
16072,0
16073,1
16074,3
16075,0
16076,1
16077,3
16078,3
16079,3
16080,1
16081,3
16082,1
16083,3
16084,1
16085,1
16086,3
16087,1
16088,0
16089,1
16090,3
16091,3
16092,1
16093,3
16094,4
16095,4
16096,1
16097,3
16098,3
16099,0
16100,3
16101,1
16102,1
16103,1
16104,4
16105,3
16106,0
16107,0
16108,1
16109,4
16110,4
16111,0
16112,0
16113,3
16114,1
16115,3
16116,1
16117,0
16118,1
16119,1
16120,4
16121,1
16122,0
16123,5
16124,1
16125,3
16126,0
16127,5
16128,3
16129,0
16130,0
16131,0
16132,3
16133,4
16134,0
16135,3
16136,3
16137,3
16138,1
16139,3
16140,1
16141,1
16142,0
16143,0
16144,3
16145,1
16146,3
16147,0
16148,1
16149,3
16150,3
16151,3
16152,0
16153,0
16154,0
16155,0
16156,0
16157,3
16158,0
16159,3
16160,4
16161,3
16162,1
16163,1
16164,1
16165,3
16166,3
16167,3
16168,4
16169,0
16170,1
16171,0
16172,3
16173,1
16174,0
16175,3
16176,0
16177,1
16178,1
16179,3
16180,4
16181,3
16182,4
16183,3
16184,1
16185,1
16186,3
16187,0
16188,1
16189,2
16190,0
16191,3
16192,1
16193,0
16194,1
16195,3
16196,3
16197,3
16198,1
16199,0
16200,0
16201,3
16202,3
16203,5
16204,0
16205,1
16206,1
16207,0
16208,1
16209,3
16210,4
16211,1
16212,4
16213,3
16214,0
16215,0
16216,1
16217,3
16218,1
16219,1
16220,4
16221,3
16222,1
16223,0
16224,1
16225,0
16226,2
16227,3
16228,3
16229,1
16230,1
16231,3
16232,3
16233,0
16234,0
16235,0
16236,4
16237,3
16238,0
16239,1
16240,1
16241,4
16242,0
16243,1
16244,1
16245,1
16246,3
16247,3
16248,3
16249,3
16250,0
16251,1
16252,3
16253,3
16254,0
16255,4
16256,4
16257,4
16258,0
16259,0
16260,4
16261,3
16262,5
16263,1
16264,0
16265,1
16266,2
16267,3
16268,2
16269,1
16270,0
16271,0
16272,3
16273,0
16274,2
16275,0
16276,3
16277,3
16278,0
16279,0
16280,1
16281,3
16282,1
16283,0
16284,1
16285,3
16286,0
16287,3
16288,3
16289,1
16290,0
16291,4
16292,1
16293,1
16294,3
16295,4
16296,0
16297,3
16298,3
16299,0
16300,3
16301,4
16302,0
16303,1
16304,1
16305,3
16306,4
16307,1
16308,0
16309,0
16310,1
16311,1
16312,3
16313,0
16314,0
16315,0
16316,0
16317,3
16318,1
16319,3
16320,0
16321,4
16322,0
16323,4
16324,4
16325,0
16326,3
16327,5
16328,1
16329,0
16330,0
16331,1
16332,0
16333,3
16334,4
16335,1
16336,1
16337,0
16338,1
16339,4
16340,1
16341,3
16342,1
16343,1
16344,1
16345,3
16346,3
16347,0
16348,3
16349,1
16350,1
16351,1
16352,1
16353,3
16354,0
16355,0
16356,3
16357,0
16358,1
16359,0
16360,1
16361,4
16362,1
16363,2
16364,4
16365,3
16366,0
16367,1
16368,4
16369,3
16370,1
16371,3
16372,5
16373,3
16374,4
16375,0
16376,0
16377,3
16378,0
16379,4
16380,0
16381,1
16382,0
16383,0
16384,3
16385,1
16386,1
16387,0
16388,0
16389,3
16390,1
16391,0
16392,1
16393,1
16394,0
16395,1
16396,0
16397,0
16398,0
16399,3
16400,3
16401,3
16402,1
16403,1
16404,1
16405,3
16406,0
16407,1
16408,1
16409,4
16410,4
16411,1
16412,3
16413,0
16414,1
16415,0
16416,3
16417,3
16418,4
16419,0
16420,3
16421,4
16422,0
16423,4
16424,1
16425,3
16426,3
16427,1
16428,0
16429,3
16430,3
16431,0
16432,1
16433,4
16434,1
16435,3
16436,0
16437,3
16438,1
16439,4
16440,1
16441,1
16442,0
16443,5
16444,0
16445,0
16446,3
16447,0
16448,1
16449,0
16450,1
16451,1
16452,1
16453,3
16454,3
16455,4
16456,4
16457,1
16458,0
16459,0
16460,3
16461,3
16462,1
16463,4
16464,3
16465,0
16466,3
16467,4
16468,0
16469,1
16470,1
16471,1
16472,3
16473,4
16474,3
16475,4
16476,3
16477,3
16478,2
16479,4
16480,1
16481,1
16482,3
16483,1
16484,1
16485,1
16486,1
16487,3
16488,1
16489,3
16490,0
16491,1
16492,3
16493,0
16494,1
16495,3
16496,3
16497,0
16498,1
16499,3
16500,3
16501,0
16502,3
16503,1
16504,1
16505,0
16506,3
16507,1
16508,1
16509,3
16510,0
16511,0
16512,1
16513,1
16514,1
16515,1
16516,0
16517,4
16518,1
16519,3
16520,1
16521,0
16522,0
16523,0
16524,0
16525,3
16526,3
16527,0
16528,0
16529,1
16530,5
16531,1
16532,1
16533,0
16534,1
16535,0
16536,1
16537,3
16538,0
16539,1
16540,0
16541,4
16542,3
16543,3
16544,0
16545,1
16546,4
16547,3
16548,0
16549,0
16550,3
16551,1
16552,3
16553,3
16554,3
16555,0
16556,0
16557,1
16558,1
16559,0
16560,4
16561,0
16562,1
16563,0
16564,3
16565,4
16566,0
16567,0
16568,1
16569,4
16570,3
16571,1
16572,4
16573,4
16574,1
16575,1
16576,1
16577,3
16578,3
16579,0
16580,4
16581,0
16582,4
16583,1
16584,3
16585,4
16586,3
16587,3
16588,5
16589,0
16590,3
16591,0
16592,4
16593,3
16594,3
16595,0
16596,0
16597,0
16598,1
16599,3
16600,0
16601,0
16602,4
16603,1
16604,0
16605,3
16606,3
16607,3
16608,1
16609,1
16610,3
16611,3
16612,1
16613,2
16614,1
16615,0
16616,0
16617,3
16618,3
16619,0
16620,3
16621,1
16622,4
16623,1
16624,3
16625,3
16626,3
16627,3
16628,1
16629,1
16630,4
16631,0
16632,0
16633,2
16634,1
16635,5
16636,1
16637,0
16638,0
16639,1
16640,0
16641,1
16642,2
16643,0
16644,3
16645,1
16646,3
16647,4
16648,0
16649,4
16650,1
16651,0
16652,1
16653,1
16654,1
16655,3
16656,1
16657,3
16658,1
16659,3
16660,3
16661,1
16662,3
16663,4
16664,0
16665,0
16666,3
16667,0
16668,4
16669,3
16670,5
16671,1
16672,3
16673,1
16674,3
16675,3
16676,0
16677,1
16678,0
16679,3
16680,3
16681,0
16682,3
16683,0
16684,2
16685,5
16686,0
16687,0
16688,3
16689,4
16690,0
16691,1
16692,0
16693,3
16694,0
16695,3
16696,0
16697,3
16698,0
16699,3
16700,3
16701,1
16702,3
16703,4
16704,3
16705,0
16706,0
16707,1
16708,3
16709,3
16710,1
16711,3
16712,2
16713,3
16714,0
16715,3
16716,1
16717,0
16718,0
16719,3
16720,0
16721,3
16722,0
16723,3
16724,4
16725,1
16726,3
16727,0
16728,4
16729,3
16730,3
16731,0
16732,3
16733,3
16734,0
16735,4
16736,4
16737,0
16738,1
16739,0
16740,0
16741,0
16742,0
16743,0
16744,1
16745,0
16746,1
16747,4
16748,0
16749,3
16750,0
16751,3
16752,0
16753,1
16754,1
16755,0
16756,0
16757,1
16758,1
16759,1
16760,4
16761,1
16762,3
16763,4
16764,4
16765,3
16766,0
16767,4
16768,3
16769,4
16770,3
16771,1
16772,0
16773,3
16774,3
16775,0
16776,3
16777,0
16778,3
16779,4
16780,0
16781,3
16782,1
16783,3
16784,1
16785,1
16786,0
16787,3
16788,3
16789,3
16790,0
16791,3
16792,0
16793,3
16794,3
16795,0
16796,4
16797,4
16798,3
16799,0
16800,0
16801,1
16802,4
16803,0
16804,0
16805,1
16806,3
16807,1
16808,1
16809,3
16810,0
16811,3
16812,2
16813,3
16814,2
16815,1
16816,3
16817,3
16818,0
16819,3
16820,3
16821,1
16822,3
16823,1
16824,3
16825,1
16826,1
16827,3
16828,4
16829,1
16830,3
16831,3
16832,1
16833,3
16834,1
16835,0
16836,3
16837,3
16838,3
16839,0
16840,0
16841,2
16842,1
16843,1
16844,1
16845,0
16846,3
16847,3
16848,0
16849,3
16850,4
16851,0
16852,4
16853,3
16854,3
16855,0
16856,4
16857,1
16858,1
16859,3
16860,4
16861,4
16862,0
16863,2
16864,1
16865,1
16866,0
16867,1
16868,1
16869,0
16870,1
16871,3
16872,1
16873,4
16874,0
16875,0
16876,0
16877,2
16878,3
16879,3
16880,2
16881,3
16882,1
16883,0
16884,0
16885,3
16886,0
16887,4
16888,3
16889,2
16890,3
16891,3
16892,0
16893,4
16894,1
16895,1
16896,3
16897,2
16898,0
16899,0
16900,0
16901,0
16902,0
16903,4
16904,0
16905,4
16906,3
16907,3
16908,4
16909,0
16910,3
16911,0
16912,1
16913,0
16914,0
16915,5
16916,1
16917,0
16918,2
16919,0
16920,0
16921,4
16922,0
16923,4
16924,3
16925,1
16926,1
16927,1
16928,3
16929,0
16930,4
16931,3
16932,1
16933,4
16934,3
16935,3
16936,5
16937,0
16938,4
16939,0
16940,4
16941,1
16942,3
16943,3
16944,3
16945,0
16946,0
16947,4
16948,3
16949,0
16950,3
16951,1
16952,0
16953,3
16954,4
16955,4
16956,1
16957,0
16958,3
16959,2
16960,0
16961,1
16962,1
16963,2
16964,3
16965,4
16966,1
16967,1
16968,4
16969,0
16970,4
16971,1
16972,0
16973,3
16974,0
16975,0
16976,1
16977,1
16978,1
16979,3
16980,1
16981,3
16982,1
16983,1
16984,3
16985,1
16986,0
16987,1
16988,5
16989,0
16990,3
16991,3
16992,1
16993,3
16994,1
16995,3
16996,3
16997,0
16998,0
16999,1
17000,3
17001,0
17002,1
17003,1
17004,1
17005,3
17006,3
17007,3
17008,0
17009,0
17010,1
17011,3
17012,1
17013,1
17014,0
17015,3
17016,0
17017,3
17018,3
17019,1
17020,1
17021,1
17022,1
17023,5
17024,4
17025,3
17026,3
17027,3
17028,1
17029,0
17030,0
17031,1
17032,3
17033,0
17034,3
17035,3
17036,1
17037,1
17038,0
17039,3
17040,3
17041,4
17042,3
17043,3
17044,1
17045,1
17046,5
17047,0
17048,1
17049,4
17050,1
17051,3
17052,0
17053,0
17054,1
17055,4
17056,1
17057,5
17058,5
17059,0
17060,0
17061,1
17062,0
17063,0
17064,0
17065,1
17066,3
17067,1
17068,0
17069,2
17070,2
17071,3
17072,4
17073,1
17074,3
17075,3
17076,0
17077,0
17078,0
17079,1
17080,1
17081,3
17082,1
17083,1
17084,4
17085,1
17086,3
17087,3
17088,0
17089,3
17090,1
17091,2
17092,4
17093,3
17094,5
17095,4
17096,1
17097,2
17098,3
17099,0
17100,4
17101,3
17102,3
17103,1
17104,0
17105,3
17106,0
17107,3
17108,0
17109,0
17110,0
17111,3
17112,0
17113,3
17114,0
17115,1
17116,1
17117,3
17118,1
17119,1
17120,0
17121,0
17122,4
17123,1
17124,3
17125,1
17126,1
17127,0
17128,3
17129,1
17130,2
17131,1
17132,4
17133,0
17134,1
17135,1
17136,0
17137,0
17138,3
17139,0
17140,3
17141,4
17142,0
17143,1
17144,1
17145,1
17146,1
17147,0
17148,3
17149,1
17150,1
17151,3
17152,2
17153,5
17154,1
17155,3
17156,3
17157,1
17158,0
17159,0
17160,0
17161,4
17162,1
17163,3
17164,0
17165,1
17166,1
17167,3
17168,1
17169,0
17170,3
17171,1
17172,3
17173,1
17174,3
17175,0
17176,0
17177,1
17178,0
17179,2
17180,4
17181,3
17182,3
17183,1
17184,0
17185,1
17186,1
17187,3
17188,1
17189,2
17190,1
17191,3
17192,4
17193,1
17194,3
17195,1
17196,1
17197,0
17198,1
17199,3
17200,0
17201,2
17202,3
17203,3
17204,0
17205,3
17206,1
17207,2
17208,3
17209,0
17210,0
17211,3
17212,0
17213,1
17214,3
17215,3
17216,0
17217,1
17218,3
17219,5
17220,3
17221,4
17222,4
17223,4
17224,3
17225,3
17226,4
17227,0
17228,3
17229,3
17230,0
17231,0
17232,1
17233,0
17234,1
17235,1
17236,3
17237,3
17238,0
17239,3
17240,2
17241,1
17242,0
17243,4
17244,0
17245,1
17246,4
17247,3
17248,0
17249,3
17250,3
17251,1
17252,3
17253,1
17254,3
17255,1
17256,0
17257,4
17258,0
17259,1
17260,0
17261,3
17262,4
17263,0
17264,1
17265,3
17266,0
17267,3
17268,1
17269,3
17270,0
17271,1
17272,0
17273,3
17274,0
17275,1
17276,0
17277,0
17278,0
17279,0
17280,1
17281,3
17282,1
17283,5
17284,3
17285,1
17286,1
17287,4
17288,3
17289,3
17290,1
17291,0
17292,3
17293,3
17294,1
17295,0
17296,0
17297,1
17298,3
17299,1
17300,1
17301,1
17302,3
17303,3
17304,3
17305,0
17306,0
17307,0
17308,0
17309,4
17310,3
17311,1
17312,3
17313,1
17314,3
17315,0
17316,0
17317,0
17318,4
17319,1
17320,0
17321,1
17322,0
17323,3
17324,4
17325,3
17326,0
17327,0
17328,4
17329,5
17330,0
17331,3
17332,4
17333,1
17334,1
17335,0
17336,3
17337,0
17338,4
17339,0
17340,0
17341,3
17342,3
17343,4
17344,4
17345,1
17346,0
17347,0
17348,0
17349,2
17350,0
17351,0
17352,4
17353,3
17354,4
17355,0
17356,4
17357,2
17358,3
17359,1
17360,4
17361,1
17362,5
17363,3
17364,4
17365,1
17366,0
17367,3
17368,3
17369,0
17370,0
17371,1
17372,1
17373,3
17374,3
17375,0
17376,1
17377,0
17378,1
17379,3
17380,0
17381,2
17382,4
17383,3
17384,2
17385,1
17386,4
17387,0
17388,3
17389,0
17390,1
17391,1
17392,4
17393,4
17394,3
17395,3
17396,3
17397,3
17398,3
17399,1
17400,0
17401,1
17402,4
17403,1
17404,4
17405,0
17406,2
17407,4
17408,0
17409,4
17410,5
17411,1
17412,1
17413,1
17414,1
17415,4
17416,3
17417,3
17418,1
17419,1
17420,3
17421,0
17422,4
17423,3
17424,3
17425,1
17426,0
17427,3
17428,1
17429,4
17430,4
17431,0
17432,1
17433,0
17434,1
17435,4
17436,0
17437,0
17438,3
17439,3
17440,3
17441,0
17442,1
17443,3
17444,1
17445,0
17446,2
17447,3
17448,0
17449,0
17450,0
17451,1
17452,3
17453,4
17454,1
17455,1
17456,1
17457,3
17458,3
17459,3
17460,4
17461,0
17462,1
17463,1
17464,3
17465,4
17466,0
17467,0
17468,0
17469,4
17470,0
17471,0
17472,1
17473,2
17474,0
17475,2
17476,2
17477,1
17478,4
17479,3
17480,1
17481,1
17482,3
17483,1
17484,3
17485,1
17486,4
17487,1
17488,3
17489,1
17490,1
17491,1
17492,4
17493,4
17494,1
17495,1
17496,0
17497,3
17498,0
17499,1
17500,2
17501,1
17502,0
17503,1
17504,1
17505,3
17506,0
17507,4
17508,0
17509,0
17510,3
17511,1
17512,0
17513,0
17514,0
17515,0
17516,3
17517,1
17518,3
17519,1
17520,1
17521,0
17522,1
17523,1
17524,0
17525,0
17526,0
17527,4
17528,3
17529,0
17530,1
17531,0
17532,0
17533,0
17534,4
17535,4
17536,1
17537,4
17538,2
17539,1
17540,0
17541,4
17542,4
17543,1
17544,3
17545,1
17546,1
17547,3
17548,0
17549,3
17550,0
17551,1
17552,1
17553,3
17554,3
17555,1
17556,1
17557,1
17558,0
17559,3
17560,3
17561,2
17562,3
17563,0
17564,3
17565,3
17566,0
17567,4
17568,3
17569,3
17570,0
17571,3
17572,0
17573,3
17574,3
17575,4
17576,0
17577,1
17578,0
17579,1
17580,1
17581,1
17582,1
17583,3
17584,3
17585,3
17586,3
17587,0
17588,5
17589,0
17590,1
17591,4
17592,1
17593,0
17594,1
17595,1
17596,0
17597,1
17598,0
17599,2
17600,3
17601,4
17602,4
17603,4
17604,3
17605,3
17606,0
17607,1
17608,4
17609,3
17610,0
17611,1
17612,1
17613,0
17614,0
17615,4
17616,3
17617,0
17618,3
17619,1
17620,1
17621,3
17622,3
17623,1
17624,0
17625,0
17626,3
17627,0
17628,1
17629,1
17630,0
17631,3
17632,3
17633,0
17634,3
17635,3
17636,1
17637,1
17638,3
17639,4
17640,1
17641,1
17642,3
17643,0
17644,0
17645,3
17646,0
17647,0
17648,0
17649,0
17650,3
17651,0
17652,1
17653,3
17654,1
17655,0
17656,0
17657,3
17658,1
17659,0
17660,3
17661,1
17662,0
17663,0
17664,3
17665,3
17666,1
17667,4
17668,0
17669,3
17670,1
17671,3
17672,1
17673,1
17674,1
17675,0
17676,0
17677,1
17678,0
17679,4
17680,3
17681,0
17682,1
17683,1
17684,3
17685,1
17686,1
17687,0
17688,1
17689,1
17690,1
17691,3
17692,0
17693,3
17694,1
17695,1
17696,3
17697,3
17698,2
17699,1
17700,3
17701,3
17702,0
17703,1
17704,3
17705,0
17706,3
17707,1
17708,5
17709,1
17710,3
17711,1
17712,1
17713,3
17714,1
17715,3
17716,4
17717,0
17718,1
17719,1
17720,2
17721,5
17722,3
17723,4
17724,0
17725,3
17726,1
17727,4
17728,1
17729,2
17730,4
17731,3
17732,1
17733,0
17734,3
17735,1
17736,0
17737,3
17738,1
17739,3
17740,1
17741,0
17742,3
17743,3
17744,1
17745,1
17746,0
17747,3
17748,4
17749,0
17750,0
17751,1
17752,1
17753,0
17754,1
17755,3
17756,1
17757,3
17758,5
17759,0
17760,1
17761,3
17762,0
17763,0
17764,1
17765,5
17766,3
17767,0
17768,4
17769,1
17770,0
17771,3
17772,4
17773,0
17774,1
17775,0
17776,5
17777,3
17778,1
17779,3
17780,3
17781,0
17782,0
17783,4
17784,0
17785,3
17786,1
17787,1
17788,2
17789,3
17790,1
17791,1
17792,3
17793,0
17794,1
17795,4
17796,0
17797,1
17798,3
17799,0
17800,2
17801,1
17802,0
17803,0
17804,0
17805,3
17806,1
17807,4
17808,3
17809,0
17810,0
17811,3
17812,3
17813,0
17814,1
17815,3
17816,3
17817,3
17818,3
17819,3
17820,1
17821,3
17822,0
17823,0
17824,1
17825,3
17826,1
17827,4
17828,3
17829,4
17830,3
17831,0
17832,1
17833,0
17834,2
17835,0
17836,3
17837,1
17838,0
17839,3
17840,3
17841,0
17842,0
17843,3
17844,0
17845,1
17846,3
17847,3
17848,1
17849,3
17850,4
17851,3
17852,3
17853,1
17854,3
17855,3
17856,4
17857,1
17858,3
17859,3
17860,4
17861,0
17862,0
17863,3
17864,3
17865,1
17866,1
17867,3
17868,3
17869,0
17870,1
17871,1
17872,0
17873,4
17874,1
17875,3
17876,0
17877,3
17878,4
17879,0
17880,0
17881,4
17882,1
17883,1
17884,4
17885,0
17886,4
17887,0
17888,2
17889,1
17890,1
17891,1
17892,5
17893,3
17894,0
17895,0
17896,3
17897,5
17898,4
17899,0
17900,0
17901,4
17902,1
17903,3
17904,0
17905,0
17906,3
17907,4
17908,0
17909,3
17910,1
17911,1
17912,3
17913,1
17914,1
17915,4
17916,1
17917,4
17918,3
17919,4
17920,3
17921,1
17922,0
17923,1
17924,2
17925,0
17926,1
17927,0
17928,2
17929,0
17930,3
17931,0
17932,1
17933,0
17934,3
17935,0
17936,3
17937,3
17938,3
17939,3
17940,2
17941,4
17942,0
17943,4
17944,3
17945,1
17946,0
17947,3
17948,4
17949,4
17950,3
17951,1
17952,3
17953,4
17954,3
17955,0
17956,1
17957,3
17958,3
17959,3
17960,1
17961,1
17962,0
17963,2
17964,3
17965,2
17966,4
17967,1
17968,3
17969,1
17970,4
17971,0
17972,0
17973,0
17974,0
17975,1
17976,3
17977,3
17978,0
17979,1
17980,0
17981,0
17982,3
17983,1
17984,1
17985,1
17986,0
17987,1
17988,0
17989,2
17990,1
17991,1
17992,1
17993,4
17994,2
17995,3
17996,3
17997,3
17998,1
17999,4
18000,3
18001,3
18002,0
18003,1
18004,1
18005,0
18006,0
18007,0
18008,1
18009,3
18010,0
18011,0
18012,1
18013,3
18014,0
18015,4
18016,1
18017,3
18018,4
18019,1
18020,4
18021,3
18022,4
18023,0
18024,0
18025,3
18026,2
18027,3
18028,1
18029,3
18030,3
18031,4
18032,0
18033,4
18034,4
18035,1
18036,3
18037,3
18038,4
18039,1
18040,0
18041,4
18042,3
18043,0
18044,1
18045,3
18046,2
18047,1
18048,4
18049,1
18050,1
18051,1
18052,3
18053,0
18054,4
18055,0
18056,3
18057,0
18058,0
18059,3
18060,1
18061,1
18062,3
18063,4
18064,1
18065,3
18066,3
18067,5
18068,3
18069,1
18070,1
18071,4
18072,3
18073,1
18074,1
18075,0
18076,1
18077,0
18078,0
18079,2
18080,4
18081,3
18082,0
18083,3
18084,0
18085,3
18086,4
18087,3
18088,3
18089,0
18090,1
18091,3
18092,1
18093,3
18094,1
18095,1
18096,3
18097,1
18098,3
18099,0
18100,0
18101,1
18102,0
18103,1
18104,3
18105,2
18106,1
18107,0
18108,3
18109,1
18110,1
18111,3
18112,3
18113,2
18114,0
18115,3
18116,1
18117,3
18118,4
18119,1
18120,5
18121,1
18122,3
18123,1
18124,1
18125,1
18126,1
18127,3
18128,3
18129,0
18130,4
18131,2
18132,1
18133,1
18134,0
18135,3
18136,0
18137,4
18138,0
18139,3
18140,3
18141,0
18142,1
18143,1
18144,3
18145,1
18146,3
18147,1
18148,4
18149,0
18150,3
18151,1
18152,1
18153,3
18154,3
18155,3
18156,4
18157,5
18158,4
18159,1
18160,0
18161,1
18162,1
18163,0
18164,4
18165,0
18166,1
18167,0
18168,1
18169,1
18170,0
18171,1
18172,0
18173,4
18174,1
18175,0
18176,3
18177,3
18178,1
18179,3
18180,3
18181,0
18182,3
18183,1
18184,1
18185,0
18186,3
18187,0
18188,4
18189,0
18190,4
18191,1
18192,3
18193,3
18194,2
18195,5
18196,1
18197,0
18198,4
18199,0
18200,1
18201,2
18202,4
18203,0
18204,3
18205,1
18206,1
18207,1
18208,5
18209,3
18210,3
18211,0
18212,0
18213,0
18214,1
18215,1
18216,0
18217,4
18218,4
18219,3
18220,1
18221,3
18222,1
18223,1
18224,3
18225,4
18226,4
18227,0
18228,3
18229,1
18230,3
18231,4
18232,0
18233,0
18234,3
18235,4
18236,0
18237,3
18238,0
18239,3
18240,3
18241,3
18242,3
18243,3
18244,1
18245,0
18246,0
18247,2
18248,5
18249,0
18250,1
18251,1
18252,1
18253,3
18254,3
18255,0
18256,0
18257,3
18258,3
18259,1
18260,0
18261,0
18262,3
18263,3
18264,1
18265,0
18266,1
18267,0
18268,1
18269,3
18270,1
18271,1
18272,3
18273,4
18274,0
18275,3
18276,1
18277,0
18278,1
18279,3
18280,3
18281,3
18282,4
18283,3
18284,2
18285,3
18286,1
18287,0
18288,0
18289,1
18290,0
18291,1
18292,0
18293,2
18294,1
18295,1
18296,0
18297,0
18298,1
18299,5
18300,0
18301,0
18302,3
18303,1
18304,1
18305,3
18306,3
18307,3
18308,0
18309,0
18310,1
18311,1
18312,3
18313,0
18314,3
18315,1
18316,3
18317,0
18318,0
18319,3
18320,0
18321,3
18322,0
18323,1
18324,3
18325,1
18326,3
18327,1
18328,2
18329,3
18330,3
18331,3
18332,3
18333,1
18334,1
18335,1
18336,1
18337,5
18338,3
18339,0
18340,0
18341,1
18342,3
18343,0
18344,3
18345,3
18346,0
18347,0
18348,3
18349,1
18350,1
18351,3
18352,3
18353,1
18354,1
18355,0
18356,1
18357,5
18358,3
18359,3
18360,0
18361,3
18362,3
18363,2
18364,0
18365,3
18366,0
18367,3
18368,0
18369,0
18370,1
18371,3
18372,1
18373,1
18374,1
18375,0
18376,1
18377,0
18378,3
18379,3
18380,1
18381,0
18382,3
18383,0
18384,0
18385,0
18386,2
18387,0
18388,0
18389,1
18390,4
18391,0
18392,3
18393,3
18394,0
18395,1
18396,1
18397,3
18398,3
18399,0
18400,4
18401,3
18402,1
18403,3
18404,0
18405,3
18406,1
18407,0
18408,3
18409,0
18410,4
18411,1
18412,0
18413,1
18414,0
18415,4
18416,1
18417,3
18418,3
18419,3
18420,1
18421,3
18422,1
18423,5
18424,1
18425,4
18426,0
18427,3
18428,5
18429,1
18430,0
18431,4
18432,2
18433,0
18434,4
18435,1
18436,0
18437,1
18438,1
18439,1
18440,1
18441,4
18442,1
18443,0
18444,0
18445,1
18446,1
18447,1
18448,3
18449,3
18450,3
18451,2
18452,1
18453,1
18454,2
18455,1
18456,1
18457,0
18458,3
18459,1
18460,4
18461,4
18462,0
18463,0
18464,3
18465,0
18466,1
18467,0
18468,3
18469,1
18470,1
18471,1
18472,3
18473,1
18474,0
18475,0
18476,0
18477,2
18478,3
18479,1
18480,1
18481,3
18482,0
18483,3
18484,4
18485,4
18486,0
18487,1
18488,0
18489,0
18490,3
18491,4
18492,1
18493,0
18494,3
18495,1
18496,3
18497,0
18498,3
18499,1
18500,1
18501,5
18502,0
18503,3
18504,1
18505,3
18506,1
18507,0
18508,5
18509,0
18510,0
18511,3
18512,3
18513,3
18514,2
18515,3
18516,1
18517,3
18518,1
18519,1
18520,3
18521,3
18522,0
18523,0
18524,3
18525,0
18526,4
18527,3
18528,3
18529,0
18530,0
18531,1
18532,0
18533,1
18534,0
18535,3
18536,3
18537,1
18538,1
18539,0
18540,5
18541,3
18542,3
18543,3
18544,0
18545,0
18546,5
18547,3
18548,4
18549,1
18550,0
18551,4
18552,2
18553,3
18554,0
18555,1
18556,3
18557,3
18558,1
18559,3
18560,0
18561,3
18562,3
18563,4
18564,0
18565,1
18566,3
18567,3
18568,3
18569,0
18570,4
18571,0
18572,1
18573,0
18574,4
18575,3
18576,4
18577,2
18578,3
18579,1
18580,3
18581,1
18582,0
18583,3
18584,0
18585,0
18586,3
18587,3
18588,1
18589,3
18590,4
18591,3
18592,3
18593,1
18594,1
18595,1
18596,3
18597,4
18598,3
18599,1
18600,3
18601,1
18602,3
18603,0
18604,3
18605,4
18606,0
18607,0
18608,1
18609,0
18610,3
18611,1
18612,0
18613,5
18614,0
18615,3
18616,0
18617,4
18618,3
18619,3
18620,4
18621,0
18622,0
18623,3
18624,1
18625,0
18626,0
18627,0
18628,3
18629,3
18630,0
18631,4
18632,3
18633,0
18634,4
18635,3
18636,4
18637,3
18638,2
18639,3
18640,3
18641,3
18642,0
18643,3
18644,3
18645,0
18646,0
18647,0
18648,3
18649,3
18650,3
18651,2
18652,3
18653,1
18654,1
18655,3
18656,3
18657,3
18658,0
18659,4
18660,3
18661,0
18662,3
18663,0
18664,3
18665,3
18666,1
18667,0
18668,3
18669,3
18670,2
18671,1
18672,0
18673,0
18674,0
18675,4
18676,4
18677,2
18678,2
18679,4
18680,5
18681,3
18682,3
18683,1
18684,1
18685,1
18686,1
18687,1
18688,0
18689,4
18690,0
18691,2
18692,3
18693,0
18694,2
18695,4
18696,3
18697,0
18698,0
18699,1
18700,4
18701,3
18702,3
18703,4
18704,1
18705,0
18706,1
18707,3
18708,0
18709,0
18710,3
18711,0
18712,4
18713,0
18714,0
18715,0
18716,5
18717,1
18718,3
18719,3
18720,0
18721,0
18722,0
18723,1
18724,0
18725,3
18726,1
18727,3
18728,1
18729,1
18730,1
18731,3
18732,1
18733,4
18734,1
18735,3
18736,4
18737,1
18738,1
18739,0
18740,4
18741,3
18742,3
18743,3
18744,1
18745,0
18746,3
18747,4
18748,0
18749,1
18750,3
18751,1
18752,3
18753,1
18754,1
18755,1
18756,3
18757,0
18758,3
18759,0
18760,3
18761,3
18762,0
18763,2
18764,0
18765,1
18766,0
18767,1
18768,4
18769,1
18770,3
18771,1
18772,3
18773,2
18774,3
18775,3
18776,3
18777,0
18778,3
18779,0
18780,3
18781,2
18782,0
18783,2
18784,1
18785,3
18786,0
18787,0
18788,3
18789,1
18790,0
18791,1
18792,3
18793,0
18794,0
18795,3
18796,0
18797,4
18798,3
18799,0
18800,1
18801,3
18802,3
18803,3
18804,3
18805,0
18806,1
18807,0
18808,3
18809,4
18810,1
18811,3
18812,2
18813,3
18814,0
18815,4
18816,0
18817,0
18818,3
18819,1
18820,0
18821,0
18822,0
18823,1
18824,3
18825,3
18826,0
18827,1
18828,3
18829,1
18830,3
18831,3
18832,0
18833,3
18834,0
18835,5
18836,3
18837,0
18838,3
18839,3
18840,2
18841,0
18842,1
18843,1
18844,0
18845,0
18846,3
18847,0
18848,3
18849,2
18850,1
18851,1
18852,0
18853,0
18854,1
18855,0
18856,1
18857,1
18858,3
18859,3
18860,3
18861,1
18862,3
18863,1
18864,3
18865,3
18866,3
18867,1
18868,0
18869,4
18870,1
18871,0
18872,1
18873,3
18874,3
18875,3
18876,3
18877,2
18878,1
18879,1
18880,3
18881,3
18882,3
18883,0
18884,1
18885,1
18886,3
18887,3
18888,1
18889,0
18890,3
18891,4
18892,1
18893,1
18894,1
18895,3
18896,1
18897,0
18898,1
18899,1
18900,1
18901,5
18902,0
18903,3
18904,1
18905,0
18906,3
18907,1
18908,0
18909,3
18910,4
18911,0
18912,1
18913,1
18914,3
18915,1
18916,1
18917,4
18918,3
18919,5
18920,0
18921,4
18922,0
18923,2
18924,3
18925,3
18926,0
18927,3
18928,1
18929,3
18930,3
18931,1
18932,3
18933,0
18934,4
18935,3
18936,2
18937,4
18938,3
18939,1
18940,0
18941,1
18942,5
18943,0
18944,1
18945,3
18946,3
18947,0
18948,3
18949,3
18950,1
18951,3
18952,0
18953,1
18954,3
18955,4
18956,0
18957,4
18958,2
18959,0
18960,3
18961,3
18962,1
18963,3
18964,3
18965,1
18966,0
18967,1
18968,0
18969,4
18970,4
18971,1
18972,3
18973,0
18974,4
18975,3
18976,1
18977,1
18978,3
18979,3
18980,1
18981,0
18982,2
18983,1
18984,1
18985,3
18986,0
18987,3
18988,3
18989,3
18990,0
18991,1
18992,0
18993,0
18994,4
18995,3
18996,0
18997,1
18998,0
18999,1
19000,0
19001,3
19002,0
19003,0
19004,3
19005,3
19006,1
19007,0
19008,1
19009,0
19010,3
19011,0
19012,1
19013,1
19014,3
19015,4
19016,0
19017,3
19018,1
19019,3
19020,0
19021,1
19022,3
19023,0
19024,0
19025,3
19026,1
19027,1
19028,3
19029,0
19030,2
19031,5
19032,0
19033,1
19034,1
19035,0
19036,1
19037,1
19038,1
19039,0
19040,0
19041,0
19042,3
19043,3
19044,3
19045,3
19046,1
19047,0
19048,3
19049,4
19050,3
19051,0
19052,3
19053,4
19054,2
19055,0
19056,1
19057,1
19058,1
19059,3
19060,0
19061,0
19062,5
19063,3
19064,1
19065,1
19066,0
19067,1
19068,0
19069,1
19070,1
19071,5
19072,4
19073,1
19074,2
19075,0
19076,1
19077,0
19078,3
19079,0
19080,1
19081,4
19082,2
19083,3
19084,3
19085,1
19086,4
19087,1
19088,3
19089,1
19090,3
19091,3
19092,0
19093,1
19094,0
19095,0
19096,0
19097,3
19098,3
19099,0
19100,0
19101,3
19102,1
19103,3
19104,4
19105,1
19106,3
19107,0
19108,1
19109,3
19110,4
19111,0
19112,0
19113,3
19114,3
19115,3
19116,4
19117,4
19118,3
19119,1
19120,1
19121,3
19122,1
19123,0
19124,3
19125,3
19126,3
19127,1
19128,4
19129,0
19130,0
19131,0
19132,3
19133,0
19134,3
19135,3
19136,1
19137,4
19138,3
19139,0
19140,2
19141,4
19142,3
19143,4
19144,0
19145,5
19146,1
19147,4
19148,3
19149,2
19150,0
19151,3
19152,4
19153,3
19154,0
19155,3
19156,0
19157,0
19158,3
19159,3
19160,3
19161,3
19162,0
19163,1
19164,3
19165,1
19166,3
19167,0
19168,4
19169,1
19170,3
19171,1
19172,1
19173,1
19174,0
19175,1
19176,2
19177,1
19178,3
19179,0
19180,0
19181,3
19182,1
19183,4
19184,1
19185,3
19186,0
19187,0
19188,3
19189,4
19190,0
19191,0
19192,1
19193,3
19194,1
19195,4
19196,1
19197,1
19198,2
19199,1
19200,1
19201,3
19202,3
19203,1
19204,1
19205,1
19206,1
19207,3
19208,0
19209,4
19210,1
19211,3
19212,4
19213,4
19214,3
19215,1
19216,0
19217,3
19218,1
19219,1
19220,0
19221,4
19222,3
19223,0
19224,3
19225,1
19226,1
19227,3
19228,1
19229,3
19230,0
19231,3
19232,1
19233,1
19234,3
19235,0
19236,3
19237,1
19238,3
19239,3
19240,4
19241,1
19242,0
19243,4
19244,3
19245,0
19246,1
19247,0
19248,3
19249,0
19250,4
19251,1
19252,1
19253,0
19254,1
19255,2
19256,3
19257,1
19258,4
19259,1
19260,1
19261,3
19262,0
19263,2
19264,3
19265,1
19266,3
19267,0
19268,1
19269,0
19270,1
19271,1
19272,0
19273,3
19274,3
19275,0
19276,3
19277,4
19278,3
19279,1
19280,3
19281,0
19282,3
19283,1
19284,3
19285,3
19286,0
19287,0
19288,0
19289,3
19290,3
19291,1
19292,3
19293,1
19294,3
19295,4
19296,4
19297,1
19298,1
19299,3
19300,0
19301,1
19302,3
19303,1
19304,0
19305,4
19306,1
19307,0
19308,0
19309,3
19310,0
19311,1
19312,3
19313,1
19314,0
19315,0
19316,0
19317,3
19318,3
19319,1
19320,4
19321,4
19322,4
19323,1
19324,1
19325,4
19326,0
19327,0
19328,0
19329,4
19330,3
19331,1
19332,0
19333,1
19334,1
19335,1
19336,4
19337,1
19338,4
19339,3
19340,0
19341,1
19342,0
19343,3
19344,3
19345,1
19346,3
19347,3
19348,0
19349,3
19350,1
19351,4
19352,4
19353,2
19354,0
19355,0
19356,1
19357,1
19358,0
19359,3
19360,4
19361,4
19362,3
19363,3
19364,0
19365,3
19366,1
19367,0
19368,3
19369,0
19370,1
19371,3
19372,1
19373,3
19374,2
19375,1
19376,0
19377,0
19378,3
19379,1
19380,0
19381,3
19382,3
19383,3
19384,0
19385,0
19386,0
19387,0
19388,4
19389,1
19390,3
19391,1
19392,3
19393,3
19394,0
19395,4
19396,1
19397,1
19398,0
19399,4
19400,3
19401,0
19402,1
19403,0
19404,4
19405,1
19406,0
19407,3
19408,3
19409,0
19410,1
19411,1
19412,3
19413,0
19414,1
19415,3
19416,1
19417,2
19418,4
19419,4
19420,3
19421,2
19422,4
19423,1
19424,0
19425,3
19426,1
19427,3
19428,0
19429,0
19430,3
19431,3
19432,4
19433,0
19434,3
19435,4
19436,3
19437,1
19438,0
19439,0
19440,1
19441,0
19442,0
19443,1
19444,1
19445,0
19446,1
19447,3
19448,4
19449,0
19450,1
19451,0
19452,3
19453,4
19454,4
19455,1
19456,3
19457,1
19458,3
19459,4
19460,4
19461,0
19462,3
19463,3
19464,1
19465,1
19466,2
19467,1
19468,1
19469,1
19470,1
19471,3
19472,0
19473,3
19474,1
19475,3
19476,0
19477,1
19478,1
19479,1
19480,1
19481,1
19482,3
19483,1
19484,1
19485,3
19486,3
19487,1
19488,3
19489,3
19490,0
19491,1
19492,1
19493,1
19494,1
19495,1
19496,3
19497,0
19498,4
19499,4
19500,0
19501,4
19502,1
19503,2
19504,4
19505,1
19506,3
19507,3
19508,4
19509,1
19510,0
19511,4
19512,4
19513,1
19514,0
19515,0
19516,3
19517,1
19518,0
19519,1
19520,3
19521,1
19522,0
19523,0
19524,4
19525,1
19526,3
19527,1
19528,0
19529,0
19530,5
19531,3
19532,0
19533,0
19534,1
19535,3
19536,3
19537,1
19538,3
19539,4
19540,1
19541,0
19542,4
19543,1
19544,1
19545,1
19546,3
19547,3
19548,5
19549,1
19550,4
19551,1
19552,3
19553,3
19554,1
19555,0
19556,1
19557,3
19558,2
19559,3
19560,0
19561,1
19562,1
19563,1
19564,0
19565,3
19566,3
19567,3
19568,1
19569,0
19570,1
19571,4
19572,0
19573,4
19574,3
19575,0
19576,0
19577,1
19578,1
19579,0
19580,1
19581,0
19582,1
19583,2
19584,0
19585,1
19586,3
19587,3
19588,4
19589,3
19590,3
19591,0
19592,3
19593,3
19594,1
19595,3
19596,3
19597,0
19598,1
19599,2
19600,3
19601,3
19602,4
19603,4
19604,4
19605,0
19606,3
19607,3
19608,4
19609,1
19610,1
19611,1
19612,3
19613,0
19614,1
19615,1
19616,0
19617,2
19618,3
19619,4
19620,3
19621,3
19622,3
19623,0
19624,0
19625,3
19626,1
19627,1
19628,1
19629,0
19630,3
19631,2
19632,4
19633,3
19634,2
19635,0
19636,3
19637,4
19638,1
19639,3
19640,3
19641,1
19642,0
19643,2
19644,3
19645,0
19646,1
19647,3
19648,3
19649,1
19650,0
19651,3
19652,1
19653,0
19654,4
19655,3
19656,3
19657,3
19658,3
19659,4
19660,3
19661,0
19662,3
19663,0
19664,3
19665,4
19666,3
19667,1
19668,3
19669,1
19670,1
19671,0
19672,3
19673,3
19674,1
19675,3
19676,3
19677,1
19678,0
19679,5
19680,3
19681,1
19682,0
19683,3
19684,0
19685,1
19686,0
19687,3
19688,0
19689,0
19690,0
19691,2
19692,3
19693,3
19694,3
19695,4
19696,1
19697,0
19698,4
19699,1
19700,4
19701,1
19702,3
19703,4
19704,0
19705,0
19706,4
19707,3
19708,3
19709,3
19710,0
19711,5
19712,4
19713,0
19714,0
19715,1
19716,3
19717,1
19718,3
19719,3
19720,0
19721,3
19722,3
19723,3
19724,3
19725,3
19726,3
19727,0
19728,3
19729,2
19730,3
19731,2
19732,1
19733,0
19734,3
19735,0
19736,1
19737,3
19738,3
19739,3
19740,2
19741,1
19742,3
19743,3
19744,3
19745,3
19746,1
19747,3
19748,0
19749,3
19750,0
19751,1
19752,3
19753,0
19754,0
19755,4
19756,3
19757,1
19758,0
19759,4
19760,3
19761,1
19762,3
19763,1
19764,3
19765,3
19766,1
19767,3
19768,1
19769,1
19770,3
19771,3
19772,2
19773,0
19774,1
19775,3
19776,0
19777,5
19778,3
19779,0
19780,3
19781,0
19782,3
19783,4
19784,1
19785,2
19786,3
19787,0
19788,3
19789,1
19790,4
19791,0
19792,1
19793,5
19794,3
19795,4
19796,0
19797,2
19798,0
19799,1
19800,1
19801,3
19802,4
19803,1
19804,3
19805,3
19806,3
19807,3
19808,4
19809,1
19810,2
19811,0
19812,3
19813,3
19814,1
19815,3
19816,0
19817,3
19818,0
19819,1
19820,3
19821,0
19822,1
19823,1
19824,1
19825,3
19826,1
19827,1
19828,2
19829,0
19830,0
19831,3
19832,3
19833,1
19834,2
19835,1
19836,0
19837,4
19838,4
19839,2
19840,4
19841,0
19842,0
19843,1
19844,3
19845,3
19846,0
19847,0
19848,3
19849,3
19850,0
19851,3
19852,0
19853,3
19854,0
19855,1
19856,2
19857,0
19858,2
19859,1
19860,0
19861,4
19862,3
19863,3
19864,3
19865,1
19866,4
19867,3
19868,0
19869,0
19870,3
19871,1
19872,3
19873,3
19874,1
19875,3
19876,1
19877,3
19878,0
19879,1
19880,0
19881,1
19882,0
19883,0
19884,3
19885,1
19886,1
19887,3
19888,0
19889,4
19890,2
19891,3
19892,3
19893,1
19894,1
19895,0
19896,3
19897,3
19898,2
19899,4
19900,1
19901,3
19902,1
19903,4
19904,3
19905,3
19906,3
19907,1
19908,4
19909,3
19910,2
19911,3
19912,0
19913,1
19914,3
19915,0
19916,3
19917,1
19918,0
19919,0
19920,3
19921,3
19922,3
19923,1
19924,3
19925,0
19926,0
19927,0
19928,3
19929,0
19930,2
19931,1
19932,0
19933,3
19934,1
19935,4
19936,1
19937,3
19938,3
19939,0
19940,1
19941,0
19942,5
19943,0
19944,0
19945,0
19946,2
19947,0
19948,0
19949,3
19950,4
19951,2
19952,1
19953,1
19954,1
19955,3
19956,1
19957,1
19958,3
19959,2
19960,3
19961,0
19962,3
19963,1
19964,3
19965,4
19966,3
19967,3
19968,4
19969,4
19970,1
19971,1
19972,1
19973,3
19974,1
19975,4
19976,3
19977,1
19978,0
19979,0
19980,3
19981,3
19982,0
19983,0
19984,0
19985,4
19986,1
19987,1
19988,2
19989,2
19990,3
19991,0
19992,0
19993,3
19994,3
19995,3
19996,3
19997,4
19998,0
19999,0
20000,4
20001,1
20002,3
20003,3
20004,3
20005,0
20006,0
20007,3
20008,0
20009,0
20010,3
20011,1
20012,0
20013,3
20014,3
20015,0
20016,2
20017,3
20018,3
20019,1
20020,0
20021,1
20022,1
20023,1
20024,0
20025,3
20026,3
20027,3
20028,3
20029,3
20030,2
20031,0
20032,1
20033,3
20034,0
20035,0
20036,3
20037,0
20038,2
20039,1
20040,3
20041,1
20042,0
20043,1
20044,3
20045,2
20046,3
20047,0
20048,1
20049,1
20050,0
20051,3
20052,3
20053,1
20054,3
20055,3
20056,4
20057,0
20058,0
20059,1
20060,3
20061,5
20062,0
20063,3
20064,3
20065,1
20066,3
20067,1
20068,1
20069,5
20070,1
20071,3
20072,3
20073,3
20074,3
20075,3
20076,1
20077,0
20078,1
20079,0
20080,4
20081,4
20082,3
20083,5
20084,0
20085,0
20086,1
20087,3
20088,0
20089,0
20090,3
20091,0
20092,0
20093,1
20094,1
20095,0
20096,0
20097,1
20098,3
20099,2
20100,0
20101,3
20102,4
20103,3
20104,1
20105,3
20106,0
20107,4
20108,1
20109,3
20110,3
20111,0
20112,1
20113,3
20114,5
20115,1
20116,3
20117,3
20118,0
20119,3
20120,3
20121,0
20122,0
20123,3
20124,4
20125,3
20126,1
20127,4
20128,2
20129,4
20130,4
20131,0
20132,0
20133,3
20134,3
20135,0
20136,0
20137,0
20138,4
20139,1
20140,3
20141,3
20142,0
20143,2
20144,3
20145,3
20146,0
20147,0
20148,4
20149,3
20150,0
20151,1
20152,0
20153,0
20154,0
20155,4
20156,0
20157,4
20158,1
20159,3
20160,0
20161,3
20162,0
20163,4
20164,3
20165,5
20166,3
20167,3
20168,1
20169,3
20170,4
20171,3
20172,0
20173,3
20174,1
20175,3
20176,3
20177,0
20178,3
20179,0
20180,3
20181,0
20182,2
20183,0
20184,1
20185,4
20186,3
20187,0
20188,1
20189,3
20190,3
20191,1
20192,3
20193,4
20194,0
20195,1
20196,0
20197,3
20198,4
20199,4
20200,0
20201,1
20202,0
20203,1
20204,1
20205,0
20206,3
20207,1
20208,1
20209,0
20210,1
20211,3
20212,2
20213,4
20214,3
20215,1
20216,0
20217,4
20218,5
20219,0
20220,0
20221,1
20222,1
20223,3
20224,1
20225,0
20226,1
20227,0
20228,3
20229,1
20230,0
20231,0
20232,0
20233,2
20234,3
20235,3
20236,3
20237,1
20238,0
20239,0
20240,1
20241,1
20242,4
20243,4
20244,5
20245,3
20246,4
20247,1
20248,4
20249,0
20250,3
20251,3
20252,1
20253,0
20254,1
20255,1
20256,4
20257,3
20258,0
20259,1
20260,0
20261,0
20262,4
20263,1
20264,3
20265,0
20266,0
20267,0
20268,1
20269,0
20270,3
20271,4
20272,3
20273,3
20274,1
20275,4
20276,3
20277,0
20278,0
20279,1
20280,3
20281,3
20282,4
20283,1
20284,3
20285,0
20286,3
20287,3
20288,4
20289,3
20290,3
20291,3
20292,0
20293,3
20294,1
20295,4
20296,3
20297,3
20298,1
20299,5
20300,1
20301,1
20302,4
20303,5
20304,0
20305,0
20306,3
20307,1
20308,4
20309,0
20310,3
20311,1
20312,0
20313,0
20314,3
20315,3
20316,0
20317,1
20318,1
20319,1
20320,0
20321,3
20322,0
20323,1
20324,0
20325,3
20326,0
20327,3
20328,0
20329,3
20330,1
20331,0
20332,4
20333,3
20334,4
20335,1
20336,1
20337,3
20338,1
20339,3
20340,4
20341,3
20342,3
20343,1
20344,3
20345,1
20346,0
20347,3
20348,1
20349,1
20350,1
20351,1
20352,0
20353,3
20354,2
20355,1
20356,3
20357,0
20358,1
20359,0
20360,3
20361,3
20362,3
20363,1
20364,1
20365,0
20366,0
20367,0
20368,1
20369,4
20370,2
20371,3
20372,0
20373,3
20374,3
20375,0
20376,3
20377,4
20378,0
20379,1
20380,2
20381,1
20382,0
20383,0
20384,1
20385,0
20386,4
20387,3
20388,4
20389,3
20390,1
20391,0
20392,3
20393,0
20394,3
20395,1
20396,4
20397,0
20398,4
20399,1
20400,3
20401,5
20402,3
20403,2
20404,1
20405,0
20406,0
20407,1
20408,3
20409,1
20410,1
20411,3
20412,1
20413,1
20414,0
20415,0
20416,3
20417,3
20418,4
20419,4
20420,3
20421,1
20422,3
20423,0
20424,4
20425,3
20426,0
20427,3
20428,1
20429,3
20430,3
20431,4
20432,1
20433,0
20434,3
20435,3
20436,4
20437,1
20438,0
20439,1
20440,1
20441,1
20442,3
20443,0
20444,0
20445,0
20446,3
20447,1
20448,0
20449,0
20450,0
20451,1
20452,1
20453,4
20454,4
20455,0
20456,1
20457,4
20458,1
20459,3
20460,4
20461,3
20462,0
20463,3
20464,3
20465,0
20466,1
20467,3
20468,1
20469,2
20470,1
20471,4
20472,1
20473,0
20474,0
20475,1
20476,1
20477,4
20478,1
20479,3
20480,1
20481,1
20482,3
20483,3
20484,1
20485,3
20486,1
20487,4
20488,1
20489,1
20490,0
20491,4
20492,3
20493,1
20494,2
20495,4
20496,4
20497,0
20498,3
20499,3
20500,1
20501,3
20502,1
20503,0
20504,0
20505,3
20506,1
20507,4
20508,3
20509,0
20510,0
20511,1
20512,3
20513,1
20514,3
20515,3
20516,0
20517,0
20518,0
20519,1
20520,4
20521,3
20522,0
20523,2
20524,0
20525,0
20526,1
20527,1
20528,1
20529,3
20530,0
20531,3
20532,1
20533,0
20534,1
20535,4
20536,0
20537,0
20538,0
20539,0
20540,0
20541,3
20542,0
20543,4
20544,1
20545,1
20546,0
20547,1
20548,2
20549,3
20550,3
20551,1
20552,3
20553,1
20554,3
20555,1
20556,3
20557,1
20558,0
20559,0
20560,4
20561,3
20562,0
20563,1
20564,1
20565,0
20566,3
20567,0
20568,3
20569,0
20570,1
20571,1
20572,3
20573,1
20574,0
20575,3
20576,0
20577,4
20578,0
20579,3
20580,3
20581,3
20582,3
20583,3
20584,0
20585,0
20586,0
20587,2
20588,3
20589,4
20590,3
20591,4
20592,4
20593,0
20594,1
20595,3
20596,1
20597,0
20598,4
20599,0
20600,4
20601,0
20602,3
20603,0
20604,4
20605,4
20606,1
20607,3
20608,0
20609,3
20610,0
20611,3
20612,3
20613,0
20614,2
20615,0
20616,0
20617,4
20618,1
20619,0
20620,0
20621,3
20622,0
20623,3
20624,1
20625,3
20626,0
20627,3
20628,0
20629,1
20630,3
20631,0
20632,3
20633,2
20634,3
20635,0
20636,0
20637,4
20638,3
20639,1
20640,3
20641,3
20642,0
20643,1
20644,0
20645,3
20646,0
20647,0
20648,1
20649,3
20650,1
20651,0
20652,3
20653,4
20654,1
20655,3
20656,3
20657,3
20658,2
20659,3
20660,1
20661,3
20662,1
20663,1
20664,4
20665,3
20666,1
20667,3
20668,3
20669,3
20670,0
20671,3
20672,3
20673,0
20674,3
20675,0
20676,4
20677,3
20678,3
20679,3
20680,4
20681,3
20682,0
20683,3
20684,3
20685,1
20686,0
20687,4
20688,4
20689,1
20690,0
20691,0
20692,3
20693,3
20694,3
20695,3
20696,4
20697,3
20698,3
20699,1
20700,3
20701,1
20702,3
20703,3
20704,3
20705,0
20706,0
20707,4
20708,3
20709,1
20710,3
20711,1
20712,3
20713,1
20714,1
20715,0
20716,0
20717,3
20718,3
20719,2
20720,4
20721,3
20722,5
20723,4
20724,1
20725,4
20726,3
20727,4
20728,1
20729,3
20730,0
20731,3
20732,3
20733,0
20734,0
20735,3
20736,4
20737,1
20738,3
20739,0
20740,4
20741,1
20742,3
20743,4
20744,3
20745,1
20746,3
20747,4
20748,1
20749,0
20750,0
20751,0
20752,4
20753,4
20754,4
20755,3
20756,1
20757,4
20758,2
20759,0
20760,3
20761,1
20762,4
20763,3
20764,3
20765,1
20766,3
20767,1
20768,0
20769,4
20770,0
20771,4
20772,1
20773,2
20774,4
20775,3
20776,2
20777,3
20778,0
20779,0
20780,1
20781,4
20782,3
20783,1
20784,1
20785,3
20786,1
20787,0
20788,4
20789,0
20790,0
20791,1
20792,1
20793,5
20794,4
20795,2
20796,5
20797,0
20798,3
20799,2
20800,0
20801,3
20802,3
20803,0
20804,0
20805,1
20806,1
20807,3
20808,4
20809,1
20810,1
20811,3
20812,0
20813,3
20814,4
20815,3
20816,1
20817,1
20818,1
20819,1
20820,1
20821,1
20822,1
20823,4
20824,1
20825,3
20826,0
20827,4
20828,3
20829,0
20830,0
20831,2
20832,0
20833,1
20834,1
20835,0
20836,0
20837,3
20838,3
20839,3
20840,4
20841,0
20842,3
20843,1
20844,1
20845,0
20846,3
20847,3
20848,4
20849,0
20850,3
20851,2
20852,0
20853,4
20854,1
20855,0
20856,3
20857,0
20858,1
20859,0
20860,1
20861,1
20862,1
20863,2
20864,1
20865,1
20866,0
20867,0
20868,3
20869,0
20870,3
20871,1
20872,1
20873,3
20874,1
20875,0
20876,3
20877,1
20878,3
20879,3
20880,0
20881,0
20882,0
20883,0
20884,0
20885,4
20886,1
20887,3
20888,3
20889,0
20890,4
20891,3
20892,3
20893,1
20894,0
20895,0
20896,4
20897,0
20898,0
20899,3
20900,1
20901,1
20902,3
20903,0
20904,0
20905,4
20906,3
20907,3
20908,0
20909,3
20910,0
20911,1
20912,0
20913,1
20914,0
20915,1
20916,3
20917,0
20918,3
20919,0
20920,1
20921,3
20922,1
20923,3
20924,4
20925,3
20926,0
20927,1
20928,0
20929,3
20930,0
20931,1
20932,0
20933,2
20934,0
20935,4
20936,3
20937,3
20938,3
20939,0
20940,0
20941,3
20942,3
20943,0
20944,4
20945,3
20946,1
20947,4
20948,1
20949,2
20950,3
20951,1
20952,3
20953,0
20954,1
20955,1
20956,1
20957,0
20958,0
20959,1
20960,0
20961,1
20962,3
20963,1
20964,0
20965,3
20966,4
20967,1
20968,1
20969,3
20970,3
20971,3
20972,3
20973,0
20974,2
20975,1
20976,0
20977,1
20978,1
20979,4
20980,3
20981,1
20982,0
20983,0
20984,1
20985,1
20986,1
20987,3
20988,1
20989,3
20990,3
20991,3
20992,3
20993,0
20994,1
20995,3
20996,3
20997,0
20998,0
20999,0
21000,1
21001,1
21002,0
21003,3
21004,3
21005,3
21006,0
21007,0
21008,4
21009,1
21010,1
21011,1
21012,1
21013,2
21014,3
21015,3
21016,1
21017,1
21018,1
21019,0
21020,3
21021,4
21022,0
21023,1
21024,0
21025,0
21026,1
21027,4
21028,4
21029,1
21030,3
21031,0
21032,1
21033,3
21034,2
21035,1
21036,3
21037,0
21038,2
21039,3
21040,4
21041,3
21042,3
21043,4
21044,1
21045,1
21046,3
21047,3
21048,4
21049,3
21050,3
21051,4
21052,3
21053,0
21054,3
21055,3
21056,0
21057,2
21058,3
21059,5
21060,4
21061,0
21062,0
21063,1
21064,0
21065,0
21066,5
21067,1
21068,1
21069,0
21070,3
21071,1
21072,4
21073,3
21074,3
21075,3
21076,4
21077,0
21078,4
21079,1
21080,1
21081,0
21082,4
21083,3
21084,2
21085,3
21086,1
21087,1
21088,3
21089,3
21090,3
21091,1
21092,0
21093,0
21094,3
21095,1
21096,0
21097,3
21098,3
21099,1
21100,3
21101,0
21102,3
21103,3
21104,2
21105,3
21106,0
21107,1
21108,0
21109,4
21110,4
21111,3
21112,3
21113,1
21114,3
21115,2
21116,1
21117,0
21118,0
21119,1
21120,0
21121,0
21122,0
21123,4
21124,4
21125,0
21126,1
21127,0
21128,0
21129,1
21130,0
21131,1
21132,1
21133,3
21134,1
21135,3
21136,0
21137,3
21138,4
21139,3
21140,3
21141,3
21142,1
21143,0
21144,3
21145,1
21146,3
21147,1
21148,3
21149,3
21150,0
21151,1
21152,3
21153,4
21154,3
21155,0
21156,3
21157,1
21158,1
21159,1
21160,2
21161,0
21162,0
21163,0
21164,4
21165,4
21166,3
21167,2
21168,0
21169,3
21170,4
21171,1
21172,1
21173,4
21174,3
21175,0
21176,1
21177,1
21178,0
21179,3
21180,4
21181,1
21182,3
21183,3
21184,0
21185,4
21186,1
21187,3
21188,3
21189,0
21190,4
21191,3
21192,1
21193,2
21194,0
21195,4
21196,1
21197,0
21198,3
21199,3
21200,1
21201,1
21202,0
21203,0
21204,3
21205,0
21206,0
21207,3
21208,3
21209,0
21210,4
21211,1
21212,3
21213,4
21214,3
21215,1
21216,3
21217,1
21218,4
21219,3
21220,0
21221,3
21222,2
21223,0
21224,0
21225,1
21226,4
21227,1
21228,3
21229,1
21230,1
21231,1
21232,4
21233,3
21234,4
21235,3
21236,3
21237,0
21238,5
21239,2
21240,0
21241,3
21242,4
21243,0
21244,3
21245,3
21246,0
21247,3
21248,4
21249,1
21250,2
21251,3
21252,4
21253,3
21254,0
21255,1
21256,3
21257,1
21258,0
21259,0
21260,3
21261,1
21262,3
21263,3
21264,0
21265,1
21266,2
21267,3
21268,3
21269,0
21270,3
21271,3
21272,0
21273,1
21274,4
21275,3
21276,0
21277,1
21278,5
21279,1
21280,0
21281,3
21282,1
21283,3
21284,1
21285,0
21286,4
21287,1
21288,1
21289,3
21290,1
21291,3
21292,0
21293,4
21294,0
21295,4
21296,3
21297,0
21298,1
21299,4
21300,3
21301,2
21302,3
21303,4
21304,5
21305,0
21306,3
21307,0
21308,0
21309,3
21310,3
21311,0
21312,1
21313,0
21314,1
21315,4
21316,2
21317,4
21318,1
21319,0
21320,3
21321,3
21322,1
21323,3
21324,4
21325,3
21326,2
21327,1
21328,1
21329,1
21330,1
21331,3
21332,3
21333,4
21334,0
21335,0
21336,4
21337,3
21338,3
21339,3
21340,3
21341,1
21342,0
21343,4
21344,4
21345,3
21346,3
21347,3
21348,0
21349,3
21350,3
21351,1
21352,0
21353,1
21354,1
21355,4
21356,3
21357,3
21358,2
21359,1
21360,5
21361,4
21362,3
21363,0
21364,0
21365,3
21366,3
21367,0
21368,0
21369,0
21370,4
21371,1
21372,1
21373,3
21374,2
21375,3
21376,3
21377,1
21378,1
21379,0
21380,0
21381,3
21382,3
21383,3
21384,0
21385,0
21386,1
21387,1
21388,1
21389,0
21390,0
21391,0
21392,0
21393,3
21394,3
21395,3
21396,1
21397,1
21398,3
21399,0
21400,0
21401,0
21402,0
21403,1
21404,4
21405,1
21406,3
21407,3
21408,4
21409,1
21410,0
21411,1
21412,0
21413,0
21414,0
21415,0
21416,0
21417,0
21418,3
21419,3
21420,3
21421,1
21422,4
21423,0
21424,0
21425,1
21426,1
21427,3
21428,1
21429,4
21430,1
21431,3
21432,4
21433,3
21434,1
21435,3
21436,3
21437,4
21438,3
21439,3
21440,0
21441,3
21442,1
21443,4
21444,1
21445,4
21446,3
21447,1
21448,1
21449,1
21450,0
21451,3
21452,3
21453,1
21454,0
21455,3
21456,4
21457,3
21458,3
21459,0
21460,1
21461,1
21462,0
21463,0
21464,1
21465,3
21466,3
21467,0
21468,4
21469,1
21470,0
21471,1
21472,4
21473,4
21474,3
21475,5
21476,3
21477,0
21478,0
21479,4
21480,0
21481,0
21482,4
21483,3
21484,1
21485,0
21486,0
21487,1
21488,2
21489,0
21490,0
21491,1
21492,4
21493,3
21494,3
21495,1
21496,0
21497,0
21498,3
21499,1
21500,4
21501,0
21502,1
21503,3
21504,4
21505,3
21506,4
21507,0
21508,3
21509,1
21510,1
21511,0
21512,3
21513,0
21514,0
21515,3
21516,3
21517,0
21518,0
21519,1
21520,1
21521,1
21522,1
21523,1
21524,3
21525,4
21526,5
21527,0
21528,0
21529,1
21530,4
21531,1
21532,3
21533,4
21534,0
21535,1
21536,4
21537,2
21538,4
21539,1
21540,1
21541,4
21542,0
21543,3
21544,1
21545,3
21546,0
21547,0
21548,3
21549,1
21550,0
21551,2
21552,1
21553,3
21554,1
21555,3
21556,0
21557,0
21558,1
21559,3
21560,0
21561,3
21562,1
21563,0
21564,3
21565,3
21566,0
21567,1
21568,3
21569,3
21570,3
21571,0
21572,0
21573,3
21574,3
21575,1
21576,2
21577,3
21578,1
21579,4
21580,2
21581,4
21582,3
21583,1
21584,3
21585,3
21586,3
21587,3
21588,3
21589,0
21590,3
21591,3
21592,0
21593,1
21594,0
21595,2
21596,0
21597,0
21598,0
21599,0
21600,4
21601,3
21602,3
21603,1
21604,0
21605,1
21606,0
21607,1
21608,0
21609,0
21610,0
21611,0
21612,3
21613,4
21614,2
21615,0
21616,1
21617,0
21618,3
21619,2
21620,4
21621,2
21622,3
21623,0
21624,0
21625,4
21626,4
21627,0
21628,3
21629,3
21630,1
21631,4
21632,3
21633,0
21634,0
21635,0
21636,0
21637,2
21638,1
21639,2
21640,0
21641,3
21642,0
21643,2
21644,0
21645,1
21646,3
21647,0
21648,1
21649,1
21650,1
21651,1
21652,0
21653,0
21654,0
21655,3
21656,3
21657,3
21658,1
21659,1
21660,0
21661,3
21662,3
21663,5
21664,3
21665,4
21666,3
21667,0
21668,3
21669,3
21670,0
21671,1
21672,4
21673,4
21674,0
21675,1
21676,0
21677,0
21678,0
21679,4
21680,0
21681,1
21682,3
21683,1
21684,1
21685,1
21686,3
21687,2
21688,4
21689,1
21690,1
21691,0
21692,1
21693,3
21694,1
21695,0
21696,2
21697,3
21698,4
21699,3
21700,1
21701,0
21702,3
21703,4
21704,3
21705,1
21706,3
21707,0
21708,3
21709,0
21710,1
21711,3
21712,1
21713,1
21714,0
21715,0
21716,0
21717,3
21718,0
21719,4
21720,3
21721,4
21722,0
21723,0
21724,1
21725,2
21726,1
21727,4
21728,3
21729,0
21730,0
21731,3
21732,0
21733,3
21734,0
21735,3
21736,1
21737,4
21738,3
21739,1
21740,1
21741,0
21742,0
21743,3
21744,0
21745,3
21746,0
21747,3
21748,0
21749,3
21750,0
21751,5
21752,4
21753,4
21754,0
21755,1
21756,0
21757,3
21758,0
21759,5
21760,1
21761,3
21762,1
21763,1
21764,0
21765,0
21766,3
21767,4
21768,3
21769,3
21770,2
21771,1
21772,1
21773,0
21774,0
21775,1
21776,1
21777,1
21778,5
21779,1
21780,3
21781,5
21782,3
21783,0
21784,3
21785,5
21786,3
21787,1
21788,1
21789,3
21790,1
21791,1
21792,0
21793,4
21794,4
21795,1
21796,3
21797,3
21798,3
21799,0
21800,3
21801,1
21802,1
21803,1
21804,3
21805,0
21806,3
21807,1
21808,1
21809,3
21810,1
21811,0
21812,0
21813,1
21814,0
21815,0
21816,3
21817,3
21818,4
21819,3
21820,3
21821,3
21822,4
21823,4
21824,0
21825,1
21826,1
21827,3
21828,3
21829,1
21830,2
21831,1
21832,3
21833,3
21834,3
21835,1
21836,3
21837,3
21838,0
21839,3
21840,3
21841,3
21842,2
21843,3
21844,3
21845,4
21846,0
21847,4
21848,0
21849,1
21850,0
21851,0
21852,0
21853,1
21854,4
21855,0
21856,0
21857,0
21858,3
21859,1
21860,1
21861,0
21862,0
21863,4
21864,2
21865,4
21866,3
21867,0
21868,3
21869,3
21870,1
21871,1
21872,0
21873,3
21874,3
21875,3
21876,0
21877,0
21878,3
21879,0
21880,4
21881,4
21882,0
21883,3
21884,2
21885,1
21886,3
21887,3
21888,3
21889,1
21890,1
21891,1
21892,0
21893,0
21894,3
21895,3
21896,1
21897,1
21898,3
21899,0
21900,0
21901,5
21902,3
21903,0
21904,0
21905,0
21906,0
21907,0
21908,0
21909,1
21910,3
21911,0
21912,3
21913,4
21914,0
21915,3
21916,4
21917,3
21918,2
21919,3
21920,4
21921,1
21922,0
21923,0
21924,0
21925,1
21926,3
21927,0
21928,0
21929,5
21930,0
21931,3
21932,3
21933,1
21934,3
21935,1
21936,3
21937,4
21938,0
21939,1
21940,0
21941,3
21942,1
21943,0
21944,0
21945,3
21946,2
21947,1
21948,3
21949,3
21950,0
21951,3
21952,1
21953,3
21954,4
21955,0
21956,3
21957,3
21958,4
21959,4
21960,0
21961,3
21962,3
21963,3
21964,0
21965,1
21966,1
21967,4
21968,1
21969,4
21970,3
21971,0
21972,1
21973,3
21974,0
21975,0
21976,3
21977,3
21978,3
21979,3
21980,0
21981,3
21982,1
21983,0
21984,2
21985,3
21986,0
21987,2
21988,0
21989,0
21990,1
21991,4
21992,1
21993,4
21994,4
21995,3
21996,1
21997,3
21998,3
21999,3
22000,3
22001,1
22002,4
22003,4
22004,3
22005,0
22006,3
22007,1
22008,1
22009,3
22010,0
22011,0
22012,1
22013,3
22014,4
22015,2
22016,3
22017,3
22018,2
22019,3
22020,0
22021,3
22022,3
22023,3
22024,2
22025,2
22026,0
22027,1
22028,3
22029,0
22030,0
22031,5
22032,3
22033,4
22034,1
22035,1
22036,1
22037,1
22038,0
22039,3
22040,3
22041,3
22042,3
22043,1
22044,0
22045,1
22046,0
22047,0
22048,1
22049,0
22050,4
22051,1
22052,1
22053,3
22054,3
22055,1
22056,4
22057,3
22058,3
22059,0
22060,5
22061,4
22062,3
22063,3
22064,0
22065,0
22066,3
22067,3
22068,1
22069,0
22070,0
22071,0
22072,0
22073,3
22074,1
22075,3
22076,1
22077,3
22078,3
22079,4
22080,3
22081,4
22082,1
22083,1
22084,0
22085,1
22086,2
22087,1
22088,0
22089,3
22090,3
22091,1
22092,0
22093,1
22094,0
22095,1
22096,0
22097,4
22098,3
22099,1
22100,3
22101,3
22102,3
22103,0
22104,3
22105,3
22106,1
22107,4
22108,1
22109,4
22110,3
22111,3
22112,3
22113,0
22114,3
22115,3
22116,3
22117,1
22118,3
22119,3
22120,0
22121,0
22122,3
22123,1
22124,3
22125,4
22126,1
22127,3
22128,1
22129,0
22130,1
22131,0
22132,3
22133,1
22134,4
22135,0
22136,3
22137,3
22138,3
22139,0
22140,1
22141,0
22142,0
22143,4
22144,0
22145,0
22146,3
22147,3
22148,3
22149,0
22150,1
22151,1
22152,3
22153,1
22154,0
22155,3
22156,3
22157,3
22158,0
22159,0
22160,0
22161,3
22162,3
22163,0
22164,3
22165,3
22166,1
22167,0
22168,3
22169,3
22170,3
22171,4
22172,1
22173,1
22174,0
22175,0
22176,1
22177,3
22178,1
22179,0
22180,0
22181,3
22182,1
22183,1
22184,3
22185,3
22186,0
22187,0
22188,4
22189,0
22190,3
22191,3
22192,3
22193,3
22194,1
22195,3
22196,0
22197,1
22198,1
22199,0
22200,1
22201,3
22202,1
22203,1
22204,3
22205,1
22206,3
22207,0
22208,3
22209,4
22210,3
22211,4
22212,1
22213,0
22214,1
22215,3
22216,4
22217,3
22218,1
22219,0
22220,0
22221,3
22222,0
22223,3
22224,1
22225,3
22226,3
22227,3
22228,3
22229,0
22230,3
22231,1
22232,5
22233,4
22234,5
22235,3
22236,1
22237,0
22238,0
22239,3
22240,1
22241,1
22242,1
22243,1
22244,1
22245,3
22246,3
22247,4
22248,3
22249,3
22250,0
22251,1
22252,0
22253,0
22254,0
22255,4
22256,3
22257,1
22258,3
22259,3
22260,3
22261,0
22262,1
22263,2
22264,1
22265,4
22266,1
22267,3
22268,0
22269,1
22270,1
22271,1
22272,3
22273,1
22274,2
22275,0
22276,3
22277,3
22278,0
22279,4
22280,4
22281,4
22282,0
22283,4
22284,0
22285,0
22286,0
22287,3
22288,3
22289,1
22290,3
22291,1
22292,1
22293,4
22294,3
22295,1
22296,1
22297,3
22298,3
22299,1
22300,3
22301,1
22302,0
22303,3
22304,3
22305,4
22306,3
22307,3
22308,3
22309,3
22310,3
22311,1
22312,0
22313,1
22314,1
22315,3
22316,4
22317,1
22318,3
22319,1
22320,1
22321,3
22322,1
22323,0
22324,3
22325,1
22326,3
22327,3
22328,3
22329,0
22330,0
22331,1
22332,1
22333,2
22334,0
22335,0
22336,3
22337,3
22338,0
22339,4
22340,1
22341,0
22342,3
22343,0
22344,2
22345,2
22346,3
22347,1
22348,3
22349,0
22350,3
22351,1
22352,1
22353,3
22354,3
22355,4
22356,1
22357,3
22358,3
22359,0
22360,3
22361,0
22362,3
22363,4
22364,3
22365,0
22366,3
22367,4
22368,3
22369,3
22370,0
22371,4
22372,3
22373,3
22374,1
22375,2
22376,3
22377,3
22378,2
22379,0
22380,3
22381,1
22382,0
22383,0
22384,1
22385,3
22386,2
22387,3
22388,2
22389,4
22390,0
22391,3
22392,2
22393,4
22394,0
22395,3
22396,0
22397,3
22398,0
22399,3
22400,0
22401,1
22402,1
22403,3
22404,1
22405,3
22406,1
22407,3
22408,3
22409,4
22410,0
22411,0
22412,3
22413,1
22414,3
22415,4
22416,0
22417,3
22418,0
22419,1
22420,3
22421,4
22422,3
22423,3
22424,4
22425,0
22426,0
22427,1
22428,5
22429,1
22430,1
22431,3
22432,3
22433,1
22434,3
22435,2
22436,0
22437,0
22438,1
22439,1
22440,1
22441,4
22442,3
22443,0
22444,1
22445,3
22446,0
22447,4
22448,3
22449,1
22450,3
22451,0
22452,0
22453,0
22454,3
22455,4
22456,1
22457,3
22458,3
22459,4
22460,4
22461,0
22462,0
22463,3
22464,3
22465,3
22466,1
22467,3
22468,4
22469,1
22470,3
22471,0
22472,0
22473,3
22474,3
22475,3
22476,0
22477,0
22478,0
22479,3
22480,2
22481,1
22482,1
22483,0
22484,3
22485,1
22486,0
22487,2
22488,3
22489,0
22490,0
22491,3
22492,1
22493,1
22494,0
22495,0
22496,1
22497,2
22498,4
22499,1
22500,3
22501,0
22502,3
22503,0
22504,3
22505,0
22506,0
22507,0
22508,1
22509,3
22510,0
22511,1
22512,4
22513,4
22514,2
22515,0
22516,2
22517,3
22518,2
22519,1
22520,1
22521,1
22522,1
22523,0
22524,0
22525,4
22526,0
22527,4
22528,2
22529,1
22530,3
22531,3
22532,4
22533,0
22534,3
22535,1
22536,2
22537,0
22538,0
22539,3
22540,3
22541,3
22542,4
22543,1
22544,3
22545,0
22546,1
22547,0
22548,1
22549,0
22550,4
22551,1
22552,1
22553,1
22554,1
22555,0
22556,0
22557,0
22558,1
22559,1
22560,0
22561,2
22562,0
22563,5
22564,3
22565,5
22566,4
22567,3
22568,3
22569,0
22570,1
22571,0
22572,3
22573,4
22574,3
22575,3
22576,1
22577,0
22578,0
22579,0
22580,3
22581,1
22582,3
22583,4
22584,1
22585,4
22586,3
22587,0
22588,3
22589,3
22590,0
22591,0
22592,4
22593,0
22594,1
22595,3
22596,3
22597,2
22598,3
22599,3
22600,3
22601,3
22602,0
22603,1
22604,1
22605,0
22606,0
22607,3
22608,0
22609,3
22610,1
22611,0
22612,1
22613,0
22614,3
22615,3
22616,0
22617,3
22618,1
22619,0
22620,3
22621,0
22622,1
22623,0
22624,5
22625,0
22626,1
22627,1
22628,3
22629,3
22630,5
22631,2
22632,0
22633,4
22634,0
22635,2
22636,0
22637,3
22638,3
22639,1
22640,3
22641,1
22642,0
22643,0
22644,0
22645,4
22646,3
22647,3
22648,3
22649,3
22650,0
22651,0
22652,1
22653,1
22654,3
22655,3
22656,0
22657,0
22658,3
22659,3
22660,4
22661,1
22662,1
22663,1
22664,1
22665,1
22666,3
22667,1
22668,3
22669,0
22670,4
22671,0
22672,0
22673,1
22674,1
22675,4
22676,1
22677,3
22678,0
22679,3
22680,1
22681,1
22682,3
22683,2
22684,0
22685,0
22686,0
22687,3
22688,0
22689,0
22690,0
22691,3
22692,1
22693,1
22694,3
22695,1
22696,1
22697,0
22698,0
22699,3
22700,4
22701,5
22702,1
22703,4
22704,0
22705,3
22706,3
22707,0
22708,5
22709,3
22710,3
22711,0
22712,1
22713,3
22714,0
22715,4
22716,4
22717,1
22718,3
22719,1
22720,4
22721,1
22722,2
22723,3
22724,1
22725,3
22726,4
22727,0
22728,3
22729,4
22730,0
22731,3
22732,1
22733,4
22734,3
22735,1
22736,3
22737,1
22738,4
22739,3
22740,4
22741,3
22742,0
22743,3
22744,4
22745,3
22746,4
22747,0
22748,4
22749,3
22750,0
22751,3
22752,3
22753,1
22754,1
22755,3
22756,3
22757,2
22758,0
22759,3
22760,4
22761,1
22762,0
22763,3
22764,4
22765,1
22766,0
22767,1
22768,1
22769,0
22770,0
22771,0
22772,1
22773,1
22774,0
22775,1
22776,3
22777,3
22778,1
22779,0
22780,1
22781,1
22782,0
22783,1
22784,4
22785,1
22786,1
22787,3
22788,1
22789,1
22790,0
22791,0
22792,3
22793,1
22794,0
22795,3
22796,1
22797,3
22798,3
22799,4
22800,3
22801,1
22802,0
22803,3
22804,1
22805,1
22806,3
22807,0
22808,3
22809,1
22810,4
22811,0
22812,3
22813,0
22814,4
22815,3
22816,1
22817,4
22818,3
22819,1
22820,3
22821,1
22822,3
22823,4
22824,1
22825,1
22826,1
22827,0
22828,3
22829,0
22830,3
22831,1
22832,3
22833,1
22834,0
22835,0
22836,4
22837,0
22838,3
22839,3
22840,0
22841,3
22842,1
22843,1
22844,1
22845,3
22846,0
22847,0
22848,3
22849,4
22850,0
22851,3
22852,0
22853,0
22854,3
22855,0
22856,1
22857,3
22858,1
22859,0
22860,3
22861,2
22862,1
22863,1
22864,2
22865,3
22866,1
22867,3
22868,1
22869,3
22870,1
22871,3
22872,4
22873,3
22874,1
22875,3
22876,0
22877,4
22878,4
22879,0
22880,3
22881,3
22882,3
22883,4
22884,3
22885,0
22886,2
22887,1
22888,3
22889,3
22890,3
22891,1
22892,3
22893,3
22894,3
22895,3
22896,3
22897,0
22898,3
22899,3
22900,3
22901,5
22902,1
22903,1
22904,4
22905,3
22906,4
22907,3
22908,3
22909,3
22910,0
22911,1
22912,1
22913,1
22914,3
22915,1
22916,3
22917,3
22918,1
22919,1
22920,3
22921,0
22922,0
22923,3
22924,1
22925,3
22926,1
22927,3
22928,0
22929,1
22930,1
22931,4
22932,3
22933,3
22934,0
22935,2
22936,5
22937,0
22938,1
22939,0
22940,1
22941,1
22942,3
22943,4
22944,3
22945,3
22946,0
22947,3
22948,4
22949,2
22950,0
22951,3
22952,1
22953,3
22954,3
22955,3
22956,0
22957,1
22958,3
22959,3
22960,1
22961,3
22962,1
22963,1
22964,4
22965,3
22966,1
22967,0
22968,3
22969,3
22970,0
22971,3
22972,3
22973,1
22974,1
22975,0
22976,0
22977,0
22978,0
22979,0
22980,1
22981,3
22982,0
22983,3
22984,1
22985,0
22986,3
22987,1
22988,0
22989,1
22990,3
22991,3
22992,4
22993,4
22994,0
22995,0
22996,3
22997,0
22998,3
22999,3
23000,1
23001,3
23002,4
23003,1
23004,3
23005,4
23006,0
23007,1
23008,0
23009,3
23010,3
23011,4
23012,3
23013,3
23014,3
23015,1
23016,1
23017,0
23018,1
23019,3
23020,0
23021,0
23022,0
23023,3
23024,0
23025,3
23026,3
23027,3
23028,1
23029,1
23030,1
23031,3
23032,1
23033,3
23034,3
23035,3
23036,3
23037,1
23038,1
23039,1
23040,1
23041,0
23042,3
23043,1
23044,1
23045,1
23046,0
23047,1
23048,0
23049,3
23050,1
23051,0
23052,3
23053,0
23054,0
23055,1
23056,1
23057,0
23058,2
23059,4
23060,0
23061,3
23062,1
23063,1
23064,1
23065,3
23066,4
23067,3
23068,1
23069,0
23070,4
23071,0
23072,4
23073,0
23074,3
23075,1
23076,0
23077,4
23078,3
23079,1
23080,1
23081,0
23082,1
23083,3
23084,3
23085,4
23086,3
23087,3
23088,1
23089,1
23090,0
23091,0
23092,1
23093,0
23094,0
23095,0
23096,0
23097,1
23098,3
23099,3
23100,4
23101,0
23102,4
23103,1
23104,3
23105,0
23106,4
23107,1
23108,5
23109,1
23110,0
23111,3
23112,1
23113,1
23114,1
23115,5
23116,0
23117,0
23118,3
23119,0
23120,2
23121,0
23122,3
23123,3
23124,3
23125,1
23126,0
23127,2
23128,3
23129,3
23130,3
23131,0
23132,2
23133,3
23134,1
23135,3
23136,0
23137,3
23138,1
23139,1
23140,3
23141,3
23142,0
23143,4
23144,1
23145,3
23146,3
23147,2
23148,3
23149,3
23150,5
23151,3
23152,0
23153,3
23154,1
23155,3
23156,4
23157,1
23158,4
23159,0
23160,4
23161,4
23162,0
23163,3
23164,3
23165,0
23166,1
23167,4
23168,1
23169,4
23170,1
23171,3
23172,0
23173,2
23174,3
23175,0
23176,0
23177,0
23178,0
23179,0
23180,3
23181,1
23182,4
23183,3
23184,4
23185,3
23186,0
23187,0
23188,0
23189,1
23190,1
23191,3
23192,3
23193,3
23194,4
23195,0
23196,4
23197,1
23198,3
23199,0
23200,1
23201,1
23202,0
23203,0
23204,3
23205,0
23206,4
23207,3
23208,3
23209,1
23210,3
23211,4
23212,1
23213,1
23214,3
23215,0
23216,0
23217,1
23218,3
23219,0
23220,0
23221,3
23222,3
23223,3
23224,3
23225,3
23226,2
23227,3
23228,3
23229,3
23230,0
23231,3
23232,2
23233,1
23234,3
23235,0
23236,1
23237,1
23238,1
23239,3
23240,0
23241,1
23242,3
23243,2
23244,1
23245,4
23246,4
23247,1
23248,2
23249,0
23250,0
23251,1
23252,0
23253,1
23254,1
23255,3
23256,0
23257,1
23258,1
23259,3
23260,1
23261,4
23262,3
23263,5
23264,0
23265,3
23266,3
23267,0
23268,3
23269,4
23270,2
23271,0
23272,1
23273,3
23274,0
23275,1
23276,3
23277,3
23278,1
23279,4
23280,3
23281,2
23282,4
23283,3
23284,4
23285,1
23286,2
23287,1
23288,1
23289,3
23290,1
23291,3
23292,4
23293,0
23294,4
23295,3
23296,3
23297,1
23298,3
23299,0
23300,1
23301,1
23302,3
23303,0
23304,1
23305,3
23306,3
23307,4
23308,3
23309,0
23310,1
23311,0
23312,1
23313,3
23314,1
23315,3
23316,3
23317,3
23318,3
23319,1
23320,0
23321,0
23322,3
23323,0
23324,3
23325,3
23326,1
23327,1
23328,2
23329,3
23330,3
23331,3
23332,3
23333,0
23334,1
23335,2
23336,0
23337,3
23338,1
23339,1
23340,3
23341,0
23342,3
23343,1
23344,3
23345,1
23346,3
23347,2
23348,3
23349,0
23350,1
23351,0
23352,3
23353,3
23354,1
23355,1
23356,3
23357,3
23358,4
23359,3
23360,0
23361,1
23362,4
23363,3
23364,4
23365,3
23366,1
23367,4
23368,1
23369,0
23370,1
23371,4
23372,4
23373,1
23374,4
23375,3
23376,3
23377,1
23378,1
23379,4
23380,1
23381,3
23382,4
23383,4
23384,1
23385,3
23386,2
23387,3
23388,0
23389,2
23390,1
23391,1
23392,1
23393,3
23394,3
23395,3
23396,1
23397,1
23398,1
23399,0
23400,0
23401,1
23402,0
23403,3
23404,2
23405,1
23406,2
23407,3
23408,3
23409,0
23410,0
23411,1
23412,1
23413,1
23414,0
23415,3
23416,3
23417,2
23418,4
23419,2
23420,0
23421,4
23422,1
23423,1
23424,1
23425,1
23426,3
23427,3
23428,0
23429,1
23430,3
23431,2
23432,1
23433,3
23434,1
23435,3
23436,1
23437,1
23438,0
23439,0
23440,1
23441,0
23442,3
23443,1
23444,3
23445,1
23446,0
23447,0
23448,3
23449,5
23450,1
23451,2
23452,1
23453,3
23454,1
23455,3
23456,1
23457,1
23458,3
23459,1
23460,3
23461,0
23462,0
23463,3
23464,3
23465,0
23466,3
23467,1
23468,1
23469,0
23470,3
23471,1
23472,5
23473,5
23474,3
23475,4
23476,3
23477,1
23478,1
23479,1
23480,1
23481,4
23482,3
23483,3
23484,0
23485,0
23486,0
23487,1
23488,3
23489,4
23490,3
23491,2
23492,3
23493,3
23494,2
23495,0
23496,4
23497,1
23498,1
23499,1
23500,0
23501,1
23502,4
23503,4
23504,5
23505,0
23506,4
23507,3
23508,0
23509,0
23510,3
23511,3
23512,1
23513,4
23514,1
23515,3
23516,0
23517,2
23518,0
23519,1
23520,4
23521,1
23522,1
23523,0
23524,3
23525,0
23526,3
23527,4
23528,4
23529,0
23530,0
23531,1
23532,4
23533,0
23534,3
23535,3
23536,4
23537,3
23538,3
23539,2
23540,3
23541,1
23542,3
23543,1
23544,1
23545,3
23546,1
23547,0
23548,0
23549,4
23550,0
23551,4
23552,1
23553,4
23554,0
23555,0
23556,0
23557,1
23558,1
23559,1
23560,3
23561,4
23562,1
23563,4
23564,0
23565,3
23566,1
23567,0
23568,4
23569,3
23570,0
23571,3
23572,3
23573,3
23574,3
23575,1
23576,0
23577,3
23578,0
23579,4
23580,1
23581,4
23582,1
23583,1
23584,5
23585,4
23586,1
23587,4
23588,4
23589,3
23590,3
23591,3
23592,3
23593,1
23594,4
23595,3
23596,1
23597,0
23598,3
23599,1
23600,0
23601,3
23602,1
23603,1
23604,0
23605,1
23606,0
23607,3
23608,3
23609,1
23610,0
23611,4
23612,3
23613,0
23614,3
23615,1
23616,4
23617,4
23618,0
23619,3
23620,3
23621,1
23622,0
23623,0
23624,2
23625,3
23626,0
23627,0
23628,3
23629,0
23630,4
23631,0
23632,3
23633,1
23634,3
23635,0
23636,0
23637,3
23638,1
23639,4
23640,1
23641,4
23642,0
23643,0
23644,3
23645,1
23646,4
23647,3
23648,1
23649,0
23650,3
23651,4
23652,3
23653,1
23654,3
23655,4
23656,0
23657,3
23658,0
23659,5
23660,1
23661,2
23662,0
23663,2
23664,4
23665,3
23666,3
23667,1
23668,0
23669,2
23670,3
23671,1
23672,1
23673,1
23674,0
23675,3
23676,3
23677,0
23678,0
23679,2
23680,4
23681,3
23682,3
23683,0
23684,3
23685,0
23686,0
23687,0
23688,3
23689,3
23690,3
23691,1
23692,0
23693,0
23694,1
23695,3
23696,1
23697,3
23698,3
23699,3
23700,0
23701,1
23702,3
23703,0
23704,2
23705,1
23706,1
23707,1
23708,0
23709,3
23710,1
23711,0
23712,4
23713,3
23714,1
23715,1
23716,0
23717,1
23718,0
23719,1
23720,4
23721,3
23722,0
23723,4
23724,3
23725,0
23726,4
23727,0
23728,3
23729,3
23730,4
23731,3
23732,3
23733,1
23734,1
23735,4
23736,0
23737,4
23738,3
23739,1
23740,4
23741,0
23742,1
23743,0
23744,3
23745,1
23746,3
23747,0
23748,1
23749,1
23750,1
23751,3
23752,0
23753,0
23754,0
23755,0
23756,3
23757,4
23758,3
23759,1
23760,4
23761,0
23762,4
23763,1
23764,3
23765,1
23766,2
23767,2
23768,0
23769,3
23770,3
23771,3
23772,0
23773,3
23774,0
23775,3
23776,1
23777,1
23778,3
23779,1
23780,3
23781,1
23782,3
23783,1
23784,3
23785,1
23786,3
23787,3
23788,1
23789,3
23790,0
23791,1
23792,0
23793,3
23794,3
23795,1
23796,4
23797,0
23798,1
23799,3
23800,4
23801,5
23802,1
23803,2
23804,1
23805,4
23806,0
23807,1
23808,1
23809,0
23810,3
23811,0
23812,0
23813,3
23814,3
23815,3
23816,1
23817,1
23818,4
23819,3
23820,0
23821,4
23822,1
23823,0
23824,1
23825,0
23826,1
23827,0
23828,3
23829,0
23830,0
23831,0
23832,1
23833,3
23834,1
23835,3
23836,0
23837,3
23838,1
23839,1
23840,0
23841,3
23842,1
23843,3
23844,3
23845,4
23846,0
23847,0
23848,1
23849,0
23850,0
23851,3
23852,1
23853,3
23854,0
23855,4
23856,1
23857,3
23858,0
23859,1
23860,3
23861,1
23862,0
23863,3
23864,3
23865,2
23866,0
23867,3
23868,3
23869,3
23870,3
23871,0
23872,3
23873,0
23874,3
23875,0
23876,3
23877,3
23878,0
23879,0
23880,3
23881,1
23882,0
23883,3
23884,3
23885,1
23886,0
23887,4
23888,0
23889,3
23890,3
23891,4
23892,4
23893,0
23894,1
23895,0
23896,3
23897,3
23898,3
23899,1
23900,0
23901,1
23902,3
23903,0
23904,0
23905,3
23906,0
23907,3
23908,4
23909,1
23910,4
23911,0
23912,3
23913,0
23914,1
23915,1
23916,0
23917,1
23918,3
23919,4
23920,1
23921,3
23922,0
23923,0
23924,0
23925,0
23926,3
23927,1
23928,0
23929,4
23930,3
23931,0
23932,0
23933,4
23934,1
23935,3
23936,2
23937,0
23938,3
23939,1
23940,1
23941,0
23942,0
23943,3
23944,3
23945,3
23946,3
23947,0
23948,1
23949,3
23950,3
23951,0
23952,1
23953,3
23954,0
23955,3
23956,1
23957,0
23958,3
23959,4
23960,1
23961,4
23962,1
23963,0
23964,1
23965,0
23966,3
23967,1
23968,2
23969,1
23970,1
23971,3
23972,3
23973,0
23974,0
23975,4
23976,0
23977,0
23978,1
23979,3
23980,2
23981,0
23982,1
23983,2
23984,3
23985,1
23986,3
23987,1
23988,3
23989,3
23990,0
23991,4
23992,5
23993,0
23994,3
23995,3
23996,1
23997,4
23998,1
23999,1
24000,0
24001,1
24002,1
24003,3
24004,0
24005,5
24006,3
24007,2
24008,0
24009,0
24010,1
24011,5
24012,0
24013,1
24014,1
24015,4
24016,3
24017,3
24018,3
24019,4
24020,3
24021,1
24022,0
24023,0
24024,0
24025,1
24026,0
24027,4
24028,4
24029,0
24030,3
24031,0
24032,4
24033,1
24034,4
24035,4
24036,0
24037,3
24038,3
24039,0
24040,1
24041,0
24042,1
24043,1
24044,0
24045,0
24046,3
24047,1
24048,3
24049,3
24050,0
24051,1
24052,4
24053,1
24054,1
24055,0
24056,3
24057,1
24058,4
24059,3
24060,3
24061,3
24062,0
24063,2
24064,1
24065,0
24066,0
24067,3
24068,3
24069,3
24070,3
24071,0
24072,3
24073,1
24074,3
24075,3
24076,3
24077,0
24078,3
24079,3
24080,4
24081,3
24082,3
24083,4
24084,0
24085,1
24086,1
24087,0
24088,3
24089,3
24090,3
24091,1
24092,1
24093,0
24094,3
24095,0
24096,3
24097,1
24098,4
24099,3
24100,3
24101,0
24102,3
24103,1
24104,4
24105,1
24106,3
24107,0
24108,0
24109,3
24110,0
24111,5
24112,0
24113,0
24114,0
24115,1
24116,0
24117,3
24118,3
24119,1
24120,3
24121,0
24122,1
24123,0
24124,1
24125,1
24126,0
24127,3
24128,1
24129,3
24130,0
24131,1
24132,4
24133,3
24134,1
24135,3
24136,3
24137,3
24138,0
24139,1
24140,2
24141,0
24142,3
24143,4
24144,1
24145,3
24146,0
24147,1
24148,3
24149,3
24150,3
24151,0
24152,1
24153,2
24154,4
24155,1
24156,3
24157,3
24158,4
24159,2
24160,2
24161,3
24162,4
24163,3
24164,3
24165,0
24166,3
24167,4
24168,3
24169,0
24170,4
24171,0
24172,4
24173,3
24174,1
24175,3
24176,4
24177,4
24178,3
24179,1
24180,1
24181,4
24182,0
24183,0
24184,4
24185,0
24186,0
24187,3
24188,0
24189,3
24190,4
24191,3
24192,1
24193,4
24194,2
24195,3
24196,1
24197,3
24198,1
24199,0
24200,0
24201,2
24202,1
24203,1
24204,0
24205,3
24206,3
24207,0
24208,2
24209,1
24210,0
24211,0
24212,4
24213,1
24214,3
24215,0
24216,0
24217,1
24218,0
24219,3
24220,3
24221,0
24222,0
24223,1
24224,1
24225,0
24226,1
24227,2
24228,3
24229,3
24230,0
24231,2
24232,1
24233,0
24234,3
24235,1
24236,3
24237,3
24238,1
24239,1
24240,0
24241,0
24242,1
24243,0
24244,3
24245,4
24246,0
24247,3
24248,1
24249,1
24250,0
24251,5
24252,3
24253,3
24254,3
24255,0
24256,1
24257,0
24258,3
24259,1
24260,0
24261,0
24262,1
24263,3
24264,1
24265,3
24266,0
24267,3
24268,4
24269,3
24270,1
24271,1
24272,3
24273,3
24274,4
24275,3
24276,1
24277,0
24278,0
24279,0
24280,3
24281,1
24282,3
24283,1
24284,3
24285,3
24286,0
24287,4
24288,1
24289,0
24290,3
24291,0
24292,1
24293,3
24294,3
24295,3
24296,3
24297,1
24298,0
24299,4
24300,0
24301,3
24302,1
24303,1
24304,1
24305,4
24306,1
24307,1
24308,3
24309,3
24310,4
24311,4
24312,0
24313,4
24314,3
24315,4
24316,1
24317,1
24318,3
24319,1
24320,2
24321,1
24322,4
24323,3
24324,0
24325,4
24326,0
24327,3
24328,4
24329,1
24330,1
24331,1
24332,0
24333,2
24334,1
24335,1
24336,3
24337,4
24338,1
24339,3
24340,3
24341,0
24342,0
24343,0
24344,0
24345,1
24346,0
24347,4
24348,0
24349,0
24350,3
24351,3
24352,0
24353,0
24354,3
24355,3
24356,3
24357,0
24358,3
24359,1
24360,0
24361,0
24362,4
24363,4
24364,1
24365,1
24366,0
24367,1
24368,1
24369,0
24370,3
24371,3
24372,0
24373,1
24374,0
24375,1
24376,0
24377,3
24378,4
24379,3
24380,0
24381,1
24382,3
24383,3
24384,1
24385,1
24386,1
24387,3
24388,3
24389,1
24390,0
24391,0
24392,1
24393,0
24394,3
24395,1
24396,0
24397,0
24398,1
24399,1
24400,0
24401,1
24402,1
24403,1
24404,1
24405,3
24406,2
24407,2
24408,0
24409,3
24410,4
24411,1
24412,1
24413,3
24414,4
24415,1
24416,0
24417,0
24418,1
24419,2
24420,1
24421,0
24422,0
24423,4
24424,3
24425,1
24426,3
24427,0
24428,1
24429,0
24430,3
24431,3
24432,1
24433,1
24434,3
24435,1
24436,5
24437,4
24438,1
24439,4
24440,3
24441,2
24442,3
24443,3
24444,1
24445,3
24446,2
24447,0
24448,1
24449,2
24450,1
24451,3
24452,1
24453,0
24454,4
24455,4
24456,1
24457,0
24458,0
24459,0
24460,3
24461,0
24462,1
24463,0
24464,1
24465,3
24466,3
24467,5
24468,0
24469,3
24470,1
24471,4
24472,3
24473,3
24474,3
24475,0
24476,5
24477,1
24478,0
24479,0
24480,0
24481,4
24482,0
24483,1
24484,4
24485,0
24486,3
24487,2
24488,1
24489,0
24490,0
24491,4
24492,4
24493,1
24494,3
24495,0
24496,1
24497,4
24498,4
24499,0
24500,0
24501,0
24502,3
24503,1
24504,3
24505,0
24506,0
24507,1
24508,0
24509,3
24510,1
24511,2
24512,1
24513,1
24514,0
24515,1
24516,0
24517,0
24518,4
24519,0
24520,1
24521,0
24522,0
24523,0
24524,0
24525,0
24526,3
24527,3
24528,0
24529,1
24530,0
24531,0
24532,0
24533,1
24534,3
24535,4
24536,3
24537,1
24538,1
24539,1
24540,3
24541,3
24542,0
24543,3
24544,3
24545,3
24546,3
24547,3
24548,3
24549,3
24550,1
24551,0
24552,1
24553,0
24554,1
24555,1
24556,3
24557,3
24558,0
24559,4
24560,3
24561,3
24562,4
24563,3
24564,3
24565,3
24566,1
24567,1
24568,4
24569,0
24570,4
24571,3
24572,4
24573,1
24574,3
24575,3
24576,0
24577,3
24578,5
24579,1
24580,4
24581,4
24582,1
24583,3
24584,2
24585,3
24586,0
24587,3
24588,1
24589,0
24590,0
24591,0
24592,3
24593,0
24594,3
24595,3
24596,1
24597,3
24598,3
24599,3
24600,0
24601,4
24602,1
24603,0
24604,1
24605,1
24606,1
24607,0
24608,1
24609,0
24610,3
24611,3
24612,3
24613,0
24614,4
24615,1
24616,1
24617,0
24618,4
24619,1
24620,3
24621,0
24622,1
24623,1
24624,0
24625,2
24626,3
24627,0
24628,1
24629,4
24630,3
24631,1
24632,1
24633,1
24634,4
24635,1
24636,4
24637,2
24638,1
24639,0
24640,3
24641,0
24642,3
24643,4
24644,3
24645,1
24646,1
24647,3
24648,3
24649,1
24650,0
24651,3
24652,1
24653,3
24654,0
24655,0
24656,1
24657,4
24658,0
24659,3
24660,3
24661,4
24662,0
24663,4
24664,3
24665,1
24666,3
24667,3
24668,3
24669,3
24670,0
24671,3
24672,1
24673,3
24674,1
24675,5
24676,4
24677,1
24678,1
24679,3
24680,5
24681,3
24682,3
24683,3
24684,1
24685,3
24686,4
24687,3
24688,1
24689,4
24690,1
24691,2
24692,5
24693,2
24694,3
24695,0
24696,3
24697,0
24698,4
24699,3
24700,3
24701,0
24702,1
24703,1
24704,1
24705,3
24706,1
24707,0
24708,1
24709,0
24710,0
24711,3
24712,3
24713,0
24714,3
24715,2
24716,4
24717,3
24718,0
24719,1
24720,2
24721,1
24722,0
24723,1
24724,1
24725,0
24726,0
24727,2
24728,0
24729,3
24730,0
24731,1
24732,1
24733,3
24734,2
24735,4
24736,4
24737,4
24738,3
24739,3
24740,1
24741,3
24742,3
24743,0
24744,1
24745,0
24746,1
24747,2
24748,5
24749,3
24750,1
24751,1
24752,4
24753,0
24754,4
24755,1
24756,3
24757,3
24758,0
24759,0
24760,0
24761,3
24762,0
24763,3
24764,3
24765,3
24766,1
24767,3
24768,3
24769,4
24770,3
24771,0
24772,2
24773,1
24774,1
24775,1
24776,2
24777,0
24778,4
24779,3
24780,1
24781,4
24782,3
24783,0
24784,3
24785,2
24786,0
24787,3
24788,3
24789,0
24790,3
24791,3
24792,0
24793,4
24794,0
24795,4
24796,3
24797,0
24798,0
24799,1
24800,3
24801,1
24802,3
24803,4
24804,3
24805,3
24806,2
24807,1
24808,5
24809,1
24810,1
24811,3
24812,3
24813,1
24814,4
24815,3
24816,1
24817,4
24818,1
24819,3
24820,3
24821,1
24822,3
24823,0
24824,4
24825,0
24826,4
24827,4
24828,3
24829,5
24830,0
24831,0
24832,0
24833,1
24834,0
24835,1
24836,0
24837,0
24838,1
24839,0
24840,4
24841,0
24842,4
24843,3
24844,1
24845,1
24846,0
24847,0
24848,0
24849,1
24850,5
24851,2
24852,1
24853,5
24854,3
24855,3
24856,1
24857,0
24858,0
24859,3
24860,0
24861,1
24862,0
24863,3
24864,1
24865,3
24866,3
24867,1
24868,3
24869,4
24870,3
24871,3
24872,1
24873,3
24874,0
24875,3
24876,0
24877,0
24878,0
24879,1
24880,3
24881,3
24882,3
24883,1
24884,1
24885,0
24886,1
24887,1
24888,0
24889,3
24890,1
24891,2
24892,0
24893,3
24894,1
24895,4
24896,3
24897,3
24898,0
24899,3
24900,3
24901,2
24902,4
24903,0
24904,0
24905,1
24906,1
24907,2
24908,0
24909,1
24910,5
24911,3
24912,3
24913,3
24914,3
24915,3
24916,2
24917,1
24918,0
24919,0
24920,0
24921,1
24922,1
24923,1
24924,1
24925,1
24926,0
24927,0
24928,0
24929,4
24930,0
24931,0
24932,0
24933,0
24934,0
24935,3
24936,0
24937,1
24938,0
24939,3
24940,0
24941,1
24942,0
24943,3
24944,1
24945,0
24946,3
24947,0
24948,4
24949,4
24950,1
24951,4
24952,2
24953,1
24954,1
24955,1
24956,1
24957,1
24958,3
24959,3
24960,1
24961,0
24962,1
24963,1
24964,0
24965,4
24966,1
24967,1
24968,1
24969,1
24970,3
24971,3
24972,0
24973,1
24974,0
24975,4
24976,0
24977,0
24978,3
24979,4
24980,3
24981,1
24982,3
24983,1
24984,2
24985,0
24986,0
24987,3
24988,5
24989,1
24990,0
24991,1
24992,1
24993,1
24994,0
24995,0
24996,3
24997,1
24998,0
24999,0
25000,4
25001,4
25002,1
25003,1
25004,0
25005,3
25006,3
25007,3
25008,1
25009,0
25010,3
25011,1
25012,1
25013,1
25014,3
25015,1
25016,1
25017,0
25018,1
25019,4
25020,3
25021,4
25022,1
25023,4
25024,0
25025,2
25026,0
25027,1
25028,1
25029,3
25030,1
25031,1
25032,4
25033,3
25034,0
25035,0
25036,0
25037,0
25038,1
25039,0
25040,0
25041,1
25042,3
25043,1
25044,2
25045,0
25046,0
25047,3
25048,4
25049,3
25050,1
25051,3
25052,0
25053,2
25054,3
25055,0
25056,2
25057,2
25058,3
25059,1
25060,0
25061,0
25062,1
25063,1
25064,1
25065,0
25066,3
25067,3
25068,0
25069,2
25070,0
25071,3
25072,1
25073,0
25074,0
25075,1
25076,1
25077,3
25078,0
25079,0
25080,2
25081,1
25082,4
25083,0
25084,1
25085,0
25086,3
25087,1
25088,3
25089,3
25090,0
25091,0
25092,1
25093,0
25094,3
25095,1
25096,3
25097,3
25098,0
25099,1
25100,1
25101,1
25102,1
25103,1
25104,1
25105,1
25106,1
25107,0
25108,1
25109,3
25110,1
25111,1
25112,3
25113,1
25114,4
25115,3
25116,0
25117,0
25118,0
25119,0
25120,0
25121,0
25122,1
25123,2
25124,1
25125,0
25126,0
25127,0
25128,0
25129,1
25130,1
25131,0
25132,2
25133,1
25134,1
25135,0
25136,0
25137,2
25138,1
25139,0
25140,3
25141,1
25142,0
25143,3
25144,3
25145,0
25146,4
25147,5
25148,1
25149,1
25150,3
25151,0
25152,1
25153,0
25154,3
25155,0
25156,3
25157,3
25158,3
25159,1
25160,4
25161,0
25162,1
25163,3
25164,0
25165,1
25166,3
25167,0
25168,3
25169,3
25170,3
25171,1
25172,4
25173,3
25174,1
25175,0
25176,0
25177,3
25178,3
25179,0
25180,0
25181,0
25182,2
25183,3
25184,0
25185,1
25186,1
25187,0
25188,3
25189,1
25190,1
25191,4
25192,1
25193,3
25194,3
25195,1
25196,0
25197,1
25198,3
25199,3
25200,0
25201,3
25202,4
25203,0
25204,4
25205,4
25206,1
25207,1
25208,0
25209,1
25210,3
25211,0
25212,1
25213,0
25214,0
25215,0
25216,3
25217,3
25218,3
25219,4
25220,0
25221,3
25222,0
25223,0
25224,1
25225,4
25226,0
25227,1
25228,3
25229,0
25230,1
25231,4
25232,1
25233,4
25234,4
25235,3
25236,1
25237,4
25238,1
25239,0
25240,0
25241,3
25242,3
25243,1
25244,1
25245,3
25246,2
25247,1
25248,3
25249,3
25250,3
25251,3
25252,0
25253,2
25254,0
25255,5
25256,3
25257,1
25258,0
25259,0
25260,3
25261,3
25262,3
25263,0
25264,2
25265,0
25266,0
25267,0
25268,3
25269,2
25270,0
25271,3
25272,4
25273,1
25274,0
25275,0
25276,1
25277,1
25278,0
25279,1
25280,4
25281,0
25282,3
25283,0
25284,3
25285,0
25286,0
25287,0
25288,3
25289,4
25290,3
25291,0
25292,2
25293,3
25294,1
25295,3
25296,2
25297,1
25298,0
25299,4
25300,3
25301,0
25302,3
25303,1
25304,3
25305,0
25306,3
25307,0
25308,1
25309,3
25310,0
25311,1
25312,0
25313,0
25314,3
25315,0
25316,0
25317,1
25318,0
25319,2
25320,1
25321,0
25322,1
25323,1
25324,3
25325,0
25326,0
25327,3
25328,3
25329,0
25330,3
25331,1
25332,3
25333,1
25334,1
25335,3
25336,0
25337,3
25338,3
25339,1
25340,4
25341,3
25342,3
25343,3
25344,3
25345,1
25346,4
25347,0
25348,1
25349,2
25350,0
25351,3
25352,0
25353,1
25354,2
25355,0
25356,1
25357,0
25358,3
25359,0
25360,4
25361,0
25362,4
25363,1
25364,0
25365,3
25366,3
25367,3
25368,3
25369,3
25370,0
25371,4
25372,3
25373,3
25374,3
25375,0
25376,0
25377,1
25378,0
25379,1
25380,0
25381,1
25382,3
25383,4
25384,4
25385,5
25386,1
25387,1
25388,0
25389,0
25390,1
25391,1
25392,1
25393,1
25394,2
25395,3
25396,3
25397,1
25398,0
25399,4
25400,0
25401,0
25402,3
25403,0
25404,4
25405,1
25406,3
25407,3
25408,1
25409,1
25410,3
25411,0
25412,4
25413,1
25414,3
25415,3
25416,2
25417,0
25418,3
25419,4
25420,4
25421,1
25422,0
25423,3
25424,1
25425,0
25426,2
25427,3
25428,0
25429,4
25430,1
25431,0
25432,2
25433,4
25434,1
25435,1
25436,0
25437,3
25438,1
25439,1
25440,3
25441,1
25442,0
25443,3
25444,0
25445,0
25446,3
25447,0
25448,0
25449,1
25450,3
25451,1
25452,1
25453,3
25454,2
25455,3
25456,0
25457,3
25458,0
25459,1
25460,4
25461,3
25462,4
25463,1
25464,3
25465,1
25466,0
25467,0
25468,4
25469,0
25470,1
25471,3
25472,0
25473,3
25474,1
25475,4
25476,0
25477,0
25478,3
25479,1
25480,2
25481,3
25482,1
25483,3
25484,0
25485,1
25486,3
25487,0
25488,4
25489,3
25490,0
25491,4
25492,3
25493,1
25494,0
25495,1
25496,1
25497,3
25498,3
25499,1
25500,4
25501,0
25502,1
25503,4
25504,2
25505,1
25506,0
25507,0
25508,1
25509,3
25510,1
25511,4
25512,0
25513,2
25514,3
25515,1
25516,1
25517,1
25518,1
25519,1
25520,4
25521,0
25522,3
25523,4
25524,1
25525,3
25526,1
25527,3
25528,3
25529,3
25530,3
25531,3
25532,1
25533,4
25534,3
25535,0
25536,0
25537,3
25538,1
25539,3
25540,1
25541,0
25542,3
25543,0
25544,3
25545,0
25546,4
25547,1
25548,3
25549,3
25550,1
25551,1
25552,0
25553,3
25554,3
25555,1
25556,3
25557,5
25558,3
25559,1
25560,3
25561,5
25562,1
25563,0
25564,1
25565,2
25566,3
25567,0
25568,1
25569,4
25570,1
25571,0
25572,3
25573,3
25574,0
25575,0
25576,4
25577,1
25578,1
25579,3
25580,3
25581,0
25582,0
25583,3
25584,0
25585,3
25586,0
25587,3
25588,5
25589,0
25590,1
25591,3
25592,4
25593,3
25594,3
25595,0
25596,0
25597,3
25598,0
25599,4
25600,0
25601,3
25602,2
25603,3
25604,3
25605,4
25606,0
25607,2
25608,0
25609,4
25610,1
25611,3
25612,4
25613,0
25614,1
25615,3
25616,0
25617,1
25618,4
25619,1
25620,3
25621,0
25622,1
25623,1
25624,0
25625,0
25626,1
25627,4
25628,1
25629,1
25630,0
25631,1
25632,1
25633,1
25634,3
25635,1
25636,3
25637,3
25638,3
25639,1
25640,0
25641,4
25642,1
25643,1
25644,3
25645,1
25646,3
25647,3
25648,3
25649,1
25650,2
25651,0
25652,3
25653,3
25654,3
25655,1
25656,1
25657,0
25658,0
25659,3
25660,3
25661,3
25662,0
25663,3
25664,2
25665,1
25666,3
25667,1
25668,0
25669,4
25670,1
25671,0
25672,0
25673,0
25674,2
25675,2
25676,3
25677,3
25678,4
25679,3
25680,1
25681,1
25682,5
25683,3
25684,1
25685,0
25686,4
25687,0
25688,0
25689,3
25690,1
25691,3
25692,0
25693,3
25694,0
25695,1
25696,3
25697,3
25698,3
25699,0
25700,4
25701,1
25702,0
25703,3
25704,0
25705,3
25706,1
25707,0
25708,3
25709,0
25710,3
25711,1
25712,4
25713,3
25714,0
25715,3
25716,1
25717,0
25718,3
25719,3
25720,0
25721,0
25722,1
25723,1
25724,1
25725,1
25726,0
25727,4
25728,1
25729,1
25730,2
25731,3
25732,0
25733,4
25734,1
25735,0
25736,0
25737,5
25738,1
25739,0
25740,3
25741,0
25742,0
25743,1
25744,0
25745,1
25746,1
25747,3
25748,0
25749,2
25750,0
25751,0
25752,0
25753,4
25754,0
25755,3
25756,0
25757,1
25758,4
25759,3
25760,0
25761,1
25762,3
25763,0
25764,2
25765,3
25766,1
25767,0
25768,3
25769,3
25770,4
25771,3
25772,3
25773,3
25774,0
25775,0
25776,0
25777,4
25778,1
25779,4
25780,1
25781,0
25782,0
25783,3
25784,0
25785,3
25786,3
25787,3
25788,0
25789,3
25790,2
25791,0
25792,3
25793,1
25794,3
25795,1
25796,3
25797,1
25798,3
25799,1
25800,4
25801,0
25802,4
25803,1
25804,0
25805,3
25806,3
25807,4
25808,2
25809,2
25810,0
25811,3
25812,1
25813,0
25814,0
25815,2
25816,3
25817,3
25818,3
25819,1
25820,1
25821,3
25822,3
25823,0
25824,0
25825,3
25826,4
25827,0
25828,0
25829,1
25830,1
25831,3
25832,1
25833,0
25834,1
25835,3
25836,1
25837,1
25838,2
25839,4
25840,0
25841,3
25842,1
25843,3
25844,3
25845,1
25846,3
25847,0
25848,1
25849,1
25850,0
25851,0
25852,0
25853,1
25854,3
25855,0
25856,0
25857,1
25858,3
25859,0
25860,1
25861,4
25862,3
25863,1
25864,0
25865,3
25866,1
25867,1
25868,1
25869,5
25870,3
25871,3
25872,1
25873,3
25874,3
25875,0
25876,5
25877,1
25878,1
25879,3
25880,0
25881,1
25882,3
25883,0
25884,0
25885,3
25886,0
25887,3
25888,3
25889,3
25890,1
25891,3
25892,3
25893,0
25894,0
25895,0
25896,3
25897,0
25898,3
25899,1
25900,3
25901,0
25902,3
25903,1
25904,3
25905,2
25906,3
25907,1
25908,3
25909,3
25910,3
25911,3
25912,0
25913,0
25914,5
25915,1
25916,0
25917,3
25918,1
25919,3
25920,1
25921,1
25922,0
25923,3
25924,0
25925,3
25926,0
25927,0
25928,0
25929,1
25930,0
25931,1
25932,1
25933,0
25934,2
25935,0
25936,0
25937,1
25938,0
25939,4
25940,3
25941,2
25942,0
25943,3
25944,5
25945,3
25946,4
25947,1
25948,1
25949,1
25950,0
25951,5
25952,4
25953,4
25954,3
25955,3
25956,0
25957,0
25958,0
25959,2
25960,1
25961,2
25962,1
25963,0
25964,0
25965,1
25966,0
25967,1
25968,1
25969,1
25970,0
25971,0
25972,1
25973,0
25974,3
25975,1
25976,2
25977,3
25978,0
25979,1
25980,3
25981,1
25982,3
25983,1
25984,1
25985,2
25986,3
25987,1
25988,3
25989,0
25990,1
25991,3
25992,2
25993,1
25994,0
25995,4
25996,1
25997,3
25998,2
25999,1
26000,3
26001,3
26002,1
26003,0
26004,3
26005,1
26006,1
26007,1
26008,3
26009,1
26010,3
26011,4
26012,3
26013,0
26014,1
26015,3
26016,0
26017,4
26018,1
26019,2
26020,0
26021,1
26022,1
26023,4
26024,1
26025,3
26026,0
26027,1
26028,0
26029,3
26030,0
26031,3
26032,1
26033,2
26034,3
26035,3
26036,1
26037,2
26038,5
26039,0
26040,3
26041,0
26042,0
26043,0
26044,1
26045,1
26046,1
26047,1
26048,1
26049,2
26050,4
26051,1
26052,3
26053,1
26054,0
26055,3
26056,3
26057,3
26058,0
26059,4
26060,0
26061,3
26062,3
26063,0
26064,3
26065,3
26066,1
26067,3
26068,0
26069,3
26070,0
26071,4
26072,3
26073,0
26074,0
26075,0
26076,0
26077,0
26078,1
26079,1
26080,1
26081,0
26082,4
26083,0
26084,1
26085,3
26086,0
26087,4
26088,1
26089,4
26090,3
26091,1
26092,3
26093,1
26094,3
26095,1
26096,3
26097,0
26098,3
26099,3
26100,3
26101,3
26102,3
26103,2
26104,1
26105,1
26106,0
26107,1
26108,1
26109,0
26110,3
26111,3
26112,0
26113,1
26114,1
26115,4
26116,1
26117,4
26118,3
26119,1
26120,3
26121,4
26122,0
26123,3
26124,0
26125,1
26126,3
26127,3
26128,1
26129,3
26130,0
26131,1
26132,1
26133,3
26134,4
26135,0
26136,3
26137,0
26138,1
26139,3
26140,1
26141,3
26142,1
26143,3
26144,0
26145,0
26146,3
26147,4
26148,1
26149,3
26150,0
26151,3
26152,4
26153,0
26154,1
26155,5
26156,4
26157,1
26158,3
26159,0
26160,4
26161,3
26162,3
26163,3
26164,3
26165,0
26166,1
26167,1
26168,3
26169,3
26170,0
26171,4
26172,2
26173,1
26174,0
26175,1
26176,3
26177,1
26178,1
26179,4
26180,4
26181,1
26182,1
26183,1
26184,1
26185,0
26186,0
26187,3
26188,0
26189,4
26190,0
26191,3
26192,3
26193,4
26194,0
26195,0
26196,1
26197,4
26198,0
26199,3
26200,3
26201,1
26202,3
26203,0
26204,3
26205,3
26206,1
26207,1
26208,0
26209,1
26210,2
26211,0
26212,0
26213,0
26214,1
26215,4
26216,0
26217,1
26218,3
26219,0
26220,0
26221,0
26222,1
26223,0
26224,3
26225,3
26226,0
26227,0
26228,1
26229,3
26230,1
26231,1
26232,3
26233,4
26234,0
26235,3
26236,4
26237,1
26238,3
26239,3
26240,3
26241,0
26242,2
26243,1
26244,3
26245,2
26246,3
26247,3
26248,3
26249,3
26250,0
26251,4
26252,1
26253,0
26254,3
26255,3
26256,1
26257,1
26258,3
26259,0
26260,3
26261,4
26262,0
26263,3
26264,1
26265,0
26266,0
26267,3
26268,3
26269,3
26270,3
26271,4
26272,1
26273,3
26274,1
26275,3
26276,3
26277,3
26278,0
26279,0
26280,1
26281,3
26282,0
26283,3
26284,3
26285,3
26286,3
26287,0
26288,3
26289,3
26290,5
26291,1
26292,0
26293,2
26294,3
26295,4
26296,4
26297,1
26298,3
26299,3
26300,3
26301,1
26302,1
26303,4
26304,0
26305,4
26306,3
26307,3
26308,0
26309,3
26310,3
26311,3
26312,0
26313,0
26314,4
26315,1
26316,4
26317,0
26318,1
26319,1
26320,4
26321,1
26322,3
26323,3
26324,3
26325,3
26326,0
26327,3
26328,3
26329,1
26330,4
26331,1
26332,3
26333,4
26334,3
26335,3
26336,3
26337,3
26338,4
26339,1
26340,1
26341,3
26342,3
26343,0
26344,3
26345,4
26346,3
26347,0
26348,1
26349,1
26350,3
26351,4
26352,1
26353,0
26354,3
26355,1
26356,0
26357,4
26358,3
26359,0
26360,3
26361,3
26362,0
26363,3
26364,3
26365,4
26366,1
26367,1
26368,3
26369,1
26370,4
26371,1
26372,1
26373,0
26374,2
26375,1
26376,3
26377,0
26378,3
26379,3
26380,1
26381,3
26382,3
26383,0
26384,0
26385,0
26386,3
26387,1
26388,4
26389,0
26390,0
26391,1
26392,4
26393,4
26394,0
26395,2
26396,1
26397,3
26398,3
26399,0
26400,1
26401,3
26402,1
26403,0
26404,3
26405,3
26406,0
26407,2
26408,0
26409,3
26410,3
26411,3
26412,2
26413,1
26414,3
26415,1
26416,1
26417,1
26418,1
26419,0
26420,0
26421,0
26422,4
26423,2
26424,1
26425,0
26426,0
26427,1
26428,0
26429,1
26430,1
26431,3
26432,1
26433,0
26434,2
26435,1
26436,1
26437,0
26438,3
26439,3
26440,1
26441,3
26442,1
26443,1
26444,0
26445,0
26446,3
26447,3
26448,1
26449,0
26450,2
26451,1
26452,0
26453,0
26454,1
26455,0
26456,1
26457,1
26458,0
26459,3
26460,3
26461,3
26462,3
26463,4
26464,1
26465,0
26466,4
26467,1
26468,3
26469,3
26470,3
26471,1
26472,4
26473,3
26474,1
26475,4
26476,3
26477,4
26478,3
26479,3
26480,2
26481,3
26482,3
26483,4
26484,1
26485,4
26486,1
26487,1
26488,0
26489,1
26490,1
26491,4
26492,0
26493,0
26494,1
26495,4
26496,1
26497,0
26498,1
26499,1
26500,0
26501,1
26502,1
26503,4
26504,1
26505,1
26506,1
26507,3
26508,1
26509,1
26510,3
26511,0
26512,3
26513,3
26514,1
26515,4
26516,4
26517,2
26518,4
26519,4
26520,5
26521,0
26522,0
26523,3
26524,1
26525,3
26526,1
26527,4
26528,1
26529,4
26530,3
26531,3
26532,3
26533,1
26534,3
26535,1
26536,1
26537,3
26538,3
26539,2
26540,1
26541,1
26542,0
26543,0
26544,0
26545,1
26546,1
26547,3
26548,0
26549,1
26550,0
26551,0
26552,1
26553,3
26554,1
26555,0
26556,1
26557,0
26558,0
26559,0
26560,1
26561,1
26562,1
26563,3
26564,3
26565,3
26566,1
26567,3
26568,3
26569,1
26570,0
26571,3
26572,3
26573,3
26574,1
26575,3
26576,1
26577,3
26578,1
26579,0
26580,4
26581,1
26582,1
26583,1
26584,3
26585,3
26586,2
26587,3
26588,1
26589,0
26590,2
26591,3
26592,0
26593,3
26594,0
26595,0
26596,4
26597,3
26598,4
26599,3
26600,4
26601,4
26602,4
26603,0
26604,3
26605,0
26606,3
26607,0
26608,3
26609,1
26610,3
26611,4
26612,3
26613,4
26614,0
26615,3
26616,1
26617,1
26618,0
26619,3
26620,4
26621,3
26622,3
26623,1
26624,0
26625,3
26626,1
26627,0
26628,0
26629,3
26630,1
26631,3
26632,1
26633,1
26634,0
26635,1
26636,1
26637,3
26638,0
26639,1
26640,2
26641,3
26642,3
26643,3
26644,1
26645,3
26646,3
26647,0
26648,0
26649,4
26650,3
26651,0
26652,4
26653,3
26654,3
26655,0
26656,4
26657,3
26658,0
26659,4
26660,3
26661,3
26662,3
26663,2
26664,4
26665,3
26666,0
26667,3
26668,0
26669,1
26670,0
26671,3
26672,4
26673,3
26674,0
26675,0
26676,3
26677,1
26678,4
26679,0
26680,0
26681,3
26682,0
26683,1
26684,0
26685,3
26686,0
26687,3
26688,2
26689,0
26690,1
26691,4
26692,1
26693,4
26694,1
26695,3
26696,0
26697,3
26698,1
26699,3
26700,0
26701,4
26702,1
26703,1
26704,0
26705,1
26706,1
26707,0
26708,0
26709,1
26710,3
26711,1
26712,1
26713,0
26714,3
26715,2
26716,1
26717,3
26718,1
26719,1
26720,3
26721,4
26722,1
26723,0
26724,4
26725,3
26726,3
26727,0
26728,0
26729,0
26730,1
26731,0
26732,0
26733,4
26734,4
26735,1
26736,2
26737,0
26738,4
26739,1
26740,3
26741,1
26742,2
26743,1
26744,0
26745,3
26746,3
26747,3
26748,1
26749,1
26750,3
26751,1
26752,4
26753,1
26754,0
26755,1
26756,1
26757,1
26758,1
26759,3
26760,0
26761,0
26762,1
26763,0
26764,3
26765,3
26766,1
26767,0
26768,3
26769,0
26770,1
26771,1
26772,3
26773,3
26774,4
26775,0
26776,3
26777,0
26778,0
26779,0
26780,3
26781,3
26782,0
26783,3
26784,3
26785,1
26786,0
26787,3
26788,3
26789,0
26790,1
26791,1
26792,3
26793,3
26794,3
26795,3
26796,0
26797,1
26798,0
26799,1
26800,3
26801,3
26802,0
26803,3
26804,4
26805,4
26806,1
26807,5
26808,3
26809,2
26810,0
26811,0
26812,1
26813,0
26814,1
26815,0
26816,0
26817,4
26818,0
26819,3
26820,1
26821,3
26822,3
26823,1
26824,0
26825,3
26826,3
26827,3
26828,0
26829,4
26830,4
26831,0
26832,3
26833,1
26834,3
26835,0
26836,4
26837,1
26838,5
26839,1
26840,1
26841,3
26842,3
26843,0
26844,3
26845,1
26846,3
26847,0
26848,4
26849,3
26850,3
26851,1
26852,3
26853,0
26854,4
26855,3
26856,3
26857,1
26858,3
26859,1
26860,0
26861,0
26862,0
26863,4
26864,0
26865,0
26866,0
26867,3
26868,4
26869,1
26870,1
26871,3
26872,0
26873,3
26874,3
26875,3
26876,3
26877,0
26878,3
26879,1
26880,2
26881,4
26882,4
26883,3
26884,3
26885,1
26886,0
26887,3
26888,0
26889,3
26890,1
26891,0
26892,4
26893,3
26894,1
26895,3
26896,0
26897,1
26898,0
26899,3
26900,1
26901,1
26902,1
26903,1
26904,1
26905,1
26906,3
26907,0
26908,0
26909,1
26910,1
26911,3
26912,3
26913,4
26914,3
26915,3
26916,3
26917,1
26918,1
26919,3
26920,0
26921,3
26922,1
26923,3
26924,1
26925,3
26926,3
26927,0
26928,1
26929,5
26930,3
26931,0
26932,3
26933,1
26934,5
26935,3
26936,4
26937,3
26938,1
26939,4
26940,3
26941,1
26942,0
26943,1
26944,3
26945,0
26946,3
26947,1
26948,3
26949,1
26950,3
26951,3
26952,0
26953,3
26954,3
26955,0
26956,0
26957,0
26958,3
26959,0
26960,3
26961,0
26962,0
26963,0
26964,0
26965,0
26966,3
26967,0
26968,4
26969,0
26970,0
26971,2
26972,3
26973,1
26974,0
26975,1
26976,0
26977,3
26978,0
26979,1
26980,3
26981,0
26982,1
26983,2
26984,1
26985,3
26986,3
26987,1
26988,3
26989,0
26990,2
26991,1
26992,0
26993,3
26994,3
26995,4
26996,1
26997,3
26998,3
26999,1
27000,1
27001,1
27002,4
27003,5
27004,4
27005,0
27006,0
27007,1
27008,0
27009,0
27010,1
27011,3
27012,2
27013,3
27014,3
27015,5
27016,3
27017,3
27018,4
27019,0
27020,0
27021,1
27022,3
27023,1
27024,3
27025,0
27026,4
27027,3
27028,3
27029,4
27030,3
27031,0
27032,3
27033,3
27034,3
27035,2
27036,3
27037,1
27038,0
27039,3
27040,3
27041,3
27042,1
27043,1
27044,1
27045,1
27046,1
27047,3
27048,0
27049,1
27050,1
27051,0
27052,3
27053,0
27054,0
27055,3
27056,3
27057,3
27058,3
27059,4
27060,0
27061,0
27062,5
27063,2
27064,1
27065,0
27066,3
27067,3
27068,4
27069,0
27070,0
27071,1
27072,3
27073,4
27074,4
27075,0
27076,3
27077,3
27078,0
27079,1
27080,1
27081,0
27082,4
27083,4
27084,1
27085,3
27086,0
27087,4
27088,0
27089,3
27090,0
27091,0
27092,0
27093,3
27094,3
27095,1
27096,0
27097,0
27098,0
27099,3
27100,0
27101,1
27102,0
27103,4
27104,4
27105,3
27106,3
27107,1
27108,0
27109,0
27110,5
27111,0
27112,2
27113,3
27114,1
27115,2
27116,3
27117,2
27118,1
27119,3
27120,0
27121,3
27122,0
27123,0
27124,0
27125,3
27126,1
27127,0
27128,0
27129,3
27130,3
27131,1
27132,1
27133,1
27134,0
27135,3
27136,1
27137,0
27138,1
27139,4
27140,0
27141,3
27142,0
27143,0
27144,1
27145,3
27146,3
27147,3
27148,1
27149,1
27150,1
27151,0
27152,3
27153,3
27154,3
27155,1
27156,3
27157,3
27158,1
27159,2
27160,3
27161,1
27162,1
27163,0
27164,0
27165,1
27166,3
27167,4
27168,3
27169,3
27170,1
27171,5
27172,3
27173,0
27174,1
27175,0
27176,0
27177,4
27178,3
27179,2
27180,1
27181,3
27182,1
27183,1
27184,3
27185,1
27186,3
27187,3
27188,0
27189,3
27190,0
27191,4
27192,3
27193,0
27194,3
27195,0
27196,4
27197,0
27198,0
27199,4
27200,0
27201,0
27202,3
27203,0
27204,1
27205,4
27206,1
27207,3
27208,3
27209,0
27210,0
27211,3
27212,0
27213,1
27214,0
27215,3
27216,1
27217,3
27218,1
27219,2
27220,3
27221,0
27222,1
27223,3
27224,3
27225,0
27226,4
27227,0
27228,0
27229,0
27230,0
27231,1
27232,3
27233,4
27234,3
27235,2
27236,0
27237,3
27238,1
27239,0
27240,0
27241,3
27242,0
27243,1
27244,1
27245,0
27246,1
27247,0
27248,3
27249,4
27250,3
27251,1
27252,4
27253,3
27254,0
27255,0
27256,2
27257,3
27258,3
27259,3
27260,1
27261,1
27262,4
27263,4
27264,3
27265,5
27266,0
27267,2
27268,4
27269,0
27270,0
27271,3
27272,0
27273,4
27274,3
27275,3
27276,4
27277,1
27278,3
27279,4
27280,3
27281,1
27282,0
27283,1
27284,4
27285,0
27286,1
27287,3
27288,0
27289,2
27290,1
27291,1
27292,4
27293,1
27294,1
27295,3
27296,0
27297,3
27298,3
27299,1
27300,3
27301,0
27302,0
27303,1
27304,3
27305,0
27306,0
27307,1
27308,1
27309,1
27310,1
27311,3
27312,0
27313,3
27314,3
27315,0
27316,0
27317,1
27318,1
27319,1
27320,3
27321,3
27322,3
27323,1
27324,0
27325,3
27326,0
27327,3
27328,3
27329,0
27330,4
27331,3
27332,3
27333,3
27334,0
27335,1
27336,3
27337,5
27338,0
27339,4
27340,3
27341,3
27342,3
27343,3
27344,1
27345,3
27346,0
27347,3
27348,0
27349,4
27350,3
27351,3
27352,0
27353,3
27354,1
27355,1
27356,0
27357,1
27358,3
27359,3
27360,3
27361,4
27362,3
27363,1
27364,4
27365,0
27366,4
27367,4
27368,0
27369,0
27370,4
27371,0
27372,1
27373,3
27374,4
27375,0
27376,1
27377,3
27378,0
27379,0
27380,1
27381,1
27382,3
27383,0
27384,3
27385,1
27386,0
27387,0
27388,1
27389,0
27390,4
27391,0
27392,3
27393,3
27394,3
27395,3
27396,4
27397,1
27398,3
27399,3
27400,1
27401,3
27402,3
27403,0
27404,5
27405,0
27406,0
27407,1
27408,0
27409,1
27410,4
27411,0
27412,3
27413,1
27414,3
27415,1
27416,0
27417,0
27418,2
27419,0
27420,1
27421,1
27422,0
27423,2
27424,1
27425,3
27426,0
27427,0
27428,3
27429,0
27430,3
27431,0
27432,3
27433,2
27434,0
27435,3
27436,1
27437,3
27438,1
27439,3
27440,0
27441,0
27442,0
27443,0
27444,5
27445,0
27446,4
27447,1
27448,4
27449,1
27450,3
27451,0
27452,4
27453,1
27454,3
27455,0
27456,1
27457,3
27458,1
27459,1
27460,1
27461,3
27462,3
27463,0
27464,1
27465,3
27466,3
27467,0
27468,4
27469,0
27470,1
27471,1
27472,3
27473,0
27474,0
27475,1
27476,0
27477,0
27478,0
27479,0
27480,1
27481,0
27482,0
27483,0
27484,0
27485,1
27486,0
27487,0
27488,3
27489,2
27490,0
27491,1
27492,1
27493,3
27494,1
27495,4
27496,3
27497,3
27498,2
27499,3
27500,3
27501,1
27502,4
27503,4
27504,1
27505,0
27506,3
27507,1
27508,1
27509,0
27510,3
27511,0
27512,1
27513,1
27514,1
27515,0
27516,0
27517,0
27518,0
27519,1
27520,0
27521,3
27522,3
27523,4
27524,4
27525,0
27526,3
27527,2
27528,4
27529,3
27530,3
27531,1
27532,1
27533,1
27534,0
27535,2
27536,4
27537,1
27538,5
27539,4
27540,1
27541,1
27542,1
27543,0
27544,4
27545,0
27546,3
27547,3
27548,3
27549,4
27550,3
27551,1
27552,0
27553,3
27554,5
27555,1
27556,0
27557,3
27558,1
27559,1
27560,3
27561,3
27562,1
27563,4
27564,1
27565,0
27566,0
27567,4
27568,1
27569,0
27570,1
27571,1
27572,0
27573,5
27574,2
27575,0
27576,0
27577,0
27578,0
27579,1
27580,1
27581,0
27582,4
27583,0
27584,3
27585,3
27586,3
27587,0
27588,1
27589,1
27590,1
27591,1
27592,0
27593,0
27594,0
27595,3
27596,3
27597,1
27598,1
27599,3
27600,0
27601,4
27602,0
27603,3
27604,0
27605,0
27606,4
27607,4
27608,3
27609,3
27610,3
27611,0
27612,0
27613,1
27614,0
27615,0
27616,0
27617,3
27618,0
27619,3
27620,3
27621,0
27622,1
27623,0
27624,3
27625,0
27626,3
27627,0
27628,2
27629,1
27630,0
27631,3
27632,4
27633,3
27634,1
27635,1
27636,1
27637,0
27638,3
27639,3
27640,3
27641,1
27642,3
27643,4
27644,3
27645,3
27646,1
27647,0
27648,3
27649,1
27650,0
27651,3
27652,1
27653,0
27654,3
27655,3
27656,2
27657,3
27658,3
27659,0
27660,1
27661,3
27662,3
27663,4
27664,1
27665,3
27666,3
27667,1
27668,1
27669,0
27670,3
27671,0
27672,0
27673,3
27674,1
27675,0
27676,2
27677,3
27678,3
27679,0
27680,4
27681,3
27682,0
27683,5
27684,4
27685,0
27686,4
27687,0
27688,1
27689,1
27690,3
27691,0
27692,3
27693,1
27694,3
27695,1
27696,1
27697,1
27698,2
27699,3
27700,4
27701,3
27702,0
27703,3
27704,1
27705,1
27706,0
27707,5
27708,3
27709,0
27710,1
27711,4
27712,3
27713,1
27714,1
27715,3
27716,0
27717,1
27718,1
27719,3
27720,0
27721,1
27722,1
27723,1
27724,0
27725,0
27726,0
27727,3
27728,4
27729,3
27730,3
27731,4
27732,3
27733,0
27734,3
27735,0
27736,4
27737,3
27738,4
27739,1
27740,0
27741,3
27742,2
27743,0
27744,2
27745,3
27746,3
27747,3
27748,1
27749,1
27750,1
27751,4
27752,0
27753,3
27754,1
27755,3
27756,0
27757,0
27758,1
27759,0
27760,3
27761,3
27762,1
27763,3
27764,1
27765,0
27766,4
27767,0
27768,0
27769,4
27770,1
27771,3
27772,3
27773,3
27774,0
27775,3
27776,0
27777,1
27778,3
27779,0
27780,0
27781,3
27782,0
27783,0
27784,1
27785,1
27786,1
27787,1
27788,1
27789,3
27790,3
27791,0
27792,4
27793,3
27794,1
27795,1
27796,3
27797,3
27798,4
27799,3
27800,3
27801,3
27802,0
27803,2
27804,3
27805,4
27806,0
27807,3
27808,4
27809,3
27810,3
27811,3
27812,0
27813,0
27814,1
27815,0
27816,3
27817,1
27818,2
27819,3
27820,3
27821,1
27822,3
27823,3
27824,1
27825,0
27826,5
27827,0
27828,1
27829,0
27830,4
27831,0
27832,3
27833,1
27834,1
27835,4
27836,3
27837,3
27838,3
27839,3
27840,2
27841,4
27842,1
27843,3
27844,0
27845,5
27846,3
27847,0
27848,1
27849,4
27850,3
27851,3
27852,3
27853,3
27854,4
27855,1
27856,3
27857,4
27858,3
27859,1
27860,3
27861,3
27862,0
27863,4
27864,3
27865,4
27866,3
27867,3
27868,1
27869,3
27870,1
27871,1
27872,0
27873,1
27874,3
27875,0
27876,4
27877,3
27878,0
27879,0
27880,1
27881,4
27882,0
27883,1
27884,1
27885,3
27886,5
27887,5
27888,1
27889,0
27890,1
27891,4
27892,0
27893,0
27894,3
27895,1
27896,3
27897,1
27898,3
27899,1
27900,0
27901,1
27902,3
27903,1
27904,1
27905,0
27906,4
27907,0
27908,0
27909,1
27910,1
27911,3
27912,0
27913,1
27914,0
27915,5
27916,4
27917,1
27918,3
27919,0
27920,1
27921,0
27922,3
27923,1
27924,4
27925,3
27926,1
27927,1
27928,1
27929,1
27930,4
27931,0
27932,1
27933,1
27934,3
27935,0
27936,3
27937,0
27938,3
27939,3
27940,0
27941,0
27942,0
27943,0
27944,3
27945,1
27946,5
27947,2
27948,3
27949,3
27950,3
27951,3
27952,0
27953,3
27954,1
27955,0
27956,1
27957,2
27958,0
27959,1
27960,3
27961,1
27962,0
27963,1
27964,0
27965,3
27966,3
27967,0
27968,3
27969,0
27970,1
27971,3
27972,0
27973,5
27974,0
27975,0
27976,5
27977,1
27978,1
27979,4
27980,1
27981,1
27982,0
27983,1
27984,4
27985,3
27986,3
27987,3
27988,1
27989,4
27990,3
27991,1
27992,0
27993,3
27994,4
27995,0
27996,4
27997,1
27998,4
27999,1
28000,3
28001,3
28002,0
28003,1
28004,3
28005,4
28006,4
28007,0
28008,0
28009,3
28010,1
28011,4
28012,0
28013,0
28014,0
28015,3
28016,2
28017,0
28018,3
28019,1
28020,3
28021,1
28022,0
28023,3
28024,1
28025,1
28026,1
28027,3
28028,3
28029,3
28030,3
28031,0
28032,1
28033,3
28034,0
28035,3
28036,3
28037,0
28038,0
28039,0
28040,1
28041,0
28042,3
28043,3
28044,3
28045,1
28046,3
28047,3
28048,1
28049,3
28050,1
28051,0
28052,3
28053,3
28054,5
28055,3
28056,4
28057,1
28058,3
28059,1
28060,0
28061,1
28062,3
28063,0
28064,0
28065,3
28066,3
28067,3
28068,1
28069,3
28070,2
28071,0
28072,0
28073,1
28074,3
28075,3
28076,3
28077,3
28078,5
28079,3
28080,1
28081,0
28082,4
28083,3
28084,3
28085,0
28086,0
28087,4
28088,0
28089,1
28090,0
28091,0
28092,3
28093,3
28094,0
28095,1
28096,1
28097,0
28098,1
28099,1
28100,3
28101,3
28102,1
28103,4
28104,3
28105,1
28106,0
28107,0
28108,0
28109,1
28110,3
28111,0
28112,2
28113,0
28114,3
28115,0
28116,4
28117,3
28118,0
28119,1
28120,1
28121,3
28122,3
28123,1
28124,3
28125,0
28126,3
28127,1
28128,3
28129,4
28130,3
28131,1
28132,1
28133,1
28134,0
28135,3
28136,1
28137,1
28138,3
28139,1
28140,3
28141,1
28142,0
28143,1
28144,1
28145,3
28146,3
28147,2
28148,2
28149,0
28150,3
28151,0
28152,3
28153,1
28154,4
28155,3
28156,0
28157,1
28158,1
28159,1
28160,3
28161,3
28162,3
28163,3
28164,3
28165,4
28166,0
28167,1
28168,1
28169,1
28170,0
28171,4
28172,4
28173,3
28174,0
28175,1
28176,4
28177,0
28178,4
28179,3
28180,1
28181,1
28182,3
28183,3
28184,1
28185,3
28186,0
28187,0
28188,3
28189,1
28190,3
28191,5
28192,0
28193,3
28194,0
28195,3
28196,0
28197,0
28198,1
28199,0
28200,0
28201,2
28202,1
28203,4
28204,4
28205,0
28206,4
28207,1
28208,1
28209,0
28210,0
28211,1
28212,3
28213,0
28214,0
28215,1
28216,0
28217,1
28218,1
28219,0
28220,1
28221,1
28222,1
28223,3
28224,1
28225,4
28226,0
28227,0
28228,4
28229,3
28230,3
28231,1
28232,0
28233,0
28234,3
28235,0
28236,4
28237,1
28238,1
28239,1
28240,3
28241,0
28242,1
28243,3
28244,2
28245,3
28246,4
28247,3
28248,3
28249,4
28250,3
28251,0
28252,1
28253,3
28254,1
28255,0
28256,3
28257,0
28258,1
28259,3
28260,3
28261,1
28262,3
28263,1
28264,0
28265,3
28266,3
28267,0
28268,1
28269,4
28270,2
28271,4
28272,3
28273,0
28274,0
28275,4
28276,0
28277,0
28278,0
28279,2
28280,0
28281,1
28282,0
28283,0
28284,0
28285,1
28286,3
28287,0
28288,1
28289,0
28290,0
28291,1
28292,3
28293,1
28294,4
28295,5
28296,0
28297,2
28298,0
28299,3
28300,3
28301,3
28302,3
28303,0
28304,1
28305,0
28306,2
28307,4
28308,0
28309,0
28310,1
28311,3
28312,3
28313,3
28314,3
28315,0
28316,3
28317,1
28318,4
28319,0
28320,1
28321,0
28322,1
28323,0
28324,1
28325,0
28326,3
28327,3
28328,1
28329,1
28330,1
28331,4
28332,1
28333,0
28334,3
28335,4
28336,3
28337,4
28338,3
28339,0
28340,4
28341,2
28342,3
28343,0
28344,4
28345,4
28346,3
28347,0
28348,1
28349,4
28350,4
28351,1
28352,3
28353,0
28354,0
28355,4
28356,0
28357,3
28358,2
28359,1
28360,3
28361,0
28362,0
28363,1
28364,0
28365,0
28366,0
28367,3
28368,4
28369,2
28370,3
28371,4
28372,3
28373,3
28374,1
28375,4
28376,2
28377,4
28378,3
28379,4
28380,0
28381,1
28382,4
28383,4
28384,1
28385,0
28386,0
28387,1
28388,0
28389,3
28390,3
28391,0
28392,3
28393,0
28394,1
28395,4
28396,0
28397,1
28398,3
28399,3
28400,0
28401,3
28402,4
28403,3
28404,0
28405,3
28406,4
28407,3
28408,3
28409,2
28410,3
28411,0
28412,1
28413,4
28414,3
28415,3
28416,3
28417,1
28418,0
28419,1
28420,0
28421,0
28422,0
28423,4
28424,0
28425,3
28426,1
28427,1
28428,1
28429,0
28430,3
28431,4
28432,0
28433,4
28434,0
28435,1
28436,0
28437,1
28438,0
28439,1
28440,0
28441,0
28442,3
28443,0
28444,4
28445,1
28446,2
28447,0
28448,0
28449,0
28450,4
28451,4
28452,3
28453,3
28454,3
28455,4
28456,0
28457,5
28458,4
28459,3
28460,0
28461,4
28462,1
28463,1
28464,0
28465,0
28466,0
28467,5
28468,1
28469,1
28470,3
28471,3
28472,0
28473,1
28474,1
28475,0
28476,0
28477,3
28478,3
28479,1
28480,5
28481,3
28482,3
28483,3
28484,0
28485,3
28486,1
28487,1
28488,4
28489,1
28490,4
28491,0
28492,0
28493,3
28494,0
28495,3
28496,0
28497,4
28498,3
28499,0
28500,1
28501,1
28502,1
28503,4
28504,3
28505,1
28506,3
28507,1
28508,0
28509,3
28510,1
28511,4
28512,4
28513,3
28514,0
28515,0
28516,3
28517,4
28518,0
28519,0
28520,3
28521,3
28522,3
28523,1
28524,0
28525,1
28526,3
28527,5
28528,0
28529,3
28530,1
28531,5
28532,1
28533,3
28534,0
28535,3
28536,3
28537,0
28538,5
28539,3
28540,0
28541,1
28542,2
28543,3
28544,0
28545,2
28546,2
28547,4
28548,3
28549,3
28550,1
28551,0
28552,0
28553,3
28554,2
28555,1
28556,3
28557,3
28558,0
28559,0
28560,4
28561,1
28562,1
28563,4
28564,1
28565,4
28566,1
28567,1
28568,1
28569,1
28570,1
28571,1
28572,1
28573,1
28574,3
28575,1
28576,1
28577,0
28578,3
28579,1
28580,0
28581,3
28582,1
28583,0
28584,3
28585,1
28586,3
28587,0
28588,3
28589,0
28590,4
28591,3
28592,0
28593,0
28594,0
28595,1
28596,5
28597,1
28598,2
28599,3
28600,3
28601,3
28602,1
28603,4
28604,3
28605,0
28606,3
28607,3
28608,0
28609,1
28610,0
28611,3
28612,0
28613,1
28614,1
28615,0
28616,3
28617,3
28618,1
28619,3
28620,3
28621,1
28622,3
28623,3
28624,4
28625,0
28626,0
28627,1
28628,1
28629,1
28630,0
28631,0
28632,0
28633,1
28634,0
28635,1
28636,3
28637,1
28638,3
28639,1
28640,0
28641,0
28642,0
28643,3
28644,1
28645,1
28646,0
28647,2
28648,0
28649,3
28650,0
28651,4
28652,3
28653,3
28654,3
28655,0
28656,0
28657,0
28658,1
28659,2
28660,3
28661,3
28662,1
28663,1
28664,3
28665,0
28666,3
28667,4
28668,0
28669,4
28670,1
28671,4
28672,5
28673,3
28674,3
28675,3
28676,1
28677,0
28678,0
28679,0
28680,1
28681,1
28682,3
28683,4
28684,1
28685,3
28686,1
28687,1
28688,1
28689,1
28690,1
28691,0
28692,0
28693,3
28694,1
28695,3
28696,1
28697,4
28698,0
28699,2
28700,3
28701,1
28702,1
28703,4
28704,5
28705,3
28706,1
28707,3
28708,4
28709,2
28710,0
28711,3
28712,1
28713,0
28714,0
28715,0
28716,0
28717,3
28718,4
28719,0
28720,0
28721,0
28722,3
28723,1
28724,0
28725,4
28726,4
28727,1
28728,4
28729,0
28730,1
28731,3
28732,3
28733,3
28734,3
28735,1
28736,3
28737,0
28738,1
28739,1
28740,4
28741,3
28742,4
28743,1
28744,1
28745,1
28746,3
28747,1
28748,0
28749,3
28750,0
28751,1
28752,0
28753,1
28754,3
28755,3
28756,1
28757,3
28758,3
28759,3
28760,1
28761,0
28762,0
28763,4
28764,0
28765,1
28766,0
28767,3
28768,1
28769,1
28770,3
28771,4
28772,3
28773,3
28774,3
28775,1
28776,3
28777,1
28778,3
28779,3
28780,1
28781,0
28782,2
28783,3
28784,3
28785,1
28786,3
28787,2
28788,1
28789,1
28790,3
28791,3
28792,3
28793,0
28794,1
28795,0
28796,3
28797,4
28798,3
28799,1
28800,0
28801,1
28802,3
28803,3
28804,4
28805,0
28806,3
28807,3
28808,1
28809,3
28810,3
28811,1
28812,3
28813,0
28814,1
28815,0
28816,1
28817,1
28818,3
28819,0
28820,4
28821,0
28822,3
28823,0
28824,0
28825,3
28826,3
28827,3
28828,3
28829,4
28830,1
28831,0
28832,4
28833,0
28834,4
28835,0
28836,0
28837,0
28838,1
28839,4
28840,0
28841,0
28842,1
28843,0
28844,3
28845,4
28846,4
28847,3
28848,3
28849,1
28850,2
28851,0
28852,1
28853,3
28854,3
28855,3
28856,0
28857,1
28858,3
28859,3
28860,0
28861,1
28862,3
28863,0
28864,1
28865,1
28866,2
28867,0
28868,1
28869,1
28870,4
28871,0
28872,0
28873,1
28874,5
28875,1
28876,3
28877,1
28878,3
28879,3
28880,4
28881,2
28882,1
28883,0
28884,0
28885,1
28886,3
28887,0
28888,4
28889,4
28890,3
28891,1
28892,3
28893,0
28894,3
28895,1
28896,1
28897,1
28898,1
28899,0
28900,3
28901,3
28902,3
28903,3
28904,1
28905,0
28906,4
28907,0
28908,4
28909,5
28910,4
28911,1
28912,1
28913,3
28914,1
28915,1
28916,3
28917,5
28918,3
28919,1
28920,4
28921,1
28922,0
28923,2
28924,4
28925,0
28926,1
28927,4
28928,3
28929,0
28930,0
28931,3
28932,3
28933,1
28934,1
28935,1
28936,3
28937,3
28938,3
28939,3
28940,3
28941,3
28942,3
28943,1
28944,1
28945,3
28946,0
28947,1
28948,1
28949,0
28950,4
28951,2
28952,1
28953,0
28954,4
28955,1
28956,3
28957,3
28958,3
28959,0
28960,1
28961,1
28962,0
28963,2
28964,3
28965,1
28966,3
28967,1
28968,3
28969,2
28970,3
28971,1
28972,1
28973,1
28974,3
28975,3
28976,0
28977,4
28978,0
28979,3
28980,3
28981,1
28982,1
28983,0
28984,4
28985,1
28986,1
28987,0
28988,1
28989,1
28990,3
28991,0
28992,3
28993,3
28994,3
28995,3
28996,3
28997,3
28998,0
28999,3
29000,0
29001,1
29002,1
29003,1
29004,1
29005,1
29006,3
29007,1
29008,4
29009,0
29010,3
29011,0
29012,4
29013,0
29014,0
29015,1
29016,3
29017,0
29018,1
29019,0
29020,0
29021,1
29022,3
29023,5
29024,3
29025,1
29026,4
29027,0
29028,0
29029,3
29030,3
29031,3
29032,3
29033,0
29034,3
29035,0
29036,3
29037,1
29038,0
29039,3
29040,0
29041,3
29042,1
29043,1
29044,0
29045,0
29046,3
29047,0
29048,3
29049,3
29050,1
29051,1
29052,4
29053,0
29054,0
29055,3
29056,3
29057,3
29058,1
29059,1
29060,3
29061,0
29062,3
29063,4
29064,1
29065,1
29066,0
29067,3
29068,0
29069,3
29070,3
29071,3
29072,0
29073,0
29074,3
29075,1
29076,3
29077,3
29078,4
29079,5
29080,0
29081,0
29082,4
29083,3
29084,0
29085,0
29086,1
29087,3
29088,0
29089,0
29090,3
29091,3
29092,3
29093,1
29094,4
29095,1
29096,0
29097,1
29098,0
29099,3
29100,0
29101,3
29102,1
29103,2
29104,3
29105,0
29106,2
29107,0
29108,3
29109,1
29110,3
29111,4
29112,1
29113,0
29114,1
29115,0
29116,1
29117,1
29118,1
29119,0
29120,3
29121,3
29122,3
29123,0
29124,3
29125,2
29126,0
29127,0
29128,0
29129,0
29130,2
29131,3
29132,5
29133,3
29134,0
29135,0
29136,3
29137,1
29138,0
29139,3
29140,0
29141,1
29142,3
29143,4
29144,4
29145,1
29146,0
29147,0
29148,3
29149,3
29150,3
29151,3
29152,3
29153,3
29154,3
29155,4
29156,1
29157,1
29158,4
29159,4
29160,0
29161,3
29162,3
29163,4
29164,1
29165,0
29166,0
29167,0
29168,3
29169,3
29170,0
29171,0
29172,3
29173,3
29174,0
29175,1
29176,1
29177,1
29178,1
29179,1
29180,0
29181,4
29182,1
29183,4
29184,0
29185,0
29186,3
29187,0
29188,3
29189,4
29190,4
29191,1
29192,0
29193,1
29194,4
29195,3
29196,1
29197,1
29198,1
29199,1
29200,0
29201,4
29202,4
29203,3
29204,3
29205,3
29206,1
29207,1
29208,1
29209,1
29210,0
29211,4
29212,3
29213,2
29214,0
29215,2
29216,0
29217,1
29218,0
29219,2
29220,3
29221,4
29222,3
29223,2
29224,1
29225,0
29226,0
29227,3
29228,3
29229,3
29230,3
29231,5
29232,4
29233,0
29234,0
29235,2
29236,1
29237,4
29238,1
29239,1
29240,4
29241,3
29242,0
29243,0
29244,1
29245,0
29246,1
29247,0
29248,3
29249,0
29250,3
29251,2
29252,1
29253,2
29254,3
29255,3
29256,3
29257,0
29258,0
29259,1
29260,0
29261,0
29262,3
29263,3
29264,0
29265,3
29266,3
29267,0
29268,0
29269,3
29270,0
29271,1
29272,3
29273,1
29274,1
29275,3
29276,1
29277,3
29278,0
29279,0
29280,0
29281,1
29282,1
29283,1
29284,0
29285,4
29286,0
29287,0
29288,0
29289,1
29290,2
29291,0
29292,4
29293,1
29294,1
29295,1
29296,0
29297,3
29298,0
29299,2
29300,4
29301,3
29302,1
29303,3
29304,1
29305,0
29306,0
29307,0
29308,2
29309,0
29310,4
29311,4
29312,3
29313,1
29314,4
29315,1
29316,3
29317,1
29318,1
29319,1
29320,1
29321,3
29322,1
29323,3
29324,1
29325,0
29326,3
29327,0
29328,0
29329,0
29330,1
29331,0
29332,3
29333,0
29334,3
29335,3
29336,2
29337,4
29338,4
29339,3
29340,4
29341,3
29342,3
29343,4
29344,0
29345,1
29346,0
29347,1
29348,3
29349,1
29350,1
29351,0
29352,1
29353,1
29354,3
29355,0
29356,4
29357,3
29358,1
29359,3
29360,3
29361,1
29362,0
29363,5
29364,1
29365,3
29366,1
29367,3
29368,3
29369,0
29370,3
29371,0
29372,1
29373,3
29374,3
29375,4
29376,0
29377,4
29378,3
29379,3
29380,1
29381,0
29382,0
29383,4
29384,1
29385,4
29386,0
29387,0
29388,3
29389,1
29390,3
29391,0
29392,0
29393,3
29394,0
29395,0
29396,1
29397,1
29398,0
29399,4
29400,3
29401,3
29402,0
29403,1
29404,3
29405,4
29406,1
29407,0
29408,3
29409,4
29410,5
29411,1
29412,0
29413,0
29414,1
29415,0
29416,1
29417,4
29418,2
29419,1
29420,4
29421,1
29422,1
29423,4
29424,0
29425,1
29426,4
29427,0
29428,0
29429,0
29430,1
29431,1
29432,4
29433,0
29434,4
29435,4
29436,1
29437,1
29438,1
29439,4
29440,1
29441,1
29442,3
29443,1
29444,3
29445,4
29446,3
29447,4
29448,0
29449,0
29450,1
29451,3
29452,3
29453,0
29454,4
29455,3
29456,3
29457,3
29458,0
29459,0
29460,1
29461,1
29462,1
29463,3
29464,1
29465,1
29466,5
29467,0
29468,1
29469,0
29470,1
29471,3
29472,3
29473,0
29474,3
29475,1
29476,1
29477,2
29478,2
29479,0
29480,3
29481,1
29482,2
29483,3
29484,2
29485,1
29486,1
29487,0
29488,1
29489,1
29490,3
29491,3
29492,1
29493,3
29494,1
29495,4
29496,1
29497,1
29498,1
29499,3
29500,0
29501,0
29502,1
29503,3
29504,1
29505,0
29506,1
29507,0
29508,3
29509,1
29510,3
29511,3
29512,0
29513,0
29514,0
29515,3
29516,0
29517,4
29518,3
29519,0
29520,0
29521,3
29522,0
29523,2
29524,0
29525,3
29526,1
29527,1
29528,3
29529,0
29530,3
29531,4
29532,1
29533,3
29534,1
29535,1
29536,0
29537,1
29538,1
29539,3
29540,3
29541,0
29542,4
29543,1
29544,1
29545,3
29546,4
29547,3
29548,1
29549,0
29550,3
29551,3
29552,0
29553,1
29554,1
29555,3
29556,3
29557,3
29558,0
29559,1
29560,1
29561,1
29562,2
29563,4
29564,0
29565,4
29566,3
29567,3
29568,0
29569,0
29570,0
29571,3
29572,1
29573,3
29574,3
29575,0
29576,3
29577,0
29578,0
29579,1
29580,1
29581,0
29582,3
29583,1
29584,0
29585,0
29586,0
29587,1
29588,1
29589,1
29590,3
29591,4
29592,3
29593,3
29594,3
29595,3
29596,3
29597,0
29598,3
29599,3
29600,1
29601,0
29602,1
29603,4
29604,2
29605,0
29606,1
29607,1
29608,3
29609,3
29610,0
29611,0
29612,1
29613,3
29614,4
29615,3
29616,1
29617,3
29618,0
29619,0
29620,1
29621,4
29622,0
29623,3
29624,1
29625,3
29626,3
29627,4
29628,1
29629,3
29630,0
29631,1
29632,3
29633,1
29634,3
29635,3
29636,3
29637,3
29638,3
29639,0
29640,1
29641,1
29642,1
29643,3
29644,1
29645,1
29646,0
29647,3
29648,2
29649,5
29650,4
29651,5
29652,0
29653,0
29654,5
29655,0
29656,0
29657,3
29658,3
29659,0
29660,0
29661,3
29662,0
29663,4
29664,1
29665,3
29666,0
29667,0
29668,0
29669,3
29670,1
29671,3
29672,1
29673,1
29674,3
29675,3
29676,3
29677,1
29678,3
29679,3
29680,0
29681,0
29682,0
29683,1
29684,1
29685,3
29686,0
29687,0
29688,0
29689,2
29690,0
29691,0
29692,0
29693,0
29694,4
29695,3
29696,1
29697,0
29698,0
29699,1
29700,0
29701,1
29702,4
29703,4
29704,0
29705,0
29706,0
29707,3
29708,3
29709,2
29710,1
29711,1
29712,1
29713,2
29714,3
29715,0
29716,3
29717,1
29718,4
29719,3
29720,0
29721,0
29722,1
29723,3
29724,0
29725,3
29726,0
29727,3
29728,3
29729,0
29730,0
29731,1
29732,1
29733,3
29734,1
29735,3
29736,1
29737,5
29738,0
29739,1
29740,0
29741,0
29742,3
29743,1
29744,3
29745,4
29746,3
29747,4
29748,1
29749,3
29750,2
29751,0
29752,1
29753,1
29754,1
29755,3
29756,3
29757,4
29758,1
29759,0
29760,3
29761,0
29762,0
29763,2
29764,0
29765,0
29766,0
29767,3
29768,1
29769,0
29770,1
29771,0
29772,0
29773,3
29774,3
29775,1
29776,0
29777,0
29778,3
29779,2
29780,1
29781,1
29782,3
29783,0
29784,1
29785,1
29786,1
29787,4
29788,4
29789,3
29790,1
29791,3
29792,0
29793,1
29794,1
29795,4
29796,0
29797,1
29798,3
29799,3
29800,4
29801,1
29802,0
29803,0
29804,1
29805,0
29806,1
29807,1
29808,1
29809,1
29810,1
29811,3
29812,0
29813,3
29814,3
29815,3
29816,0
29817,3
29818,3
29819,1
29820,1
29821,3
29822,0
29823,0
29824,4
29825,1
29826,3
29827,3
29828,1
29829,1
29830,1
29831,3
29832,0
29833,3
29834,5
29835,1
29836,0
29837,1
29838,0
29839,0
29840,1
29841,1
29842,3
29843,3
29844,3
29845,3
29846,2
29847,1
29848,0
29849,5
29850,4
29851,0
29852,0
29853,2
29854,3
29855,0
29856,4
29857,4
29858,1
29859,3
29860,1
29861,4
29862,1
29863,4
29864,3
29865,3
29866,4
29867,0
29868,3
29869,3
29870,3
29871,1
29872,3
29873,0
29874,2
29875,3
29876,4
29877,3
29878,0
29879,1
29880,4
29881,0
29882,3
29883,1
29884,3
29885,3
29886,3
29887,1
29888,3
29889,3
29890,2
29891,1
29892,1
29893,3
29894,3
29895,1
29896,4
29897,4
29898,0
29899,2
29900,4
29901,1
29902,3
29903,1
29904,1
29905,3
29906,3
29907,4
29908,0
29909,0
29910,3
29911,1
29912,1
29913,1
29914,2
29915,1
29916,3
29917,4
29918,3
29919,3
29920,3
29921,3
29922,1
29923,4
29924,0
29925,4
29926,1
29927,0
29928,3
29929,3
29930,3
29931,3
29932,3
29933,0
29934,1
29935,3
29936,3
29937,1
29938,0
29939,0
29940,0
29941,2
29942,0
29943,1
29944,1
29945,3
29946,4
29947,1
29948,3
29949,4
29950,3
29951,3
29952,0
29953,0
29954,1
29955,4
29956,0
29957,0
29958,0
29959,1
29960,1
29961,1
29962,3
29963,1
29964,5
29965,3
29966,0
29967,3
29968,3
29969,1
29970,3
29971,3
29972,1
29973,1
29974,3
29975,3
29976,1
29977,1
29978,4
29979,1
29980,3
29981,0
29982,3
29983,4
29984,4
29985,1
29986,0
29987,3
29988,3
29989,4
29990,0
29991,4
29992,5
29993,3
29994,3
29995,0
29996,0
29997,0
29998,1
29999,3
